id;child_id;prediction_at;window_end_at;horizon_hours;risk_score;risk_level;confidence_score;confidence_level;data_completeness;model_version;explanation;created_at
RPR-00001;CH-001;2026-05-05T20:00:00-04:00;2026-05-06T20:00:00-04:00;24;0.41;MEDIUM;0.639;MEDIUM;0.775;synthetic-rule-demo-v1;Score sintético ilustrativo derivado de sueño, despertar, regulación, rutina, GI, eventos excepcionales e historial.;2026-05-05T20:00:00-04:00
RPR-00002;CH-001;2026-05-06T20:00:00-04:00;2026-05-07T20:00:00-04:00;24;0.33;LOW;0.15;LOW;0.125;synthetic-rule-demo-v1;Score sintético ilustrativo derivado de sueño, despertar, regulación, rutina, GI, eventos excepcionales e historial.;2026-05-06T20:00:00-04:00
RPR-00003;CH-001;2026-05-07T20:00:00-04:00;2026-05-08T20:00:00-04:00;24;0.475;MEDIUM;0.688;MEDIUM;0.8;synthetic-rule-demo-v1;Score sintético ilustrativo derivado de sueño, despertar, regulación, rutina, GI, eventos excepcionales e historial.;2026-05-07T20:00:00-04:00
RPR-00004;CH-001;2026-05-08T20:00:00-04:00;2026-05-09T20:00:00-04:00;24;0.35;MEDIUM;0.738;MEDIUM;0.825;synthetic-rule-demo-v1;Score sintético ilustrativo derivado de sueño, despertar, regulación, rutina, GI, eventos excepcionales e historial.;2026-05-08T20:00:00-04:00
RPR-00005;CH-001;2026-05-09T20:00:00-04:00;2026-05-10T20:00:00-04:00;24;0.49;MEDIUM;0.79;HIGH;0.85;synthetic-rule-demo-v1;Score sintético ilustrativo derivado de sueño, despertar, regulación, rutina, GI, eventos excepcionales e historial.;2026-05-09T20:00:00-04:00
RPR-00006;CH-001;2026-05-10T20:00:00-04:00;2026-05-11T20:00:00-04:00;24;0.49;MEDIUM;0.844;HIGH;0.875;synthetic-rule-demo-v1;Score sintético ilustrativo derivado de sueño, despertar, regulación, rutina, GI, eventos excepcionales e historial.;2026-05-10T20:00:00-04:00
RPR-00007;CH-001;2026-05-11T20:00:00-04:00;2026-05-12T20:00:00-04:00;24;0.475;MEDIUM;0.9;HIGH;0.9;synthetic-rule-demo-v1;Score sintético ilustrativo derivado de sueño, despertar, regulación, rutina, GI, eventos excepcionales e historial.;2026-05-11T20:00:00-04:00
RPR-00008;CH-001;2026-05-12T20:00:00-04:00;2026-05-13T20:00:00-04:00;24;0.335;LOW;0.925;HIGH;0.925;synthetic-rule-demo-v1;Score sintético ilustrativo derivado de sueño, despertar, regulación, rutina, GI, eventos excepcionales e historial.;2026-05-12T20:00:00-04:00
RPR-00009;CH-001;2026-05-13T20:00:00-04:00;2026-05-14T20:00:00-04:00;24;0.2;LOW;0.95;HIGH;0.95;synthetic-rule-demo-v1;Score sintético ilustrativo derivado de sueño, despertar, regulación, rutina, GI, eventos excepcionales e historial.;2026-05-13T20:00:00-04:00
RPR-00010;CH-001;2026-05-14T20:00:00-04:00;2026-05-15T20:00:00-04:00;24;0.06;LOW;0.975;HIGH;0.975;synthetic-rule-demo-v1;Score sintético ilustrativo derivado de sueño, despertar, regulación, rutina, GI, eventos excepcionales e historial.;2026-05-14T20:00:00-04:00
RPR-00011;CH-001;2026-05-15T20:00:00-04:00;2026-05-16T20:00:00-04:00;24;0.06;LOW;0.975;HIGH;0.975;synthetic-rule-demo-v1;Score sintético ilustrativo derivado de sueño, despertar, regulación, rutina, GI, eventos excepcionales e historial.;2026-05-15T20:00:00-04:00
RPR-00012;CH-001;2026-05-16T20:00:00-04:00;2026-05-17T20:00:00-04:00;24;0.315;LOW;0.975;HIGH;0.975;synthetic-rule-demo-v1;Score sintético ilustrativo derivado de sueño, despertar, regulación, rutina, GI, eventos excepcionales e historial.;2026-05-16T20:00:00-04:00
RPR-00013;CH-001;2026-05-17T20:00:00-04:00;2026-05-18T20:00:00-04:00;24;0.53;MEDIUM;0.975;HIGH;0.975;synthetic-rule-demo-v1;Score sintético ilustrativo derivado de sueño, despertar, regulación, rutina, GI, eventos excepcionales e historial.;2026-05-17T20:00:00-04:00
RPR-00014;CH-001;2026-05-18T20:00:00-04:00;2026-05-19T20:00:00-04:00;24;0.705;HIGH;0.975;HIGH;0.975;synthetic-rule-demo-v1;Score sintético ilustrativo derivado de sueño, despertar, regulación, rutina, GI, eventos excepcionales e historial.;2026-05-18T20:00:00-04:00
RPR-00015;CH-001;2026-05-19T20:00:00-04:00;2026-05-20T20:00:00-04:00;24;0.94;HIGH;0.975;HIGH;0.975;synthetic-rule-demo-v1;Score sintético ilustrativo derivado de sueño, despertar, regulación, rutina, GI, eventos excepcionales e historial.;2026-05-19T20:00:00-04:00
RPR-00016;CH-001;2026-05-20T20:00:00-04:00;2026-05-21T20:00:00-04:00;24;0.755;HIGH;0.98;HIGH;1.0;synthetic-rule-demo-v1;Score sintético ilustrativo derivado de sueño, despertar, regulación, rutina, GI, eventos excepcionales e historial.;2026-05-20T20:00:00-04:00
RPR-00017;CH-001;2026-05-21T20:00:00-04:00;2026-05-22T20:00:00-04:00;24;0.94;HIGH;0.98;HIGH;1.0;synthetic-rule-demo-v1;Score sintético ilustrativo derivado de sueño, despertar, regulación, rutina, GI, eventos excepcionales e historial.;2026-05-21T20:00:00-04:00
RPR-00018;CH-001;2026-05-22T20:00:00-04:00;2026-05-23T20:00:00-04:00;24;0.76;HIGH;0.98;HIGH;1.0;synthetic-rule-demo-v1;Score sintético ilustrativo derivado de sueño, despertar, regulación, rutina, GI, eventos excepcionales e historial.;2026-05-22T20:00:00-04:00
RPR-00019;CH-001;2026-05-23T20:00:00-04:00;2026-05-24T20:00:00-04:00;24;0.695;HIGH;0.98;HIGH;1.0;synthetic-rule-demo-v1;Score sintético ilustrativo derivado de sueño, despertar, regulación, rutina, GI, eventos excepcionales e historial.;2026-05-23T20:00:00-04:00
RPR-00020;CH-001;2026-05-24T20:00:00-04:00;2026-05-25T20:00:00-04:00;24;0.25;LOW;0.98;HIGH;1.0;synthetic-rule-demo-v1;Score sintético ilustrativo derivado de sueño, despertar, regulación, rutina, GI, eventos excepcionales e historial.;2026-05-24T20:00:00-04:00
RPR-00021;CH-001;2026-05-25T20:00:00-04:00;2026-05-26T20:00:00-04:00;24;0.19;LOW;0.98;HIGH;1.0;synthetic-rule-demo-v1;Score sintético ilustrativo derivado de sueño, despertar, regulación, rutina, GI, eventos excepcionales e historial.;2026-05-25T20:00:00-04:00
RPR-00022;CH-001;2026-05-26T20:00:00-04:00;2026-05-27T20:00:00-04:00;24;0.155;LOW;0.98;HIGH;1.0;synthetic-rule-demo-v1;Score sintético ilustrativo derivado de sueño, despertar, regulación, rutina, GI, eventos excepcionales e historial.;2026-05-26T20:00:00-04:00
RPR-00023;CH-001;2026-05-27T20:00:00-04:00;2026-05-28T20:00:00-04:00;24;0.06;LOW;0.98;HIGH;1.0;synthetic-rule-demo-v1;Score sintético ilustrativo derivado de sueño, despertar, regulación, rutina, GI, eventos excepcionales e historial.;2026-05-27T20:00:00-04:00
RPR-00024;CH-001;2026-05-28T20:00:00-04:00;2026-05-29T20:00:00-04:00;24;0.24;LOW;0.98;HIGH;1.0;synthetic-rule-demo-v1;Score sintético ilustrativo derivado de sueño, despertar, regulación, rutina, GI, eventos excepcionales e historial.;2026-05-28T20:00:00-04:00
RPR-00025;CH-001;2026-05-29T20:00:00-04:00;2026-05-30T20:00:00-04:00;24;0.3;LOW;0.98;HIGH;1.0;synthetic-rule-demo-v1;Score sintético ilustrativo derivado de sueño, despertar, regulación, rutina, GI, eventos excepcionales e historial.;2026-05-29T20:00:00-04:00
RPR-00026;CH-001;2026-05-30T20:00:00-04:00;2026-05-31T20:00:00-04:00;24;0.26;LOW;0.98;HIGH;1.0;synthetic-rule-demo-v1;Score sintético ilustrativo derivado de sueño, despertar, regulación, rutina, GI, eventos excepcionales e historial.;2026-05-30T20:00:00-04:00
RPR-00027;CH-001;2026-05-31T20:00:00-04:00;2026-06-01T20:00:00-04:00;24;0.415;MEDIUM;0.98;HIGH;1.0;synthetic-rule-demo-v1;Score sintético ilustrativo derivado de sueño, despertar, regulación, rutina, GI, eventos excepcionales e historial.;2026-05-31T20:00:00-04:00
RPR-00028;CH-001;2026-06-01T20:00:00-04:00;2026-06-02T20:00:00-04:00;24;0.335;LOW;0.98;HIGH;1.0;synthetic-rule-demo-v1;Score sintético ilustrativo derivado de sueño, despertar, regulación, rutina, GI, eventos excepcionales e historial.;2026-06-01T20:00:00-04:00
RPR-00029;CH-001;2026-06-02T20:00:00-04:00;2026-06-03T20:00:00-04:00;24;0.335;LOW;0.98;HIGH;1.0;synthetic-rule-demo-v1;Score sintético ilustrativo derivado de sueño, despertar, regulación, rutina, GI, eventos excepcionales e historial.;2026-06-02T20:00:00-04:00
RPR-00030;CH-001;2026-06-03T20:00:00-04:00;2026-06-04T20:00:00-04:00;24;0.27;LOW;0.98;HIGH;1.0;synthetic-rule-demo-v1;Score sintético ilustrativo derivado de sueño, despertar, regulación, rutina, GI, eventos excepcionales e historial.;2026-06-03T20:00:00-04:00
RPR-00031;CH-001;2026-06-04T20:00:00-04:00;2026-06-05T20:00:00-04:00;24;0.17;LOW;0.98;HIGH;1.0;synthetic-rule-demo-v1;Score sintético ilustrativo derivado de sueño, despertar, regulación, rutina, GI, eventos excepcionales e historial.;2026-06-04T20:00:00-04:00
RPR-00032;CH-001;2026-06-05T20:00:00-04:00;2026-06-06T20:00:00-04:00;24;0.27;LOW;0.98;HIGH;1.0;synthetic-rule-demo-v1;Score sintético ilustrativo derivado de sueño, despertar, regulación, rutina, GI, eventos excepcionales e historial.;2026-06-05T20:00:00-04:00
RPR-00033;CH-001;2026-06-06T20:00:00-04:00;2026-06-07T20:00:00-04:00;24;0.12;LOW;0.98;HIGH;1.0;synthetic-rule-demo-v1;Score sintético ilustrativo derivado de sueño, despertar, regulación, rutina, GI, eventos excepcionales e historial.;2026-06-06T20:00:00-04:00
RPR-00034;CH-001;2026-06-07T20:00:00-04:00;2026-06-08T20:00:00-04:00;24;0.38;MEDIUM;0.98;HIGH;1.0;synthetic-rule-demo-v1;Score sintético ilustrativo derivado de sueño, despertar, regulación, rutina, GI, eventos excepcionales e historial.;2026-06-07T20:00:00-04:00
RPR-00035;CH-001;2026-06-08T20:00:00-04:00;2026-06-09T20:00:00-04:00;24;0.47;MEDIUM;0.98;HIGH;1.0;synthetic-rule-demo-v1;Score sintético ilustrativo derivado de sueño, despertar, regulación, rutina, GI, eventos excepcionales e historial.;2026-06-08T20:00:00-04:00
RPR-00036;CH-001;2026-06-09T20:00:00-04:00;2026-06-10T20:00:00-04:00;24;0.765;HIGH;0.98;HIGH;1.0;synthetic-rule-demo-v1;Score sintético ilustrativo derivado de sueño, despertar, regulación, rutina, GI, eventos excepcionales e historial.;2026-06-09T20:00:00-04:00
RPR-00037;CH-001;2026-06-10T20:00:00-04:00;2026-06-11T20:00:00-04:00;24;0.755;HIGH;0.98;HIGH;1.0;synthetic-rule-demo-v1;Score sintético ilustrativo derivado de sueño, despertar, regulación, rutina, GI, eventos excepcionales e historial.;2026-06-10T20:00:00-04:00
RPR-00038;CH-001;2026-06-11T20:00:00-04:00;2026-06-12T20:00:00-04:00;24;0.625;MEDIUM;0.98;HIGH;1.0;synthetic-rule-demo-v1;Score sintético ilustrativo derivado de sueño, despertar, regulación, rutina, GI, eventos excepcionales e historial.;2026-06-11T20:00:00-04:00
RPR-00039;CH-001;2026-06-12T20:00:00-04:00;2026-06-13T20:00:00-04:00;24;0.41;MEDIUM;0.98;HIGH;1.0;synthetic-rule-demo-v1;Score sintético ilustrativo derivado de sueño, despertar, regulación, rutina, GI, eventos excepcionales e historial.;2026-06-12T20:00:00-04:00
RPR-00040;CH-001;2026-06-13T20:00:00-04:00;2026-06-14T20:00:00-04:00;24;0.315;LOW;0.98;HIGH;1.0;synthetic-rule-demo-v1;Score sintético ilustrativo derivado de sueño, despertar, regulación, rutina, GI, eventos excepcionales e historial.;2026-06-13T20:00:00-04:00
RPR-00041;CH-001;2026-06-14T20:00:00-04:00;2026-06-15T20:00:00-04:00;24;0.375;MEDIUM;0.98;HIGH;1.0;synthetic-rule-demo-v1;Score sintético ilustrativo derivado de sueño, despertar, regulación, rutina, GI, eventos excepcionales e historial.;2026-06-14T20:00:00-04:00
RPR-00042;CH-001;2026-06-15T20:00:00-04:00;2026-06-16T20:00:00-04:00;24;0.355;MEDIUM;0.98;HIGH;1.0;synthetic-rule-demo-v1;Score sintético ilustrativo derivado de sueño, despertar, regulación, rutina, GI, eventos excepcionales e historial.;2026-06-15T20:00:00-04:00
RPR-00043;CH-001;2026-06-16T20:00:00-04:00;2026-06-17T20:00:00-04:00;24;0.24;LOW;0.98;HIGH;1.0;synthetic-rule-demo-v1;Score sintético ilustrativo derivado de sueño, despertar, regulación, rutina, GI, eventos excepcionales e historial.;2026-06-16T20:00:00-04:00
RPR-00044;CH-001;2026-06-17T20:00:00-04:00;2026-06-18T20:00:00-04:00;24;0.415;MEDIUM;0.98;HIGH;1.0;synthetic-rule-demo-v1;Score sintético ilustrativo derivado de sueño, despertar, regulación, rutina, GI, eventos excepcionales e historial.;2026-06-17T20:00:00-04:00
RPR-00045;CH-001;2026-06-18T20:00:00-04:00;2026-06-19T20:00:00-04:00;24;0.49;MEDIUM;0.98;HIGH;1.0;synthetic-rule-demo-v1;Score sintético ilustrativo derivado de sueño, despertar, regulación, rutina, GI, eventos excepcionales e historial.;2026-06-18T20:00:00-04:00
RPR-00046;CH-001;2026-06-19T20:00:00-04:00;2026-06-20T20:00:00-04:00;24;0.55;MEDIUM;0.98;HIGH;1.0;synthetic-rule-demo-v1;Score sintético ilustrativo derivado de sueño, despertar, regulación, rutina, GI, eventos excepcionales e historial.;2026-06-19T20:00:00-04:00
RPR-00047;CH-001;2026-06-20T20:00:00-04:00;2026-06-21T20:00:00-04:00;24;0.295;LOW;0.98;HIGH;1.0;synthetic-rule-demo-v1;Score sintético ilustrativo derivado de sueño, despertar, regulación, rutina, GI, eventos excepcionales e historial.;2026-06-20T20:00:00-04:00
RPR-00048;CH-001;2026-06-21T20:00:00-04:00;2026-06-22T20:00:00-04:00;24;0.12;LOW;0.98;HIGH;1.0;synthetic-rule-demo-v1;Score sintético ilustrativo derivado de sueño, despertar, regulación, rutina, GI, eventos excepcionales e historial.;2026-06-21T20:00:00-04:00
RPR-00049;CH-001;2026-06-22T20:00:00-04:00;2026-06-23T20:00:00-04:00;24;0.215;LOW;0.98;HIGH;1.0;synthetic-rule-demo-v1;Score sintético ilustrativo derivado de sueño, despertar, regulación, rutina, GI, eventos excepcionales e historial.;2026-06-22T20:00:00-04:00
RPR-00050;CH-001;2026-06-23T20:00:00-04:00;2026-06-24T20:00:00-04:00;24;0.275;LOW;0.98;HIGH;1.0;synthetic-rule-demo-v1;Score sintético ilustrativo derivado de sueño, despertar, regulación, rutina, GI, eventos excepcionales e historial.;2026-06-23T20:00:00-04:00
RPR-00051;CH-001;2026-06-24T20:00:00-04:00;2026-06-25T20:00:00-04:00;24;0.39;MEDIUM;0.98;HIGH;1.0;synthetic-rule-demo-v1;Score sintético ilustrativo derivado de sueño, despertar, regulación, rutina, GI, eventos excepcionales e historial.;2026-06-24T20:00:00-04:00
RPR-00052;CH-001;2026-06-25T20:00:00-04:00;2026-06-26T20:00:00-04:00;24;0.235;LOW;0.98;HIGH;1.0;synthetic-rule-demo-v1;Score sintético ilustrativo derivado de sueño, despertar, regulación, rutina, GI, eventos excepcionales e historial.;2026-06-25T20:00:00-04:00
RPR-00053;CH-001;2026-06-26T20:00:00-04:00;2026-06-27T20:00:00-04:00;24;0.135;LOW;0.98;HIGH;1.0;synthetic-rule-demo-v1;Score sintético ilustrativo derivado de sueño, despertar, regulación, rutina, GI, eventos excepcionales e historial.;2026-06-26T20:00:00-04:00
RPR-00054;CH-001;2026-06-27T20:00:00-04:00;2026-06-28T20:00:00-04:00;24;0.2;LOW;0.98;HIGH;1.0;synthetic-rule-demo-v1;Score sintético ilustrativo derivado de sueño, despertar, regulación, rutina, GI, eventos excepcionales e historial.;2026-06-27T20:00:00-04:00
RPR-00055;CH-001;2026-06-28T20:00:00-04:00;2026-06-29T20:00:00-04:00;24;0.16;LOW;0.98;HIGH;1.0;synthetic-rule-demo-v1;Score sintético ilustrativo derivado de sueño, despertar, regulación, rutina, GI, eventos excepcionales e historial.;2026-06-28T20:00:00-04:00
RPR-00056;CH-002;2026-05-05T20:00:00-04:00;2026-05-06T20:00:00-04:00;24;0.695;HIGH;0.639;MEDIUM;0.775;synthetic-rule-demo-v1;Score sintético ilustrativo derivado de sueño, despertar, regulación, rutina, GI, eventos excepcionales e historial.;2026-05-05T20:00:00-04:00
RPR-00057;CH-002;2026-05-06T20:00:00-04:00;2026-05-07T20:00:00-04:00;24;0.33;LOW;0.688;MEDIUM;0.8;synthetic-rule-demo-v1;Score sintético ilustrativo derivado de sueño, despertar, regulación, rutina, GI, eventos excepcionales e historial.;2026-05-06T20:00:00-04:00
RPR-00058;CH-002;2026-05-07T20:00:00-04:00;2026-05-08T20:00:00-04:00;24;0.525;MEDIUM;0.738;MEDIUM;0.825;synthetic-rule-demo-v1;Score sintético ilustrativo derivado de sueño, despertar, regulación, rutina, GI, eventos excepcionales e historial.;2026-05-07T20:00:00-04:00
RPR-00059;CH-002;2026-05-08T20:00:00-04:00;2026-05-09T20:00:00-04:00;24;0.375;MEDIUM;0.79;HIGH;0.85;synthetic-rule-demo-v1;Score sintético ilustrativo derivado de sueño, despertar, regulación, rutina, GI, eventos excepcionales e historial.;2026-05-08T20:00:00-04:00
RPR-00060;CH-002;2026-05-09T20:00:00-04:00;2026-05-10T20:00:00-04:00;24;0.295;LOW;0.844;HIGH;0.875;synthetic-rule-demo-v1;Score sintético ilustrativo derivado de sueño, despertar, regulación, rutina, GI, eventos excepcionales e historial.;2026-05-09T20:00:00-04:00
RPR-00061;CH-002;2026-05-10T20:00:00-04:00;2026-05-11T20:00:00-04:00;24;0.375;MEDIUM;0.9;HIGH;0.9;synthetic-rule-demo-v1;Score sintético ilustrativo derivado de sueño, despertar, regulación, rutina, GI, eventos excepcionales e historial.;2026-05-10T20:00:00-04:00
RPR-00062;CH-002;2026-05-11T20:00:00-04:00;2026-05-12T20:00:00-04:00;24;0.69;HIGH;0.925;HIGH;0.925;synthetic-rule-demo-v1;Score sintético ilustrativo derivado de sueño, despertar, regulación, rutina, GI, eventos excepcionales e historial.;2026-05-11T20:00:00-04:00
RPR-00063;CH-002;2026-05-12T20:00:00-04:00;2026-05-13T20:00:00-04:00;24;0.94;HIGH;0.95;HIGH;0.95;synthetic-rule-demo-v1;Score sintético ilustrativo derivado de sueño, despertar, regulación, rutina, GI, eventos excepcionales e historial.;2026-05-12T20:00:00-04:00
RPR-00064;CH-002;2026-05-13T20:00:00-04:00;2026-05-14T20:00:00-04:00;24;0.94;HIGH;0.975;HIGH;0.975;synthetic-rule-demo-v1;Score sintético ilustrativo derivado de sueño, despertar, regulación, rutina, GI, eventos excepcionales e historial.;2026-05-13T20:00:00-04:00
RPR-00065;CH-002;2026-05-14T20:00:00-04:00;2026-05-15T20:00:00-04:00;24;0.94;HIGH;0.98;HIGH;1.0;synthetic-rule-demo-v1;Score sintético ilustrativo derivado de sueño, despertar, regulación, rutina, GI, eventos excepcionales e historial.;2026-05-14T20:00:00-04:00
RPR-00066;CH-002;2026-05-15T20:00:00-04:00;2026-05-16T20:00:00-04:00;24;0.94;HIGH;0.98;HIGH;1.0;synthetic-rule-demo-v1;Score sintético ilustrativo derivado de sueño, despertar, regulación, rutina, GI, eventos excepcionales e historial.;2026-05-15T20:00:00-04:00
RPR-00067;CH-002;2026-05-16T20:00:00-04:00;2026-05-17T20:00:00-04:00;24;0.68;HIGH;0.98;HIGH;1.0;synthetic-rule-demo-v1;Score sintético ilustrativo derivado de sueño, despertar, regulación, rutina, GI, eventos excepcionales e historial.;2026-05-16T20:00:00-04:00
RPR-00068;CH-002;2026-05-17T20:00:00-04:00;2026-05-18T20:00:00-04:00;24;0.175;LOW;0.98;HIGH;1.0;synthetic-rule-demo-v1;Score sintético ilustrativo derivado de sueño, despertar, regulación, rutina, GI, eventos excepcionales e historial.;2026-05-17T20:00:00-04:00
RPR-00069;CH-002;2026-05-18T20:00:00-04:00;2026-05-19T20:00:00-04:00;24;0.425;MEDIUM;0.98;HIGH;1.0;synthetic-rule-demo-v1;Score sintético ilustrativo derivado de sueño, despertar, regulación, rutina, GI, eventos excepcionales e historial.;2026-05-18T20:00:00-04:00
RPR-00070;CH-002;2026-05-19T20:00:00-04:00;2026-05-20T20:00:00-04:00;24;0.4;MEDIUM;0.98;HIGH;1.0;synthetic-rule-demo-v1;Score sintético ilustrativo derivado de sueño, despertar, regulación, rutina, GI, eventos excepcionales e historial.;2026-05-19T20:00:00-04:00
RPR-00071;CH-002;2026-05-20T20:00:00-04:00;2026-05-21T20:00:00-04:00;24;0.62;MEDIUM;0.98;HIGH;1.0;synthetic-rule-demo-v1;Score sintético ilustrativo derivado de sueño, despertar, regulación, rutina, GI, eventos excepcionales e historial.;2026-05-20T20:00:00-04:00
RPR-00072;CH-002;2026-05-21T20:00:00-04:00;2026-05-22T20:00:00-04:00;24;0.59;MEDIUM;0.98;HIGH;1.0;synthetic-rule-demo-v1;Score sintético ilustrativo derivado de sueño, despertar, regulación, rutina, GI, eventos excepcionales e historial.;2026-05-21T20:00:00-04:00
RPR-00073;CH-002;2026-05-22T20:00:00-04:00;2026-05-23T20:00:00-04:00;24;0.535;MEDIUM;0.98;HIGH;1.0;synthetic-rule-demo-v1;Score sintético ilustrativo derivado de sueño, despertar, regulación, rutina, GI, eventos excepcionales e historial.;2026-05-22T20:00:00-04:00
RPR-00074;CH-002;2026-05-23T20:00:00-04:00;2026-05-24T20:00:00-04:00;24;0.35;MEDIUM;0.98;HIGH;1.0;synthetic-rule-demo-v1;Score sintético ilustrativo derivado de sueño, despertar, regulación, rutina, GI, eventos excepcionales e historial.;2026-05-23T20:00:00-04:00
RPR-00075;CH-002;2026-05-24T20:00:00-04:00;2026-05-25T20:00:00-04:00;24;0.21;LOW;0.98;HIGH;1.0;synthetic-rule-demo-v1;Score sintético ilustrativo derivado de sueño, despertar, regulación, rutina, GI, eventos excepcionales e historial.;2026-05-24T20:00:00-04:00
RPR-00076;CH-002;2026-05-25T20:00:00-04:00;2026-05-26T20:00:00-04:00;24;0.39;MEDIUM;0.928;HIGH;0.928;synthetic-rule-demo-v1;Score sintético ilustrativo derivado de sueño, despertar, regulación, rutina, GI, eventos excepcionales e historial.;2026-05-25T20:00:00-04:00
RPR-00077;CH-002;2026-05-26T20:00:00-04:00;2026-05-27T20:00:00-04:00;24;0.235;LOW;0.98;HIGH;1.0;synthetic-rule-demo-v1;Score sintético ilustrativo derivado de sueño, despertar, regulación, rutina, GI, eventos excepcionales e historial.;2026-05-26T20:00:00-04:00
RPR-00078;CH-002;2026-05-27T20:00:00-04:00;2026-05-28T20:00:00-04:00;24;0.235;LOW;0.98;HIGH;1.0;synthetic-rule-demo-v1;Score sintético ilustrativo derivado de sueño, despertar, regulación, rutina, GI, eventos excepcionales e historial.;2026-05-27T20:00:00-04:00
RPR-00079;CH-002;2026-05-28T20:00:00-04:00;2026-05-29T20:00:00-04:00;24;0.16;LOW;0.98;HIGH;1.0;synthetic-rule-demo-v1;Score sintético ilustrativo derivado de sueño, despertar, regulación, rutina, GI, eventos excepcionales e historial.;2026-05-28T20:00:00-04:00
RPR-00080;CH-002;2026-05-29T20:00:00-04:00;2026-05-30T20:00:00-04:00;24;0.12;LOW;0.98;HIGH;1.0;synthetic-rule-demo-v1;Score sintético ilustrativo derivado de sueño, despertar, regulación, rutina, GI, eventos excepcionales e historial.;2026-05-29T20:00:00-04:00
RPR-00081;CH-002;2026-05-30T20:00:00-04:00;2026-05-31T20:00:00-04:00;24;0.34;LOW;0.98;HIGH;1.0;synthetic-rule-demo-v1;Score sintético ilustrativo derivado de sueño, despertar, regulación, rutina, GI, eventos excepcionales e historial.;2026-05-30T20:00:00-04:00
RPR-00082;CH-002;2026-05-31T20:00:00-04:00;2026-06-01T20:00:00-04:00;24;0.2;LOW;0.98;HIGH;1.0;synthetic-rule-demo-v1;Score sintético ilustrativo derivado de sueño, despertar, regulación, rutina, GI, eventos excepcionales e historial.;2026-05-31T20:00:00-04:00
RPR-00083;CH-002;2026-06-01T20:00:00-04:00;2026-06-02T20:00:00-04:00;24;0.38;MEDIUM;0.98;HIGH;1.0;synthetic-rule-demo-v1;Score sintético ilustrativo derivado de sueño, despertar, regulación, rutina, GI, eventos excepcionales e historial.;2026-06-01T20:00:00-04:00
RPR-00084;CH-002;2026-06-02T20:00:00-04:00;2026-06-03T20:00:00-04:00;24;0.215;LOW;0.98;HIGH;1.0;synthetic-rule-demo-v1;Score sintético ilustrativo derivado de sueño, despertar, regulación, rutina, GI, eventos excepcionales e historial.;2026-06-02T20:00:00-04:00
RPR-00085;CH-002;2026-06-03T20:00:00-04:00;2026-06-04T20:00:00-04:00;24;0.255;LOW;0.98;HIGH;1.0;synthetic-rule-demo-v1;Score sintético ilustrativo derivado de sueño, despertar, regulación, rutina, GI, eventos excepcionales e historial.;2026-06-03T20:00:00-04:00
RPR-00086;CH-002;2026-06-04T20:00:00-04:00;2026-06-05T20:00:00-04:00;24;0.255;LOW;0.98;HIGH;1.0;synthetic-rule-demo-v1;Score sintético ilustrativo derivado de sueño, despertar, regulación, rutina, GI, eventos excepcionales e historial.;2026-06-04T20:00:00-04:00
RPR-00087;CH-002;2026-06-05T20:00:00-04:00;2026-06-06T20:00:00-04:00;24;0.355;MEDIUM;0.98;HIGH;1.0;synthetic-rule-demo-v1;Score sintético ilustrativo derivado de sueño, despertar, regulación, rutina, GI, eventos excepcionales e historial.;2026-06-05T20:00:00-04:00
RPR-00088;CH-002;2026-06-06T20:00:00-04:00;2026-06-07T20:00:00-04:00;24;0.43;MEDIUM;0.98;HIGH;1.0;synthetic-rule-demo-v1;Score sintético ilustrativo derivado de sueño, despertar, regulación, rutina, GI, eventos excepcionales e historial.;2026-06-06T20:00:00-04:00
RPR-00089;CH-002;2026-06-07T20:00:00-04:00;2026-06-08T20:00:00-04:00;24;0.645;MEDIUM;0.98;HIGH;1.0;synthetic-rule-demo-v1;Score sintético ilustrativo derivado de sueño, despertar, regulación, rutina, GI, eventos excepcionales e historial.;2026-06-07T20:00:00-04:00
RPR-00090;CH-002;2026-06-08T20:00:00-04:00;2026-06-09T20:00:00-04:00;24;0.465;MEDIUM;0.98;HIGH;1.0;synthetic-rule-demo-v1;Score sintético ilustrativo derivado de sueño, despertar, regulación, rutina, GI, eventos excepcionales e historial.;2026-06-08T20:00:00-04:00
RPR-00091;CH-002;2026-06-09T20:00:00-04:00;2026-06-10T20:00:00-04:00;24;0.435;MEDIUM;0.98;HIGH;1.0;synthetic-rule-demo-v1;Score sintético ilustrativo derivado de sueño, despertar, regulación, rutina, GI, eventos excepcionales e historial.;2026-06-09T20:00:00-04:00
RPR-00092;CH-002;2026-06-10T20:00:00-04:00;2026-06-11T20:00:00-04:00;24;0.435;MEDIUM;0.98;HIGH;1.0;synthetic-rule-demo-v1;Score sintético ilustrativo derivado de sueño, despertar, regulación, rutina, GI, eventos excepcionales e historial.;2026-06-10T20:00:00-04:00
RPR-00093;CH-002;2026-06-11T20:00:00-04:00;2026-06-12T20:00:00-04:00;24;0.355;MEDIUM;0.98;HIGH;1.0;synthetic-rule-demo-v1;Score sintético ilustrativo derivado de sueño, despertar, regulación, rutina, GI, eventos excepcionales e historial.;2026-06-11T20:00:00-04:00
RPR-00094;CH-002;2026-06-12T20:00:00-04:00;2026-06-13T20:00:00-04:00;24;0.215;LOW;0.98;HIGH;1.0;synthetic-rule-demo-v1;Score sintético ilustrativo derivado de sueño, despertar, regulación, rutina, GI, eventos excepcionales e historial.;2026-06-12T20:00:00-04:00
RPR-00095;CH-002;2026-06-13T20:00:00-04:00;2026-06-14T20:00:00-04:00;24;0.24;LOW;0.98;HIGH;1.0;synthetic-rule-demo-v1;Score sintético ilustrativo derivado de sueño, despertar, regulación, rutina, GI, eventos excepcionales e historial.;2026-06-13T20:00:00-04:00
RPR-00096;CH-002;2026-06-14T20:00:00-04:00;2026-06-15T20:00:00-04:00;24;0.16;LOW;0.325;LOW;0.325;synthetic-rule-demo-v1;Score sintético ilustrativo derivado de sueño, despertar, regulación, rutina, GI, eventos excepcionales e historial.;2026-06-14T20:00:00-04:00
RPR-00097;CH-002;2026-06-15T20:00:00-04:00;2026-06-16T20:00:00-04:00;24;0.415;MEDIUM;0.831;HIGH;0.831;synthetic-rule-demo-v1;Score sintético ilustrativo derivado de sueño, despertar, regulación, rutina, GI, eventos excepcionales e historial.;2026-06-15T20:00:00-04:00
RPR-00098;CH-002;2026-06-16T20:00:00-04:00;2026-06-17T20:00:00-04:00;24;0.49;MEDIUM;0.831;HIGH;0.831;synthetic-rule-demo-v1;Score sintético ilustrativo derivado de sueño, despertar, regulación, rutina, GI, eventos excepcionales e historial.;2026-06-16T20:00:00-04:00
RPR-00099;CH-002;2026-06-17T20:00:00-04:00;2026-06-18T20:00:00-04:00;24;0.665;HIGH;0.831;HIGH;0.831;synthetic-rule-demo-v1;Score sintético ilustrativo derivado de sueño, despertar, regulación, rutina, GI, eventos excepcionales e historial.;2026-06-17T20:00:00-04:00
RPR-00100;CH-002;2026-06-18T20:00:00-04:00;2026-06-19T20:00:00-04:00;24;0.525;MEDIUM;0.975;HIGH;0.975;synthetic-rule-demo-v1;Score sintético ilustrativo derivado de sueño, despertar, regulación, rutina, GI, eventos excepcionales e historial.;2026-06-18T20:00:00-04:00
RPR-00101;CH-002;2026-06-19T20:00:00-04:00;2026-06-20T20:00:00-04:00;24;0.425;MEDIUM;0.975;HIGH;0.975;synthetic-rule-demo-v1;Score sintético ilustrativo derivado de sueño, despertar, regulación, rutina, GI, eventos excepcionales e historial.;2026-06-19T20:00:00-04:00
RPR-00102;CH-002;2026-06-20T20:00:00-04:00;2026-06-21T20:00:00-04:00;24;0.365;MEDIUM;0.975;HIGH;0.975;synthetic-rule-demo-v1;Score sintético ilustrativo derivado de sueño, despertar, regulación, rutina, GI, eventos excepcionales e historial.;2026-06-20T20:00:00-04:00
RPR-00103;CH-002;2026-06-21T20:00:00-04:00;2026-06-22T20:00:00-04:00;24;0.465;MEDIUM;0.975;HIGH;0.975;synthetic-rule-demo-v1;Score sintético ilustrativo derivado de sueño, despertar, regulación, rutina, GI, eventos excepcionales e historial.;2026-06-21T20:00:00-04:00
RPR-00104;CH-002;2026-06-22T20:00:00-04:00;2026-06-23T20:00:00-04:00;24;0.565;MEDIUM;0.975;HIGH;0.975;synthetic-rule-demo-v1;Score sintético ilustrativo derivado de sueño, despertar, regulación, rutina, GI, eventos excepcionales e historial.;2026-06-22T20:00:00-04:00
RPR-00105;CH-002;2026-06-23T20:00:00-04:00;2026-06-24T20:00:00-04:00;24;0.37;MEDIUM;0.975;HIGH;0.975;synthetic-rule-demo-v1;Score sintético ilustrativo derivado de sueño, despertar, regulación, rutina, GI, eventos excepcionales e historial.;2026-06-23T20:00:00-04:00
RPR-00106;CH-002;2026-06-24T20:00:00-04:00;2026-06-25T20:00:00-04:00;24;0.335;LOW;0.975;HIGH;0.975;synthetic-rule-demo-v1;Score sintético ilustrativo derivado de sueño, despertar, regulación, rutina, GI, eventos excepcionales e historial.;2026-06-24T20:00:00-04:00
RPR-00107;CH-002;2026-06-25T20:00:00-04:00;2026-06-26T20:00:00-04:00;24;0.16;LOW;0.975;HIGH;0.975;synthetic-rule-demo-v1;Score sintético ilustrativo derivado de sueño, despertar, regulación, rutina, GI, eventos excepcionales e historial.;2026-06-25T20:00:00-04:00
RPR-00108;CH-002;2026-06-26T20:00:00-04:00;2026-06-27T20:00:00-04:00;24;0.275;LOW;0.975;HIGH;0.975;synthetic-rule-demo-v1;Score sintético ilustrativo derivado de sueño, despertar, regulación, rutina, GI, eventos excepcionales e historial.;2026-06-26T20:00:00-04:00
RPR-00109;CH-002;2026-06-27T20:00:00-04:00;2026-06-28T20:00:00-04:00;24;0.275;LOW;0.975;HIGH;0.975;synthetic-rule-demo-v1;Score sintético ilustrativo derivado de sueño, despertar, regulación, rutina, GI, eventos excepcionales e historial.;2026-06-27T20:00:00-04:00
RPR-00110;CH-002;2026-06-28T20:00:00-04:00;2026-06-29T20:00:00-04:00;24;0.385;MEDIUM;0.98;HIGH;1.0;synthetic-rule-demo-v1;Score sintético ilustrativo derivado de sueño, despertar, regulación, rutina, GI, eventos excepcionales e historial.;2026-06-28T20:00:00-04:00
RPR-00111;CH-003;2026-05-05T20:00:00-04:00;2026-05-06T20:00:00-04:00;24;0.21;LOW;0.639;MEDIUM;0.775;synthetic-rule-demo-v1;Score sintético ilustrativo derivado de sueño, despertar, regulación, rutina, GI, eventos excepcionales e historial.;2026-05-05T20:00:00-04:00
RPR-00112;CH-003;2026-05-06T20:00:00-04:00;2026-05-07T20:00:00-04:00;24;0.135;LOW;0.688;MEDIUM;0.8;synthetic-rule-demo-v1;Score sintético ilustrativo derivado de sueño, despertar, regulación, rutina, GI, eventos excepcionales e historial.;2026-05-06T20:00:00-04:00
RPR-00113;CH-003;2026-05-07T20:00:00-04:00;2026-05-08T20:00:00-04:00;24;0.24;LOW;0.738;MEDIUM;0.825;synthetic-rule-demo-v1;Score sintético ilustrativo derivado de sueño, despertar, regulación, rutina, GI, eventos excepcionales e historial.;2026-05-07T20:00:00-04:00
RPR-00114;CH-003;2026-05-08T20:00:00-04:00;2026-05-09T20:00:00-04:00;24;0.275;LOW;0.79;HIGH;0.85;synthetic-rule-demo-v1;Score sintético ilustrativo derivado de sueño, despertar, regulación, rutina, GI, eventos excepcionales e historial.;2026-05-08T20:00:00-04:00
RPR-00115;CH-003;2026-05-09T20:00:00-04:00;2026-05-10T20:00:00-04:00;24;0.235;LOW;0.844;HIGH;0.875;synthetic-rule-demo-v1;Score sintético ilustrativo derivado de sueño, despertar, regulación, rutina, GI, eventos excepcionales e historial.;2026-05-09T20:00:00-04:00
RPR-00116;CH-003;2026-05-10T20:00:00-04:00;2026-05-11T20:00:00-04:00;24;0.25;LOW;0.9;HIGH;0.9;synthetic-rule-demo-v1;Score sintético ilustrativo derivado de sueño, despertar, regulación, rutina, GI, eventos excepcionales e historial.;2026-05-10T20:00:00-04:00
RPR-00117;CH-003;2026-05-11T20:00:00-04:00;2026-05-12T20:00:00-04:00;24;0.4;MEDIUM;0.925;HIGH;0.925;synthetic-rule-demo-v1;Score sintético ilustrativo derivado de sueño, despertar, regulación, rutina, GI, eventos excepcionales e historial.;2026-05-11T20:00:00-04:00
RPR-00118;CH-003;2026-05-12T20:00:00-04:00;2026-05-13T20:00:00-04:00;24;0.46;MEDIUM;0.95;HIGH;0.95;synthetic-rule-demo-v1;Score sintético ilustrativo derivado de sueño, despertar, regulación, rutina, GI, eventos excepcionales e historial.;2026-05-12T20:00:00-04:00
RPR-00119;CH-003;2026-05-13T20:00:00-04:00;2026-05-14T20:00:00-04:00;24;0.345;LOW;0.975;HIGH;0.975;synthetic-rule-demo-v1;Score sintético ilustrativo derivado de sueño, despertar, regulación, rutina, GI, eventos excepcionales e historial.;2026-05-13T20:00:00-04:00
RPR-00120;CH-003;2026-05-14T20:00:00-04:00;2026-05-15T20:00:00-04:00;24;0.38;MEDIUM;0.928;HIGH;0.928;synthetic-rule-demo-v1;Score sintético ilustrativo derivado de sueño, despertar, regulación, rutina, GI, eventos excepcionales e historial.;2026-05-14T20:00:00-04:00
RPR-00121;CH-003;2026-05-15T20:00:00-04:00;2026-05-16T20:00:00-04:00;24;0.3;LOW;0.98;HIGH;1.0;synthetic-rule-demo-v1;Score sintético ilustrativo derivado de sueño, despertar, regulación, rutina, GI, eventos excepcionales e historial.;2026-05-15T20:00:00-04:00
RPR-00122;CH-003;2026-05-16T20:00:00-04:00;2026-05-17T20:00:00-04:00;24;0.3;LOW;0.98;HIGH;1.0;synthetic-rule-demo-v1;Score sintético ilustrativo derivado de sueño, despertar, regulación, rutina, GI, eventos excepcionales e historial.;2026-05-16T20:00:00-04:00
RPR-00123;CH-003;2026-05-17T20:00:00-04:00;2026-05-18T20:00:00-04:00;24;0.12;LOW;0.98;HIGH;1.0;synthetic-rule-demo-v1;Score sintético ilustrativo derivado de sueño, despertar, regulación, rutina, GI, eventos excepcionales e historial.;2026-05-17T20:00:00-04:00
RPR-00124;CH-003;2026-05-18T20:00:00-04:00;2026-05-19T20:00:00-04:00;24;0.315;LOW;0.98;HIGH;1.0;synthetic-rule-demo-v1;Score sintético ilustrativo derivado de sueño, despertar, regulación, rutina, GI, eventos excepcionales e historial.;2026-05-18T20:00:00-04:00
RPR-00125;CH-003;2026-05-19T20:00:00-04:00;2026-05-20T20:00:00-04:00;24;0.39;MEDIUM;0.98;HIGH;1.0;synthetic-rule-demo-v1;Score sintético ilustrativo derivado de sueño, despertar, regulación, rutina, GI, eventos excepcionales e historial.;2026-05-19T20:00:00-04:00
RPR-00126;CH-003;2026-05-20T20:00:00-04:00;2026-05-21T20:00:00-04:00;24;0.605;MEDIUM;0.98;HIGH;1.0;synthetic-rule-demo-v1;Score sintético ilustrativo derivado de sueño, despertar, regulación, rutina, GI, eventos excepcionales e historial.;2026-05-20T20:00:00-04:00
RPR-00127;CH-003;2026-05-21T20:00:00-04:00;2026-05-22T20:00:00-04:00;24;0.605;MEDIUM;0.98;HIGH;1.0;synthetic-rule-demo-v1;Score sintético ilustrativo derivado de sueño, despertar, regulación, rutina, GI, eventos excepcionales e historial.;2026-05-21T20:00:00-04:00
RPR-00128;CH-003;2026-05-22T20:00:00-04:00;2026-05-23T20:00:00-04:00;24;0.705;HIGH;0.98;HIGH;1.0;synthetic-rule-demo-v1;Score sintético ilustrativo derivado de sueño, despertar, regulación, rutina, GI, eventos excepcionales e historial.;2026-05-22T20:00:00-04:00
RPR-00129;CH-003;2026-05-23T20:00:00-04:00;2026-05-24T20:00:00-04:00;24;0.705;HIGH;0.98;HIGH;1.0;synthetic-rule-demo-v1;Score sintético ilustrativo derivado de sueño, despertar, regulación, rutina, GI, eventos excepcionales e historial.;2026-05-23T20:00:00-04:00
RPR-00130;CH-003;2026-05-24T20:00:00-04:00;2026-05-25T20:00:00-04:00;24;0.56;MEDIUM;0.98;HIGH;1.0;synthetic-rule-demo-v1;Score sintético ilustrativo derivado de sueño, despertar, regulación, rutina, GI, eventos excepcionales e historial.;2026-05-24T20:00:00-04:00
RPR-00131;CH-003;2026-05-25T20:00:00-04:00;2026-05-26T20:00:00-04:00;24;0.5;MEDIUM;0.98;HIGH;1.0;synthetic-rule-demo-v1;Score sintético ilustrativo derivado de sueño, despertar, regulación, rutina, GI, eventos excepcionales e historial.;2026-05-25T20:00:00-04:00
RPR-00132;CH-003;2026-05-26T20:00:00-04:00;2026-05-27T20:00:00-04:00;24;0.245;LOW;0.98;HIGH;1.0;synthetic-rule-demo-v1;Score sintético ilustrativo derivado de sueño, despertar, regulación, rutina, GI, eventos excepcionales e historial.;2026-05-26T20:00:00-04:00
RPR-00133;CH-003;2026-05-27T20:00:00-04:00;2026-05-28T20:00:00-04:00;24;0.175;LOW;0.98;HIGH;1.0;synthetic-rule-demo-v1;Score sintético ilustrativo derivado de sueño, despertar, regulación, rutina, GI, eventos excepcionales e historial.;2026-05-27T20:00:00-04:00
RPR-00134;CH-003;2026-05-28T20:00:00-04:00;2026-05-29T20:00:00-04:00;24;0.175;LOW;0.98;HIGH;1.0;synthetic-rule-demo-v1;Score sintético ilustrativo derivado de sueño, despertar, regulación, rutina, GI, eventos excepcionales e historial.;2026-05-28T20:00:00-04:00
RPR-00135;CH-003;2026-05-29T20:00:00-04:00;2026-05-30T20:00:00-04:00;24;0.135;LOW;0.928;HIGH;0.928;synthetic-rule-demo-v1;Score sintético ilustrativo derivado de sueño, despertar, regulación, rutina, GI, eventos excepcionales e historial.;2026-05-29T20:00:00-04:00
RPR-00136;CH-003;2026-05-30T20:00:00-04:00;2026-05-31T20:00:00-04:00;24;0.135;LOW;0.98;HIGH;1.0;synthetic-rule-demo-v1;Score sintético ilustrativo derivado de sueño, despertar, regulación, rutina, GI, eventos excepcionales e historial.;2026-05-30T20:00:00-04:00
RPR-00137;CH-003;2026-05-31T20:00:00-04:00;2026-06-01T20:00:00-04:00;24;0.06;LOW;0.325;LOW;0.325;synthetic-rule-demo-v1;Score sintético ilustrativo derivado de sueño, despertar, regulación, rutina, GI, eventos excepcionales e historial.;2026-05-31T20:00:00-04:00
RPR-00138;CH-003;2026-06-01T20:00:00-04:00;2026-06-02T20:00:00-04:00;24;0.175;LOW;0.975;HIGH;0.975;synthetic-rule-demo-v1;Score sintético ilustrativo derivado de sueño, despertar, regulación, rutina, GI, eventos excepcionales e historial.;2026-06-01T20:00:00-04:00
RPR-00139;CH-003;2026-06-02T20:00:00-04:00;2026-06-03T20:00:00-04:00;24;0.275;LOW;0.975;HIGH;0.975;synthetic-rule-demo-v1;Score sintético ilustrativo derivado de sueño, despertar, regulación, rutina, GI, eventos excepcionales e historial.;2026-06-02T20:00:00-04:00
RPR-00140;CH-003;2026-06-03T20:00:00-04:00;2026-06-04T20:00:00-04:00;24;0.375;MEDIUM;0.975;HIGH;0.975;synthetic-rule-demo-v1;Score sintético ilustrativo derivado de sueño, despertar, regulación, rutina, GI, eventos excepcionales e historial.;2026-06-03T20:00:00-04:00
RPR-00141;CH-003;2026-06-04T20:00:00-04:00;2026-06-05T20:00:00-04:00;24;0.715;HIGH;0.975;HIGH;0.975;synthetic-rule-demo-v1;Score sintético ilustrativo derivado de sueño, despertar, regulación, rutina, GI, eventos excepcionales e historial.;2026-06-04T20:00:00-04:00
RPR-00142;CH-003;2026-06-05T20:00:00-04:00;2026-06-06T20:00:00-04:00;24;0.755;HIGH;0.903;HIGH;0.903;synthetic-rule-demo-v1;Score sintético ilustrativo derivado de sueño, despertar, regulación, rutina, GI, eventos excepcionales e historial.;2026-06-05T20:00:00-04:00
RPR-00143;CH-003;2026-06-06T20:00:00-04:00;2026-06-07T20:00:00-04:00;24;0.73;HIGH;0.975;HIGH;0.975;synthetic-rule-demo-v1;Score sintético ilustrativo derivado de sueño, despertar, regulación, rutina, GI, eventos excepcionales e historial.;2026-06-06T20:00:00-04:00
RPR-00144;CH-003;2026-06-07T20:00:00-04:00;2026-06-08T20:00:00-04:00;24;0.735;HIGH;0.975;HIGH;0.975;synthetic-rule-demo-v1;Score sintético ilustrativo derivado de sueño, despertar, regulación, rutina, GI, eventos excepcionales e historial.;2026-06-07T20:00:00-04:00
RPR-00145;CH-003;2026-06-08T20:00:00-04:00;2026-06-09T20:00:00-04:00;24;0.57;MEDIUM;0.903;HIGH;0.903;synthetic-rule-demo-v1;Score sintético ilustrativo derivado de sueño, despertar, regulación, rutina, GI, eventos excepcionales e historial.;2026-06-08T20:00:00-04:00
RPR-00146;CH-003;2026-06-09T20:00:00-04:00;2026-06-10T20:00:00-04:00;24;0.475;MEDIUM;0.975;HIGH;0.975;synthetic-rule-demo-v1;Score sintético ilustrativo derivado de sueño, despertar, regulación, rutina, GI, eventos excepcionales e historial.;2026-06-09T20:00:00-04:00
RPR-00147;CH-003;2026-06-10T20:00:00-04:00;2026-06-11T20:00:00-04:00;24;0.395;MEDIUM;0.975;HIGH;0.975;synthetic-rule-demo-v1;Score sintético ilustrativo derivado de sueño, despertar, regulación, rutina, GI, eventos excepcionales e historial.;2026-06-10T20:00:00-04:00
RPR-00148;CH-003;2026-06-11T20:00:00-04:00;2026-06-12T20:00:00-04:00;24;0.275;LOW;0.975;HIGH;0.975;synthetic-rule-demo-v1;Score sintético ilustrativo derivado de sueño, despertar, regulación, rutina, GI, eventos excepcionales e historial.;2026-06-11T20:00:00-04:00
RPR-00149;CH-003;2026-06-12T20:00:00-04:00;2026-06-13T20:00:00-04:00;24;0.215;LOW;0.975;HIGH;0.975;synthetic-rule-demo-v1;Score sintético ilustrativo derivado de sueño, despertar, regulación, rutina, GI, eventos excepcionales e historial.;2026-06-12T20:00:00-04:00
RPR-00150;CH-003;2026-06-13T20:00:00-04:00;2026-06-14T20:00:00-04:00;24;0.115;LOW;0.975;HIGH;0.975;synthetic-rule-demo-v1;Score sintético ilustrativo derivado de sueño, despertar, regulación, rutina, GI, eventos excepcionales e historial.;2026-06-13T20:00:00-04:00
RPR-00151;CH-003;2026-06-14T20:00:00-04:00;2026-06-15T20:00:00-04:00;24;0.27;LOW;0.98;HIGH;1.0;synthetic-rule-demo-v1;Score sintético ilustrativo derivado de sueño, despertar, regulación, rutina, GI, eventos excepcionales e historial.;2026-06-14T20:00:00-04:00
RPR-00152;CH-003;2026-06-15T20:00:00-04:00;2026-06-16T20:00:00-04:00;24;0.275;LOW;0.98;HIGH;1.0;synthetic-rule-demo-v1;Score sintético ilustrativo derivado de sueño, despertar, regulación, rutina, GI, eventos excepcionales e historial.;2026-06-15T20:00:00-04:00
RPR-00153;CH-003;2026-06-16T20:00:00-04:00;2026-06-17T20:00:00-04:00;24;0.235;LOW;0.98;HIGH;1.0;synthetic-rule-demo-v1;Score sintético ilustrativo derivado de sueño, despertar, regulación, rutina, GI, eventos excepcionales e historial.;2026-06-16T20:00:00-04:00
RPR-00154;CH-003;2026-06-17T20:00:00-04:00;2026-06-18T20:00:00-04:00;24;0.16;LOW;0.98;HIGH;1.0;synthetic-rule-demo-v1;Score sintético ilustrativo derivado de sueño, despertar, regulación, rutina, GI, eventos excepcionales e historial.;2026-06-17T20:00:00-04:00
RPR-00155;CH-003;2026-06-18T20:00:00-04:00;2026-06-19T20:00:00-04:00;24;0.06;LOW;0.98;HIGH;1.0;synthetic-rule-demo-v1;Score sintético ilustrativo derivado de sueño, despertar, regulación, rutina, GI, eventos excepcionales e historial.;2026-06-18T20:00:00-04:00
RPR-00156;CH-003;2026-06-19T20:00:00-04:00;2026-06-20T20:00:00-04:00;24;0.06;LOW;0.98;HIGH;1.0;synthetic-rule-demo-v1;Score sintético ilustrativo derivado de sueño, despertar, regulación, rutina, GI, eventos excepcionales e historial.;2026-06-19T20:00:00-04:00
RPR-00157;CH-003;2026-06-20T20:00:00-04:00;2026-06-21T20:00:00-04:00;24;0.2;LOW;0.98;HIGH;1.0;synthetic-rule-demo-v1;Score sintético ilustrativo derivado de sueño, despertar, regulación, rutina, GI, eventos excepcionales e historial.;2026-06-20T20:00:00-04:00
RPR-00158;CH-003;2026-06-21T20:00:00-04:00;2026-06-22T20:00:00-04:00;24;0.565;MEDIUM;0.98;HIGH;1.0;synthetic-rule-demo-v1;Score sintético ilustrativo derivado de sueño, despertar, regulación, rutina, GI, eventos excepcionales e historial.;2026-06-21T20:00:00-04:00
RPR-00159;CH-003;2026-06-22T20:00:00-04:00;2026-06-23T20:00:00-04:00;24;0.66;HIGH;0.98;HIGH;1.0;synthetic-rule-demo-v1;Score sintético ilustrativo derivado de sueño, despertar, regulación, rutina, GI, eventos excepcionales e historial.;2026-06-22T20:00:00-04:00
RPR-00160;CH-003;2026-06-23T20:00:00-04:00;2026-06-24T20:00:00-04:00;24;0.62;MEDIUM;0.98;HIGH;1.0;synthetic-rule-demo-v1;Score sintético ilustrativo derivado de sueño, despertar, regulación, rutina, GI, eventos excepcionales e historial.;2026-06-23T20:00:00-04:00
RPR-00161;CH-003;2026-06-24T20:00:00-04:00;2026-06-25T20:00:00-04:00;24;0.295;LOW;0.98;HIGH;1.0;synthetic-rule-demo-v1;Score sintético ilustrativo derivado de sueño, despertar, regulación, rutina, GI, eventos excepcionales e historial.;2026-06-24T20:00:00-04:00
RPR-00162;CH-003;2026-06-25T20:00:00-04:00;2026-06-26T20:00:00-04:00;24;0.3;LOW;0.98;HIGH;1.0;synthetic-rule-demo-v1;Score sintético ilustrativo derivado de sueño, despertar, regulación, rutina, GI, eventos excepcionales e historial.;2026-06-25T20:00:00-04:00
RPR-00163;CH-003;2026-06-26T20:00:00-04:00;2026-06-27T20:00:00-04:00;24;0.16;LOW;0.98;HIGH;1.0;synthetic-rule-demo-v1;Score sintético ilustrativo derivado de sueño, despertar, regulación, rutina, GI, eventos excepcionales e historial.;2026-06-26T20:00:00-04:00
RPR-00164;CH-003;2026-06-27T20:00:00-04:00;2026-06-28T20:00:00-04:00;24;0.16;LOW;0.98;HIGH;1.0;synthetic-rule-demo-v1;Score sintético ilustrativo derivado de sueño, despertar, regulación, rutina, GI, eventos excepcionales e historial.;2026-06-27T20:00:00-04:00
RPR-00165;CH-003;2026-06-28T20:00:00-04:00;2026-06-29T20:00:00-04:00;24;0.1;LOW;0.98;HIGH;1.0;synthetic-rule-demo-v1;Score sintético ilustrativo derivado de sueño, despertar, regulación, rutina, GI, eventos excepcionales e historial.;2026-06-28T20:00:00-04:00
RPR-00166;CH-004;2026-05-05T20:00:00-04:00;2026-05-06T20:00:00-04:00;24;0.2;LOW;0.639;MEDIUM;0.775;synthetic-rule-demo-v1;Score sintético ilustrativo derivado de sueño, despertar, regulación, rutina, GI, eventos excepcionales e historial.;2026-05-05T20:00:00-04:00
RPR-00167;CH-004;2026-05-06T20:00:00-04:00;2026-05-07T20:00:00-04:00;24;0.24;LOW;0.688;MEDIUM;0.8;synthetic-rule-demo-v1;Score sintético ilustrativo derivado de sueño, despertar, regulación, rutina, GI, eventos excepcionales e historial.;2026-05-06T20:00:00-04:00
RPR-00168;CH-004;2026-05-07T20:00:00-04:00;2026-05-08T20:00:00-04:00;24;0.34;LOW;0.738;MEDIUM;0.825;synthetic-rule-demo-v1;Score sintético ilustrativo derivado de sueño, despertar, regulación, rutina, GI, eventos excepcionales e historial.;2026-05-07T20:00:00-04:00
RPR-00169;CH-004;2026-05-08T20:00:00-04:00;2026-05-09T20:00:00-04:00;24;0.455;MEDIUM;0.79;HIGH;0.85;synthetic-rule-demo-v1;Score sintético ilustrativo derivado de sueño, despertar, regulación, rutina, GI, eventos excepcionales e historial.;2026-05-08T20:00:00-04:00
RPR-00170;CH-004;2026-05-09T20:00:00-04:00;2026-05-10T20:00:00-04:00;24;0.295;LOW;0.844;HIGH;0.875;synthetic-rule-demo-v1;Score sintético ilustrativo derivado de sueño, despertar, regulación, rutina, GI, eventos excepcionales e historial.;2026-05-09T20:00:00-04:00
RPR-00171;CH-004;2026-05-10T20:00:00-04:00;2026-05-11T20:00:00-04:00;24;0.195;LOW;0.9;HIGH;0.9;synthetic-rule-demo-v1;Score sintético ilustrativo derivado de sueño, despertar, regulación, rutina, GI, eventos excepcionales e historial.;2026-05-10T20:00:00-04:00
RPR-00172;CH-004;2026-05-11T20:00:00-04:00;2026-05-12T20:00:00-04:00;24;0.06;LOW;0.925;HIGH;0.925;synthetic-rule-demo-v1;Score sintético ilustrativo derivado de sueño, despertar, regulación, rutina, GI, eventos excepcionales e historial.;2026-05-11T20:00:00-04:00
RPR-00173;CH-004;2026-05-12T20:00:00-04:00;2026-05-13T20:00:00-04:00;24;0.06;LOW;0.275;LOW;0.275;synthetic-rule-demo-v1;Score sintético ilustrativo derivado de sueño, despertar, regulación, rutina, GI, eventos excepcionales e historial.;2026-05-12T20:00:00-04:00
RPR-00174;CH-004;2026-05-13T20:00:00-04:00;2026-05-14T20:00:00-04:00;24;0.2;LOW;0.733;MEDIUM;0.733;synthetic-rule-demo-v1;Score sintético ilustrativo derivado de sueño, despertar, regulación, rutina, GI, eventos excepcionales e historial.;2026-05-13T20:00:00-04:00
RPR-00175;CH-004;2026-05-14T20:00:00-04:00;2026-05-15T20:00:00-04:00;24;0.455;MEDIUM;0.758;HIGH;0.758;synthetic-rule-demo-v1;Score sintético ilustrativo derivado de sueño, despertar, regulación, rutina, GI, eventos excepcionales e historial.;2026-05-14T20:00:00-04:00
RPR-00176;CH-004;2026-05-15T20:00:00-04:00;2026-05-16T20:00:00-04:00;24;0.65;HIGH;0.758;HIGH;0.758;synthetic-rule-demo-v1;Score sintético ilustrativo derivado de sueño, despertar, regulación, rutina, GI, eventos excepcionales e historial.;2026-05-15T20:00:00-04:00
RPR-00177;CH-004;2026-05-16T20:00:00-04:00;2026-05-17T20:00:00-04:00;24;0.445;MEDIUM;0.975;HIGH;0.975;synthetic-rule-demo-v1;Score sintético ilustrativo derivado de sueño, despertar, regulación, rutina, GI, eventos excepcionales e historial.;2026-05-16T20:00:00-04:00
RPR-00178;CH-004;2026-05-17T20:00:00-04:00;2026-05-18T20:00:00-04:00;24;0.425;MEDIUM;0.975;HIGH;0.975;synthetic-rule-demo-v1;Score sintético ilustrativo derivado de sueño, despertar, regulación, rutina, GI, eventos excepcionales e historial.;2026-05-17T20:00:00-04:00
RPR-00179;CH-004;2026-05-18T20:00:00-04:00;2026-05-19T20:00:00-04:00;24;0.23;LOW;0.975;HIGH;0.975;synthetic-rule-demo-v1;Score sintético ilustrativo derivado de sueño, despertar, regulación, rutina, GI, eventos excepcionales e historial.;2026-05-18T20:00:00-04:00
RPR-00180;CH-004;2026-05-19T20:00:00-04:00;2026-05-20T20:00:00-04:00;24;0.29;LOW;0.975;HIGH;0.975;synthetic-rule-demo-v1;Score sintético ilustrativo derivado de sueño, despertar, regulación, rutina, GI, eventos excepcionales e historial.;2026-05-19T20:00:00-04:00
RPR-00181;CH-004;2026-05-20T20:00:00-04:00;2026-05-21T20:00:00-04:00;24;0.505;MEDIUM;0.975;HIGH;0.975;synthetic-rule-demo-v1;Score sintético ilustrativo derivado de sueño, despertar, regulación, rutina, GI, eventos excepcionales e historial.;2026-05-20T20:00:00-04:00
RPR-00182;CH-004;2026-05-21T20:00:00-04:00;2026-05-22T20:00:00-04:00;24;0.485;MEDIUM;0.975;HIGH;0.975;synthetic-rule-demo-v1;Score sintético ilustrativo derivado de sueño, despertar, regulación, rutina, GI, eventos excepcionales e historial.;2026-05-21T20:00:00-04:00
RPR-00183;CH-004;2026-05-22T20:00:00-04:00;2026-05-23T20:00:00-04:00;24;0.385;MEDIUM;0.975;HIGH;0.975;synthetic-rule-demo-v1;Score sintético ilustrativo derivado de sueño, despertar, regulación, rutina, GI, eventos excepcionales e historial.;2026-05-22T20:00:00-04:00
RPR-00184;CH-004;2026-05-23T20:00:00-04:00;2026-05-24T20:00:00-04:00;24;0.12;LOW;0.975;HIGH;0.975;synthetic-rule-demo-v1;Score sintético ilustrativo derivado de sueño, despertar, regulación, rutina, GI, eventos excepcionales e historial.;2026-05-23T20:00:00-04:00
RPR-00185;CH-004;2026-05-24T20:00:00-04:00;2026-05-25T20:00:00-04:00;24;0.21;LOW;0.975;HIGH;0.975;synthetic-rule-demo-v1;Score sintético ilustrativo derivado de sueño, despertar, regulación, rutina, GI, eventos excepcionales e historial.;2026-05-24T20:00:00-04:00
RPR-00186;CH-004;2026-05-25T20:00:00-04:00;2026-05-26T20:00:00-04:00;24;0.445;MEDIUM;0.975;HIGH;0.975;synthetic-rule-demo-v1;Score sintético ilustrativo derivado de sueño, despertar, regulación, rutina, GI, eventos excepcionales e historial.;2026-05-25T20:00:00-04:00
RPR-00187;CH-004;2026-05-26T20:00:00-04:00;2026-05-27T20:00:00-04:00;24;0.325;LOW;0.98;HIGH;1.0;synthetic-rule-demo-v1;Score sintético ilustrativo derivado de sueño, despertar, regulación, rutina, GI, eventos excepcionales e historial.;2026-05-26T20:00:00-04:00
RPR-00188;CH-004;2026-05-27T20:00:00-04:00;2026-05-28T20:00:00-04:00;24;0.315;LOW;0.98;HIGH;1.0;synthetic-rule-demo-v1;Score sintético ilustrativo derivado de sueño, despertar, regulación, rutina, GI, eventos excepcionales e historial.;2026-05-27T20:00:00-04:00
RPR-00189;CH-004;2026-05-28T20:00:00-04:00;2026-05-29T20:00:00-04:00;24;0.12;LOW;0.98;HIGH;1.0;synthetic-rule-demo-v1;Score sintético ilustrativo derivado de sueño, despertar, regulación, rutina, GI, eventos excepcionales e historial.;2026-05-28T20:00:00-04:00
RPR-00190;CH-004;2026-05-29T20:00:00-04:00;2026-05-30T20:00:00-04:00;24;0.12;LOW;0.98;HIGH;1.0;synthetic-rule-demo-v1;Score sintético ilustrativo derivado de sueño, despertar, regulación, rutina, GI, eventos excepcionales e historial.;2026-05-29T20:00:00-04:00
RPR-00191;CH-004;2026-05-30T20:00:00-04:00;2026-05-31T20:00:00-04:00;24;0.31;LOW;0.98;HIGH;1.0;synthetic-rule-demo-v1;Score sintético ilustrativo derivado de sueño, despertar, regulación, rutina, GI, eventos excepcionales e historial.;2026-05-30T20:00:00-04:00
RPR-00192;CH-004;2026-05-31T20:00:00-04:00;2026-06-01T20:00:00-04:00;24;0.27;LOW;0.98;HIGH;1.0;synthetic-rule-demo-v1;Score sintético ilustrativo derivado de sueño, despertar, regulación, rutina, GI, eventos excepcionales e historial.;2026-05-31T20:00:00-04:00
RPR-00193;CH-004;2026-06-01T20:00:00-04:00;2026-06-02T20:00:00-04:00;24;0.27;LOW;0.98;HIGH;1.0;synthetic-rule-demo-v1;Score sintético ilustrativo derivado de sueño, despertar, regulación, rutina, GI, eventos excepcionales e historial.;2026-06-01T20:00:00-04:00
RPR-00194;CH-004;2026-06-02T20:00:00-04:00;2026-06-03T20:00:00-04:00;24;0.1;LOW;0.98;HIGH;1.0;synthetic-rule-demo-v1;Score sintético ilustrativo derivado de sueño, despertar, regulación, rutina, GI, eventos excepcionales e historial.;2026-06-02T20:00:00-04:00
RPR-00195;CH-004;2026-06-03T20:00:00-04:00;2026-06-04T20:00:00-04:00;24;0.06;LOW;0.98;HIGH;1.0;synthetic-rule-demo-v1;Score sintético ilustrativo derivado de sueño, despertar, regulación, rutina, GI, eventos excepcionales e historial.;2026-06-03T20:00:00-04:00
RPR-00196;CH-004;2026-06-04T20:00:00-04:00;2026-06-05T20:00:00-04:00;24;0.06;LOW;0.98;HIGH;1.0;synthetic-rule-demo-v1;Score sintético ilustrativo derivado de sueño, despertar, regulación, rutina, GI, eventos excepcionales e historial.;2026-06-04T20:00:00-04:00
RPR-00197;CH-004;2026-06-05T20:00:00-04:00;2026-06-06T20:00:00-04:00;24;0.06;LOW;0.98;HIGH;1.0;synthetic-rule-demo-v1;Score sintético ilustrativo derivado de sueño, despertar, regulación, rutina, GI, eventos excepcionales e historial.;2026-06-05T20:00:00-04:00
RPR-00198;CH-004;2026-06-06T20:00:00-04:00;2026-06-07T20:00:00-04:00;24;0.06;LOW;0.98;HIGH;1.0;synthetic-rule-demo-v1;Score sintético ilustrativo derivado de sueño, despertar, regulación, rutina, GI, eventos excepcionales e historial.;2026-06-06T20:00:00-04:00
RPR-00199;CH-004;2026-06-07T20:00:00-04:00;2026-06-08T20:00:00-04:00;24;0.2;LOW;0.98;HIGH;1.0;synthetic-rule-demo-v1;Score sintético ilustrativo derivado de sueño, despertar, regulación, rutina, GI, eventos excepcionales e historial.;2026-06-07T20:00:00-04:00
RPR-00200;CH-004;2026-06-08T20:00:00-04:00;2026-06-09T20:00:00-04:00;24;0.34;LOW;0.928;HIGH;0.928;synthetic-rule-demo-v1;Score sintético ilustrativo derivado de sueño, despertar, regulación, rutina, GI, eventos excepcionales e historial.;2026-06-08T20:00:00-04:00
RPR-00201;CH-004;2026-06-09T20:00:00-04:00;2026-06-10T20:00:00-04:00;24;0.525;MEDIUM;0.98;HIGH;1.0;synthetic-rule-demo-v1;Score sintético ilustrativo derivado de sueño, despertar, regulación, rutina, GI, eventos excepcionales e historial.;2026-06-09T20:00:00-04:00
RPR-00202;CH-004;2026-06-10T20:00:00-04:00;2026-06-11T20:00:00-04:00;24;0.46;MEDIUM;0.98;HIGH;1.0;synthetic-rule-demo-v1;Score sintético ilustrativo derivado de sueño, despertar, regulación, rutina, GI, eventos excepcionales e historial.;2026-06-10T20:00:00-04:00
RPR-00203;CH-004;2026-06-11T20:00:00-04:00;2026-06-12T20:00:00-04:00;24;0.32;LOW;0.98;HIGH;1.0;synthetic-rule-demo-v1;Score sintético ilustrativo derivado de sueño, despertar, regulación, rutina, GI, eventos excepcionales e historial.;2026-06-11T20:00:00-04:00
RPR-00204;CH-004;2026-06-12T20:00:00-04:00;2026-06-13T20:00:00-04:00;24;0.275;LOW;0.98;HIGH;1.0;synthetic-rule-demo-v1;Score sintético ilustrativo derivado de sueño, despertar, regulación, rutina, GI, eventos excepcionales e historial.;2026-06-12T20:00:00-04:00
RPR-00205;CH-004;2026-06-13T20:00:00-04:00;2026-06-14T20:00:00-04:00;24;0.16;LOW;0.98;HIGH;1.0;synthetic-rule-demo-v1;Score sintético ilustrativo derivado de sueño, despertar, regulación, rutina, GI, eventos excepcionales e historial.;2026-06-13T20:00:00-04:00
RPR-00206;CH-004;2026-06-14T20:00:00-04:00;2026-06-15T20:00:00-04:00;24;0.515;MEDIUM;0.98;HIGH;1.0;synthetic-rule-demo-v1;Score sintético ilustrativo derivado de sueño, despertar, regulación, rutina, GI, eventos excepcionales e historial.;2026-06-14T20:00:00-04:00
RPR-00207;CH-004;2026-06-15T20:00:00-04:00;2026-06-16T20:00:00-04:00;24;0.485;MEDIUM;0.98;HIGH;1.0;synthetic-rule-demo-v1;Score sintético ilustrativo derivado de sueño, despertar, regulación, rutina, GI, eventos excepcionales e historial.;2026-06-15T20:00:00-04:00
RPR-00208;CH-004;2026-06-16T20:00:00-04:00;2026-06-17T20:00:00-04:00;24;0.405;MEDIUM;0.325;LOW;0.325;synthetic-rule-demo-v1;Score sintético ilustrativo derivado de sueño, despertar, regulación, rutina, GI, eventos excepcionales e historial.;2026-06-16T20:00:00-04:00
RPR-00209;CH-004;2026-06-17T20:00:00-04:00;2026-06-18T20:00:00-04:00;24;0.17;LOW;0.975;HIGH;0.975;synthetic-rule-demo-v1;Score sintético ilustrativo derivado de sueño, despertar, regulación, rutina, GI, eventos excepcionales e historial.;2026-06-17T20:00:00-04:00
RPR-00210;CH-004;2026-06-18T20:00:00-04:00;2026-06-19T20:00:00-04:00;24;0.275;LOW;0.975;HIGH;0.975;synthetic-rule-demo-v1;Score sintético ilustrativo derivado de sueño, despertar, regulación, rutina, GI, eventos excepcionales e historial.;2026-06-18T20:00:00-04:00
RPR-00211;CH-004;2026-06-19T20:00:00-04:00;2026-06-20T20:00:00-04:00;24;0.335;LOW;0.975;HIGH;0.975;synthetic-rule-demo-v1;Score sintético ilustrativo derivado de sueño, despertar, regulación, rutina, GI, eventos excepcionales e historial.;2026-06-19T20:00:00-04:00
RPR-00212;CH-004;2026-06-20T20:00:00-04:00;2026-06-21T20:00:00-04:00;24;0.535;MEDIUM;0.975;HIGH;0.975;synthetic-rule-demo-v1;Score sintético ilustrativo derivado de sueño, despertar, regulación, rutina, GI, eventos excepcionales e historial.;2026-06-20T20:00:00-04:00
RPR-00213;CH-004;2026-06-21T20:00:00-04:00;2026-06-22T20:00:00-04:00;24;0.32;LOW;0.975;HIGH;0.975;synthetic-rule-demo-v1;Score sintético ilustrativo derivado de sueño, despertar, regulación, rutina, GI, eventos excepcionales e historial.;2026-06-21T20:00:00-04:00
RPR-00214;CH-004;2026-06-22T20:00:00-04:00;2026-06-23T20:00:00-04:00;24;0.335;LOW;0.975;HIGH;0.975;synthetic-rule-demo-v1;Score sintético ilustrativo derivado de sueño, despertar, regulación, rutina, GI, eventos excepcionales e historial.;2026-06-22T20:00:00-04:00
RPR-00215;CH-004;2026-06-23T20:00:00-04:00;2026-06-24T20:00:00-04:00;24;0.135;LOW;0.975;HIGH;0.975;synthetic-rule-demo-v1;Score sintético ilustrativo derivado de sueño, despertar, regulación, rutina, GI, eventos excepcionales e historial.;2026-06-23T20:00:00-04:00
RPR-00216;CH-004;2026-06-24T20:00:00-04:00;2026-06-25T20:00:00-04:00;24;0.135;LOW;0.975;HIGH;0.975;synthetic-rule-demo-v1;Score sintético ilustrativo derivado de sueño, despertar, regulación, rutina, GI, eventos excepcionales e historial.;2026-06-24T20:00:00-04:00
RPR-00217;CH-004;2026-06-25T20:00:00-04:00;2026-06-26T20:00:00-04:00;24;0.06;LOW;0.975;HIGH;0.975;synthetic-rule-demo-v1;Score sintético ilustrativo derivado de sueño, despertar, regulación, rutina, GI, eventos excepcionales e historial.;2026-06-25T20:00:00-04:00
RPR-00218;CH-004;2026-06-26T20:00:00-04:00;2026-06-27T20:00:00-04:00;24;0.315;LOW;0.975;HIGH;0.975;synthetic-rule-demo-v1;Score sintético ilustrativo derivado de sueño, despertar, regulación, rutina, GI, eventos excepcionales e historial.;2026-06-26T20:00:00-04:00
RPR-00219;CH-004;2026-06-27T20:00:00-04:00;2026-06-28T20:00:00-04:00;24;0.62;MEDIUM;0.975;HIGH;0.975;synthetic-rule-demo-v1;Score sintético ilustrativo derivado de sueño, despertar, regulación, rutina, GI, eventos excepcionales e historial.;2026-06-27T20:00:00-04:00
RPR-00220;CH-004;2026-06-28T20:00:00-04:00;2026-06-29T20:00:00-04:00;24;0.5;MEDIUM;0.975;HIGH;0.975;synthetic-rule-demo-v1;Score sintético ilustrativo derivado de sueño, despertar, regulación, rutina, GI, eventos excepcionales e historial.;2026-06-28T20:00:00-04:00
RPR-00221;CH-005;2026-05-05T20:00:00-04:00;2026-05-06T20:00:00-04:00;24;0.06;LOW;0.15;LOW;0.1;synthetic-rule-demo-v1;Score sintético ilustrativo derivado de sueño, despertar, regulación, rutina, GI, eventos excepcionales e historial.;2026-05-05T20:00:00-04:00
RPR-00222;CH-005;2026-05-06T20:00:00-04:00;2026-05-07T20:00:00-04:00;24;0.315;LOW;0.58;MEDIUM;0.703;synthetic-rule-demo-v1;Score sintético ilustrativo derivado de sueño, despertar, regulación, rutina, GI, eventos excepcionales e historial.;2026-05-06T20:00:00-04:00
RPR-00223;CH-005;2026-05-07T20:00:00-04:00;2026-05-08T20:00:00-04:00;24;0.335;LOW;0.688;MEDIUM;0.8;synthetic-rule-demo-v1;Score sintético ilustrativo derivado de sueño, despertar, regulación, rutina, GI, eventos excepcionales e historial.;2026-05-07T20:00:00-04:00
RPR-00224;CH-005;2026-05-08T20:00:00-04:00;2026-05-09T20:00:00-04:00;24;0.41;MEDIUM;0.738;MEDIUM;0.825;synthetic-rule-demo-v1;Score sintético ilustrativo derivado de sueño, despertar, regulación, rutina, GI, eventos excepcionales e historial.;2026-05-08T20:00:00-04:00
RPR-00225;CH-005;2026-05-09T20:00:00-04:00;2026-05-10T20:00:00-04:00;24;0.355;MEDIUM;0.79;HIGH;0.85;synthetic-rule-demo-v1;Score sintético ilustrativo derivado de sueño, despertar, regulación, rutina, GI, eventos excepcionales e historial.;2026-05-09T20:00:00-04:00
RPR-00226;CH-005;2026-05-10T20:00:00-04:00;2026-05-11T20:00:00-04:00;24;0.215;LOW;0.844;HIGH;0.875;synthetic-rule-demo-v1;Score sintético ilustrativo derivado de sueño, despertar, regulación, rutina, GI, eventos excepcionales e historial.;2026-05-10T20:00:00-04:00
RPR-00227;CH-005;2026-05-11T20:00:00-04:00;2026-05-12T20:00:00-04:00;24;0.355;MEDIUM;0.9;HIGH;0.9;synthetic-rule-demo-v1;Score sintético ilustrativo derivado de sueño, despertar, regulación, rutina, GI, eventos excepcionales e historial.;2026-05-11T20:00:00-04:00
RPR-00228;CH-005;2026-05-12T20:00:00-04:00;2026-05-13T20:00:00-04:00;24;0.55;MEDIUM;0.925;HIGH;0.925;synthetic-rule-demo-v1;Score sintético ilustrativo derivado de sueño, despertar, regulación, rutina, GI, eventos excepcionales e historial.;2026-05-12T20:00:00-04:00
RPR-00229;CH-005;2026-05-13T20:00:00-04:00;2026-05-14T20:00:00-04:00;24;0.545;MEDIUM;0.95;HIGH;0.95;synthetic-rule-demo-v1;Score sintético ilustrativo derivado de sueño, despertar, regulación, rutina, GI, eventos excepcionales e historial.;2026-05-13T20:00:00-04:00
RPR-00230;CH-005;2026-05-14T20:00:00-04:00;2026-05-15T20:00:00-04:00;24;0.41;MEDIUM;0.975;HIGH;0.975;synthetic-rule-demo-v1;Score sintético ilustrativo derivado de sueño, despertar, regulación, rutina, GI, eventos excepcionales e historial.;2026-05-14T20:00:00-04:00
RPR-00231;CH-005;2026-05-15T20:00:00-04:00;2026-05-16T20:00:00-04:00;24;0.235;LOW;0.975;HIGH;0.975;synthetic-rule-demo-v1;Score sintético ilustrativo derivado de sueño, despertar, regulación, rutina, GI, eventos excepcionales e historial.;2026-05-15T20:00:00-04:00
RPR-00232;CH-005;2026-05-16T20:00:00-04:00;2026-05-17T20:00:00-04:00;24;0.26;LOW;0.975;HIGH;0.975;synthetic-rule-demo-v1;Score sintético ilustrativo derivado de sueño, despertar, regulación, rutina, GI, eventos excepcionales e historial.;2026-05-16T20:00:00-04:00
RPR-00233;CH-005;2026-05-17T20:00:00-04:00;2026-05-18T20:00:00-04:00;24;0.335;LOW;0.975;HIGH;0.975;synthetic-rule-demo-v1;Score sintético ilustrativo derivado de sueño, despertar, regulación, rutina, GI, eventos excepcionales e historial.;2026-05-17T20:00:00-04:00
RPR-00234;CH-005;2026-05-18T20:00:00-04:00;2026-05-19T20:00:00-04:00;24;0.235;LOW;0.975;HIGH;0.975;synthetic-rule-demo-v1;Score sintético ilustrativo derivado de sueño, despertar, regulación, rutina, GI, eventos excepcionales e historial.;2026-05-18T20:00:00-04:00
RPR-00235;CH-005;2026-05-19T20:00:00-04:00;2026-05-20T20:00:00-04:00;24;0.25;LOW;0.98;HIGH;1.0;synthetic-rule-demo-v1;Score sintético ilustrativo derivado de sueño, despertar, regulación, rutina, GI, eventos excepcionales e historial.;2026-05-19T20:00:00-04:00
RPR-00236;CH-005;2026-05-20T20:00:00-04:00;2026-05-21T20:00:00-04:00;24;0.135;LOW;0.98;HIGH;1.0;synthetic-rule-demo-v1;Score sintético ilustrativo derivado de sueño, despertar, regulación, rutina, GI, eventos excepcionales e historial.;2026-05-20T20:00:00-04:00
RPR-00237;CH-005;2026-05-21T20:00:00-04:00;2026-05-22T20:00:00-04:00;24;0.135;LOW;0.98;HIGH;1.0;synthetic-rule-demo-v1;Score sintético ilustrativo derivado de sueño, despertar, regulación, rutina, GI, eventos excepcionales e historial.;2026-05-21T20:00:00-04:00
RPR-00238;CH-005;2026-05-22T20:00:00-04:00;2026-05-23T20:00:00-04:00;24;0.2;LOW;0.98;HIGH;1.0;synthetic-rule-demo-v1;Score sintético ilustrativo derivado de sueño, despertar, regulación, rutina, GI, eventos excepcionales e historial.;2026-05-22T20:00:00-04:00
RPR-00239;CH-005;2026-05-23T20:00:00-04:00;2026-05-24T20:00:00-04:00;24;0.12;LOW;0.98;HIGH;1.0;synthetic-rule-demo-v1;Score sintético ilustrativo derivado de sueño, despertar, regulación, rutina, GI, eventos excepcionales e historial.;2026-05-23T20:00:00-04:00
RPR-00240;CH-005;2026-05-24T20:00:00-04:00;2026-05-25T20:00:00-04:00;24;0.12;LOW;0.98;HIGH;1.0;synthetic-rule-demo-v1;Score sintético ilustrativo derivado de sueño, despertar, regulación, rutina, GI, eventos excepcionales e historial.;2026-05-24T20:00:00-04:00
RPR-00241;CH-005;2026-05-25T20:00:00-04:00;2026-05-26T20:00:00-04:00;24;0.2;LOW;0.98;HIGH;1.0;synthetic-rule-demo-v1;Score sintético ilustrativo derivado de sueño, despertar, regulación, rutina, GI, eventos excepcionales e historial.;2026-05-25T20:00:00-04:00
RPR-00242;CH-005;2026-05-26T20:00:00-04:00;2026-05-27T20:00:00-04:00;24;0.3;LOW;0.98;HIGH;1.0;synthetic-rule-demo-v1;Score sintético ilustrativo derivado de sueño, despertar, regulación, rutina, GI, eventos excepcionales e historial.;2026-05-26T20:00:00-04:00
RPR-00243;CH-005;2026-05-27T20:00:00-04:00;2026-05-28T20:00:00-04:00;24;0.775;HIGH;0.98;HIGH;1.0;synthetic-rule-demo-v1;Score sintético ilustrativo derivado de sueño, despertar, regulación, rutina, GI, eventos excepcionales e historial.;2026-05-27T20:00:00-04:00
RPR-00244;CH-005;2026-05-28T20:00:00-04:00;2026-05-29T20:00:00-04:00;24;0.94;HIGH;0.98;HIGH;1.0;synthetic-rule-demo-v1;Score sintético ilustrativo derivado de sueño, despertar, regulación, rutina, GI, eventos excepcionales e historial.;2026-05-28T20:00:00-04:00
RPR-00245;CH-005;2026-05-29T20:00:00-04:00;2026-05-30T20:00:00-04:00;24;0.63;MEDIUM;0.325;LOW;0.325;synthetic-rule-demo-v1;Score sintético ilustrativo derivado de sueño, despertar, regulación, rutina, GI, eventos excepcionales e historial.;2026-05-29T20:00:00-04:00
RPR-00246;CH-005;2026-05-30T20:00:00-04:00;2026-05-31T20:00:00-04:00;24;0.315;LOW;0.975;HIGH;0.975;synthetic-rule-demo-v1;Score sintético ilustrativo derivado de sueño, despertar, regulación, rutina, GI, eventos excepcionales e historial.;2026-05-30T20:00:00-04:00
RPR-00247;CH-005;2026-05-31T20:00:00-04:00;2026-06-01T20:00:00-04:00;24;0.1;LOW;0.975;HIGH;0.975;synthetic-rule-demo-v1;Score sintético ilustrativo derivado de sueño, despertar, regulación, rutina, GI, eventos excepcionales e historial.;2026-05-31T20:00:00-04:00
RPR-00248;CH-005;2026-06-01T20:00:00-04:00;2026-06-02T20:00:00-04:00;24;0.315;LOW;0.975;HIGH;0.975;synthetic-rule-demo-v1;Score sintético ilustrativo derivado de sueño, despertar, regulación, rutina, GI, eventos excepcionales e historial.;2026-06-01T20:00:00-04:00
RPR-00249;CH-005;2026-06-02T20:00:00-04:00;2026-06-03T20:00:00-04:00;24;0.29;LOW;0.975;HIGH;0.975;synthetic-rule-demo-v1;Score sintético ilustrativo derivado de sueño, despertar, regulación, rutina, GI, eventos excepcionales e historial.;2026-06-02T20:00:00-04:00
RPR-00250;CH-005;2026-06-03T20:00:00-04:00;2026-06-04T20:00:00-04:00;24;0.405;MEDIUM;0.975;HIGH;0.975;synthetic-rule-demo-v1;Score sintético ilustrativo derivado de sueño, despertar, regulación, rutina, GI, eventos excepcionales e historial.;2026-06-03T20:00:00-04:00
RPR-00251;CH-005;2026-06-04T20:00:00-04:00;2026-06-05T20:00:00-04:00;24;0.33;LOW;0.975;HIGH;0.975;synthetic-rule-demo-v1;Score sintético ilustrativo derivado de sueño, despertar, regulación, rutina, GI, eventos excepcionales e historial.;2026-06-04T20:00:00-04:00
RPR-00252;CH-005;2026-06-05T20:00:00-04:00;2026-06-06T20:00:00-04:00;24;0.39;MEDIUM;0.975;HIGH;0.975;synthetic-rule-demo-v1;Score sintético ilustrativo derivado de sueño, despertar, regulación, rutina, GI, eventos excepcionales e historial.;2026-06-05T20:00:00-04:00
RPR-00253;CH-005;2026-06-06T20:00:00-04:00;2026-06-07T20:00:00-04:00;24;0.39;MEDIUM;0.975;HIGH;0.975;synthetic-rule-demo-v1;Score sintético ilustrativo derivado de sueño, despertar, regulación, rutina, GI, eventos excepcionales e historial.;2026-06-06T20:00:00-04:00
RPR-00254;CH-005;2026-06-07T20:00:00-04:00;2026-06-08T20:00:00-04:00;24;0.505;MEDIUM;0.975;HIGH;0.975;synthetic-rule-demo-v1;Score sintético ilustrativo derivado de sueño, despertar, regulación, rutina, GI, eventos excepcionales e historial.;2026-06-07T20:00:00-04:00
RPR-00255;CH-005;2026-06-08T20:00:00-04:00;2026-06-09T20:00:00-04:00;24;0.365;MEDIUM;0.975;HIGH;0.975;synthetic-rule-demo-v1;Score sintético ilustrativo derivado de sueño, despertar, regulación, rutina, GI, eventos excepcionales e historial.;2026-06-08T20:00:00-04:00
RPR-00256;CH-005;2026-06-09T20:00:00-04:00;2026-06-10T20:00:00-04:00;24;0.375;MEDIUM;0.975;HIGH;0.975;synthetic-rule-demo-v1;Score sintético ilustrativo derivado de sueño, despertar, regulación, rutina, GI, eventos excepcionales e historial.;2026-06-09T20:00:00-04:00
RPR-00257;CH-005;2026-06-10T20:00:00-04:00;2026-06-11T20:00:00-04:00;24;0.16;LOW;0.975;HIGH;0.975;synthetic-rule-demo-v1;Score sintético ilustrativo derivado de sueño, despertar, regulación, rutina, GI, eventos excepcionales e historial.;2026-06-10T20:00:00-04:00
RPR-00258;CH-005;2026-06-11T20:00:00-04:00;2026-06-12T20:00:00-04:00;24;0.315;LOW;0.975;HIGH;0.975;synthetic-rule-demo-v1;Score sintético ilustrativo derivado de sueño, despertar, regulación, rutina, GI, eventos excepcionales e historial.;2026-06-11T20:00:00-04:00
RPR-00259;CH-005;2026-06-12T20:00:00-04:00;2026-06-13T20:00:00-04:00;24;0.175;LOW;0.98;HIGH;1.0;synthetic-rule-demo-v1;Score sintético ilustrativo derivado de sueño, despertar, regulación, rutina, GI, eventos excepcionales e historial.;2026-06-12T20:00:00-04:00
RPR-00260;CH-005;2026-06-13T20:00:00-04:00;2026-06-14T20:00:00-04:00;24;0.175;LOW;0.98;HIGH;1.0;synthetic-rule-demo-v1;Score sintético ilustrativo derivado de sueño, despertar, regulación, rutina, GI, eventos excepcionales e historial.;2026-06-13T20:00:00-04:00
RPR-00261;CH-005;2026-06-14T20:00:00-04:00;2026-06-15T20:00:00-04:00;24;0.1;LOW;0.98;HIGH;1.0;synthetic-rule-demo-v1;Score sintético ilustrativo derivado de sueño, despertar, regulación, rutina, GI, eventos excepcionales e historial.;2026-06-14T20:00:00-04:00
RPR-00262;CH-005;2026-06-15T20:00:00-04:00;2026-06-16T20:00:00-04:00;24;0.315;LOW;0.98;HIGH;1.0;synthetic-rule-demo-v1;Score sintético ilustrativo derivado de sueño, despertar, regulación, rutina, GI, eventos excepcionales e historial.;2026-06-15T20:00:00-04:00
RPR-00263;CH-005;2026-06-16T20:00:00-04:00;2026-06-17T20:00:00-04:00;24;0.235;LOW;0.98;HIGH;1.0;synthetic-rule-demo-v1;Score sintético ilustrativo derivado de sueño, despertar, regulación, rutina, GI, eventos excepcionales e historial.;2026-06-16T20:00:00-04:00
RPR-00264;CH-005;2026-06-17T20:00:00-04:00;2026-06-18T20:00:00-04:00;24;0.53;MEDIUM;0.98;HIGH;1.0;synthetic-rule-demo-v1;Score sintético ilustrativo derivado de sueño, despertar, regulación, rutina, GI, eventos excepcionales e historial.;2026-06-17T20:00:00-04:00
RPR-00265;CH-005;2026-06-18T20:00:00-04:00;2026-06-19T20:00:00-04:00;24;0.49;MEDIUM;0.98;HIGH;1.0;synthetic-rule-demo-v1;Score sintético ilustrativo derivado de sueño, despertar, regulación, rutina, GI, eventos excepcionales e historial.;2026-06-18T20:00:00-04:00
RPR-00266;CH-005;2026-06-19T20:00:00-04:00;2026-06-20T20:00:00-04:00;24;0.665;HIGH;0.98;HIGH;1.0;synthetic-rule-demo-v1;Score sintético ilustrativo derivado de sueño, despertar, regulación, rutina, GI, eventos excepcionales e historial.;2026-06-19T20:00:00-04:00
RPR-00267;CH-005;2026-06-20T20:00:00-04:00;2026-06-21T20:00:00-04:00;24;0.865;HIGH;0.98;HIGH;1.0;synthetic-rule-demo-v1;Score sintético ilustrativo derivado de sueño, despertar, regulación, rutina, GI, eventos excepcionales e historial.;2026-06-20T20:00:00-04:00
RPR-00268;CH-005;2026-06-21T20:00:00-04:00;2026-06-22T20:00:00-04:00;24;0.94;HIGH;0.98;HIGH;1.0;synthetic-rule-demo-v1;Score sintético ilustrativo derivado de sueño, despertar, regulación, rutina, GI, eventos excepcionales e historial.;2026-06-21T20:00:00-04:00
RPR-00269;CH-005;2026-06-22T20:00:00-04:00;2026-06-23T20:00:00-04:00;24;0.94;HIGH;0.98;HIGH;1.0;synthetic-rule-demo-v1;Score sintético ilustrativo derivado de sueño, despertar, regulación, rutina, GI, eventos excepcionales e historial.;2026-06-22T20:00:00-04:00
RPR-00270;CH-005;2026-06-23T20:00:00-04:00;2026-06-24T20:00:00-04:00;24;0.94;HIGH;0.98;HIGH;1.0;synthetic-rule-demo-v1;Score sintético ilustrativo derivado de sueño, despertar, regulación, rutina, GI, eventos excepcionales e historial.;2026-06-23T20:00:00-04:00
RPR-00271;CH-005;2026-06-24T20:00:00-04:00;2026-06-25T20:00:00-04:00;24;0.94;HIGH;0.98;HIGH;1.0;synthetic-rule-demo-v1;Score sintético ilustrativo derivado de sueño, despertar, regulación, rutina, GI, eventos excepcionales e historial.;2026-06-24T20:00:00-04:00
RPR-00272;CH-005;2026-06-25T20:00:00-04:00;2026-06-26T20:00:00-04:00;24;0.76;HIGH;0.98;HIGH;1.0;synthetic-rule-demo-v1;Score sintético ilustrativo derivado de sueño, despertar, regulación, rutina, GI, eventos excepcionales e historial.;2026-06-25T20:00:00-04:00
RPR-00273;CH-005;2026-06-26T20:00:00-04:00;2026-06-27T20:00:00-04:00;24;0.215;LOW;0.325;LOW;0.325;synthetic-rule-demo-v1;Score sintético ilustrativo derivado de sueño, despertar, regulación, rutina, GI, eventos excepcionales e historial.;2026-06-26T20:00:00-04:00
RPR-00274;CH-005;2026-06-27T20:00:00-04:00;2026-06-28T20:00:00-04:00;24;0.33;LOW;0.975;HIGH;0.975;synthetic-rule-demo-v1;Score sintético ilustrativo derivado de sueño, despertar, regulación, rutina, GI, eventos excepcionales e historial.;2026-06-27T20:00:00-04:00
RPR-00275;CH-005;2026-06-28T20:00:00-04:00;2026-06-29T20:00:00-04:00;24;0.19;LOW;0.3;LOW;0.3;synthetic-rule-demo-v1;Score sintético ilustrativo derivado de sueño, despertar, regulación, rutina, GI, eventos excepcionales e historial.;2026-06-28T20:00:00-04:00
RPR-00276;CH-006;2026-05-05T20:00:00-04:00;2026-05-06T20:00:00-04:00;24;0.235;LOW;0.639;MEDIUM;0.775;synthetic-rule-demo-v1;Score sintético ilustrativo derivado de sueño, despertar, regulación, rutina, GI, eventos excepcionales e historial.;2026-05-05T20:00:00-04:00
RPR-00277;CH-006;2026-05-06T20:00:00-04:00;2026-05-07T20:00:00-04:00;24;0.235;LOW;0.688;MEDIUM;0.8;synthetic-rule-demo-v1;Score sintético ilustrativo derivado de sueño, despertar, regulación, rutina, GI, eventos excepcionales e historial.;2026-05-06T20:00:00-04:00
RPR-00278;CH-006;2026-05-07T20:00:00-04:00;2026-05-08T20:00:00-04:00;24;0.12;LOW;0.738;MEDIUM;0.825;synthetic-rule-demo-v1;Score sintético ilustrativo derivado de sueño, despertar, regulación, rutina, GI, eventos excepcionales e historial.;2026-05-07T20:00:00-04:00
RPR-00279;CH-006;2026-05-08T20:00:00-04:00;2026-05-09T20:00:00-04:00;24;0.415;MEDIUM;0.79;HIGH;0.85;synthetic-rule-demo-v1;Score sintético ilustrativo derivado de sueño, despertar, regulación, rutina, GI, eventos excepcionales e historial.;2026-05-08T20:00:00-04:00
RPR-00280;CH-006;2026-05-09T20:00:00-04:00;2026-05-10T20:00:00-04:00;24;0.53;MEDIUM;0.844;HIGH;0.875;synthetic-rule-demo-v1;Score sintético ilustrativo derivado de sueño, despertar, regulación, rutina, GI, eventos excepcionales e historial.;2026-05-09T20:00:00-04:00
RPR-00281;CH-006;2026-05-10T20:00:00-04:00;2026-05-11T20:00:00-04:00;24;0.705;HIGH;0.9;HIGH;0.9;synthetic-rule-demo-v1;Score sintético ilustrativo derivado de sueño, despertar, regulación, rutina, GI, eventos excepcionales e historial.;2026-05-10T20:00:00-04:00
RPR-00282;CH-006;2026-05-11T20:00:00-04:00;2026-05-12T20:00:00-04:00;24;0.705;HIGH;0.925;HIGH;0.925;synthetic-rule-demo-v1;Score sintético ilustrativo derivado de sueño, despertar, regulación, rutina, GI, eventos excepcionales e historial.;2026-05-11T20:00:00-04:00
RPR-00283;CH-006;2026-05-12T20:00:00-04:00;2026-05-13T20:00:00-04:00;24;0.465;MEDIUM;0.95;HIGH;0.95;synthetic-rule-demo-v1;Score sintético ilustrativo derivado de sueño, despertar, regulación, rutina, GI, eventos excepcionales e historial.;2026-05-12T20:00:00-04:00
RPR-00284;CH-006;2026-05-13T20:00:00-04:00;2026-05-14T20:00:00-04:00;24;0.53;MEDIUM;0.975;HIGH;0.975;synthetic-rule-demo-v1;Score sintético ilustrativo derivado de sueño, despertar, regulación, rutina, GI, eventos excepcionales e historial.;2026-05-13T20:00:00-04:00
RPR-00285;CH-006;2026-05-14T20:00:00-04:00;2026-05-15T20:00:00-04:00;24;0.275;LOW;0.98;HIGH;1.0;synthetic-rule-demo-v1;Score sintético ilustrativo derivado de sueño, despertar, regulación, rutina, GI, eventos excepcionales e historial.;2026-05-14T20:00:00-04:00
RPR-00286;CH-006;2026-05-15T20:00:00-04:00;2026-05-16T20:00:00-04:00;24;0.375;MEDIUM;0.98;HIGH;1.0;synthetic-rule-demo-v1;Score sintético ilustrativo derivado de sueño, despertar, regulación, rutina, GI, eventos excepcionales e historial.;2026-05-15T20:00:00-04:00
RPR-00287;CH-006;2026-05-16T20:00:00-04:00;2026-05-17T20:00:00-04:00;24;0.215;LOW;0.98;HIGH;1.0;synthetic-rule-demo-v1;Score sintético ilustrativo derivado de sueño, despertar, regulación, rutina, GI, eventos excepcionales e historial.;2026-05-16T20:00:00-04:00
RPR-00288;CH-006;2026-05-17T20:00:00-04:00;2026-05-18T20:00:00-04:00;24;0.175;LOW;0.98;HIGH;1.0;synthetic-rule-demo-v1;Score sintético ilustrativo derivado de sueño, despertar, regulación, rutina, GI, eventos excepcionales e historial.;2026-05-17T20:00:00-04:00
RPR-00289;CH-006;2026-05-18T20:00:00-04:00;2026-05-19T20:00:00-04:00;24;0.115;LOW;0.98;HIGH;1.0;synthetic-rule-demo-v1;Score sintético ilustrativo derivado de sueño, despertar, regulación, rutina, GI, eventos excepcionales e historial.;2026-05-18T20:00:00-04:00
RPR-00290;CH-006;2026-05-19T20:00:00-04:00;2026-05-20T20:00:00-04:00;24;0.06;LOW;0.98;HIGH;1.0;synthetic-rule-demo-v1;Score sintético ilustrativo derivado de sueño, despertar, regulación, rutina, GI, eventos excepcionales e historial.;2026-05-19T20:00:00-04:00
RPR-00291;CH-006;2026-05-20T20:00:00-04:00;2026-05-21T20:00:00-04:00;24;0.06;LOW;0.98;HIGH;1.0;synthetic-rule-demo-v1;Score sintético ilustrativo derivado de sueño, despertar, regulación, rutina, GI, eventos excepcionales e historial.;2026-05-20T20:00:00-04:00
RPR-00292;CH-006;2026-05-21T20:00:00-04:00;2026-05-22T20:00:00-04:00;24;0.325;LOW;0.98;HIGH;1.0;synthetic-rule-demo-v1;Score sintético ilustrativo derivado de sueño, despertar, regulación, rutina, GI, eventos excepcionales e historial.;2026-05-21T20:00:00-04:00
RPR-00293;CH-006;2026-05-22T20:00:00-04:00;2026-05-23T20:00:00-04:00;24;0.36;MEDIUM;0.98;HIGH;1.0;synthetic-rule-demo-v1;Score sintético ilustrativo derivado de sueño, despertar, regulación, rutina, GI, eventos excepcionales e historial.;2026-05-22T20:00:00-04:00
RPR-00294;CH-006;2026-05-23T20:00:00-04:00;2026-05-24T20:00:00-04:00;24;0.595;MEDIUM;0.98;HIGH;1.0;synthetic-rule-demo-v1;Score sintético ilustrativo derivado de sueño, despertar, regulación, rutina, GI, eventos excepcionales e historial.;2026-05-23T20:00:00-04:00
RPR-00295;CH-006;2026-05-24T20:00:00-04:00;2026-05-25T20:00:00-04:00;24;0.41;MEDIUM;0.98;HIGH;1.0;synthetic-rule-demo-v1;Score sintético ilustrativo derivado de sueño, despertar, regulación, rutina, GI, eventos excepcionales e historial.;2026-05-24T20:00:00-04:00
RPR-00296;CH-006;2026-05-25T20:00:00-04:00;2026-05-26T20:00:00-04:00;24;0.445;MEDIUM;0.98;HIGH;1.0;synthetic-rule-demo-v1;Score sintético ilustrativo derivado de sueño, despertar, regulación, rutina, GI, eventos excepcionales e historial.;2026-05-25T20:00:00-04:00
RPR-00297;CH-006;2026-05-26T20:00:00-04:00;2026-05-27T20:00:00-04:00;24;0.35;MEDIUM;0.98;HIGH;1.0;synthetic-rule-demo-v1;Score sintético ilustrativo derivado de sueño, despertar, regulación, rutina, GI, eventos excepcionales e historial.;2026-05-26T20:00:00-04:00
RPR-00298;CH-006;2026-05-27T20:00:00-04:00;2026-05-28T20:00:00-04:00;24;0.23;LOW;0.98;HIGH;1.0;synthetic-rule-demo-v1;Score sintético ilustrativo derivado de sueño, despertar, regulación, rutina, GI, eventos excepcionales e historial.;2026-05-27T20:00:00-04:00
RPR-00299;CH-006;2026-05-28T20:00:00-04:00;2026-05-29T20:00:00-04:00;24;0.375;MEDIUM;0.98;HIGH;1.0;synthetic-rule-demo-v1;Score sintético ilustrativo derivado de sueño, despertar, regulación, rutina, GI, eventos excepcionales e historial.;2026-05-28T20:00:00-04:00
RPR-00300;CH-006;2026-05-29T20:00:00-04:00;2026-05-30T20:00:00-04:00;24;0.335;LOW;0.98;HIGH;1.0;synthetic-rule-demo-v1;Score sintético ilustrativo derivado de sueño, despertar, regulación, rutina, GI, eventos excepcionales e historial.;2026-05-29T20:00:00-04:00
RPR-00301;CH-006;2026-05-30T20:00:00-04:00;2026-05-31T20:00:00-04:00;24;0.415;MEDIUM;0.98;HIGH;1.0;synthetic-rule-demo-v1;Score sintético ilustrativo derivado de sueño, despertar, regulación, rutina, GI, eventos excepcionales e historial.;2026-05-30T20:00:00-04:00
RPR-00302;CH-006;2026-05-31T20:00:00-04:00;2026-06-01T20:00:00-04:00;24;0.845;HIGH;0.98;HIGH;1.0;synthetic-rule-demo-v1;Score sintético ilustrativo derivado de sueño, despertar, regulación, rutina, GI, eventos excepcionales e historial.;2026-05-31T20:00:00-04:00
RPR-00303;CH-006;2026-06-01T20:00:00-04:00;2026-06-02T20:00:00-04:00;24;0.89;HIGH;0.98;HIGH;1.0;synthetic-rule-demo-v1;Score sintético ilustrativo derivado de sueño, despertar, regulación, rutina, GI, eventos excepcionales e historial.;2026-06-01T20:00:00-04:00
RPR-00304;CH-006;2026-06-02T20:00:00-04:00;2026-06-03T20:00:00-04:00;24;0.69;HIGH;0.98;HIGH;1.0;synthetic-rule-demo-v1;Score sintético ilustrativo derivado de sueño, despertar, regulación, rutina, GI, eventos excepcionales e historial.;2026-06-02T20:00:00-04:00
RPR-00305;CH-006;2026-06-03T20:00:00-04:00;2026-06-04T20:00:00-04:00;24;0.365;MEDIUM;0.98;HIGH;1.0;synthetic-rule-demo-v1;Score sintético ilustrativo derivado de sueño, despertar, regulación, rutina, GI, eventos excepcionales e historial.;2026-06-03T20:00:00-04:00
RPR-00306;CH-006;2026-06-04T20:00:00-04:00;2026-06-05T20:00:00-04:00;24;0.435;MEDIUM;0.98;HIGH;1.0;synthetic-rule-demo-v1;Score sintético ilustrativo derivado de sueño, despertar, regulación, rutina, GI, eventos excepcionales e historial.;2026-06-04T20:00:00-04:00
RPR-00307;CH-006;2026-06-05T20:00:00-04:00;2026-06-06T20:00:00-04:00;24;0.315;LOW;0.98;HIGH;1.0;synthetic-rule-demo-v1;Score sintético ilustrativo derivado de sueño, despertar, regulación, rutina, GI, eventos excepcionales e historial.;2026-06-05T20:00:00-04:00
RPR-00308;CH-006;2026-06-06T20:00:00-04:00;2026-06-07T20:00:00-04:00;24;0.57;MEDIUM;0.98;HIGH;1.0;synthetic-rule-demo-v1;Score sintético ilustrativo derivado de sueño, despertar, regulación, rutina, GI, eventos excepcionales e historial.;2026-06-06T20:00:00-04:00
RPR-00309;CH-006;2026-06-07T20:00:00-04:00;2026-06-08T20:00:00-04:00;24;0.235;LOW;0.98;HIGH;1.0;synthetic-rule-demo-v1;Score sintético ilustrativo derivado de sueño, despertar, regulación, rutina, GI, eventos excepcionales e historial.;2026-06-07T20:00:00-04:00
RPR-00310;CH-006;2026-06-08T20:00:00-04:00;2026-06-09T20:00:00-04:00;24;0.235;LOW;0.98;HIGH;1.0;synthetic-rule-demo-v1;Score sintético ilustrativo derivado de sueño, despertar, regulación, rutina, GI, eventos excepcionales e historial.;2026-06-08T20:00:00-04:00
RPR-00311;CH-006;2026-06-09T20:00:00-04:00;2026-06-10T20:00:00-04:00;24;0.315;LOW;0.98;HIGH;1.0;synthetic-rule-demo-v1;Score sintético ilustrativo derivado de sueño, despertar, regulación, rutina, GI, eventos excepcionales e historial.;2026-06-09T20:00:00-04:00
RPR-00312;CH-006;2026-06-10T20:00:00-04:00;2026-06-11T20:00:00-04:00;24;0.235;LOW;0.98;HIGH;1.0;synthetic-rule-demo-v1;Score sintético ilustrativo derivado de sueño, despertar, regulación, rutina, GI, eventos excepcionales e historial.;2026-06-10T20:00:00-04:00
RPR-00313;CH-006;2026-06-11T20:00:00-04:00;2026-06-12T20:00:00-04:00;24;0.235;LOW;0.98;HIGH;1.0;synthetic-rule-demo-v1;Score sintético ilustrativo derivado de sueño, despertar, regulación, rutina, GI, eventos excepcionales e historial.;2026-06-11T20:00:00-04:00
RPR-00314;CH-006;2026-06-12T20:00:00-04:00;2026-06-13T20:00:00-04:00;24;0.06;LOW;0.98;HIGH;1.0;synthetic-rule-demo-v1;Score sintético ilustrativo derivado de sueño, despertar, regulación, rutina, GI, eventos excepcionales e historial.;2026-06-12T20:00:00-04:00
RPR-00315;CH-006;2026-06-13T20:00:00-04:00;2026-06-14T20:00:00-04:00;24;0.21;LOW;0.98;HIGH;1.0;synthetic-rule-demo-v1;Score sintético ilustrativo derivado de sueño, despertar, regulación, rutina, GI, eventos excepcionales e historial.;2026-06-13T20:00:00-04:00
RPR-00316;CH-006;2026-06-14T20:00:00-04:00;2026-06-15T20:00:00-04:00;24;0.33;LOW;0.98;HIGH;1.0;synthetic-rule-demo-v1;Score sintético ilustrativo derivado de sueño, despertar, regulación, rutina, GI, eventos excepcionales e historial.;2026-06-14T20:00:00-04:00
RPR-00317;CH-006;2026-06-15T20:00:00-04:00;2026-06-16T20:00:00-04:00;24;0.39;MEDIUM;0.98;HIGH;1.0;synthetic-rule-demo-v1;Score sintético ilustrativo derivado de sueño, despertar, regulación, rutina, GI, eventos excepcionales e historial.;2026-06-15T20:00:00-04:00
RPR-00318;CH-006;2026-06-16T20:00:00-04:00;2026-06-17T20:00:00-04:00;24;0.24;LOW;0.98;HIGH;1.0;synthetic-rule-demo-v1;Score sintético ilustrativo derivado de sueño, despertar, regulación, rutina, GI, eventos excepcionales e historial.;2026-06-16T20:00:00-04:00
RPR-00319;CH-006;2026-06-17T20:00:00-04:00;2026-06-18T20:00:00-04:00;24;0.2;LOW;0.98;HIGH;1.0;synthetic-rule-demo-v1;Score sintético ilustrativo derivado de sueño, despertar, regulación, rutina, GI, eventos excepcionales e historial.;2026-06-17T20:00:00-04:00
RPR-00320;CH-006;2026-06-18T20:00:00-04:00;2026-06-19T20:00:00-04:00;24;0.3;LOW;0.98;HIGH;1.0;synthetic-rule-demo-v1;Score sintético ilustrativo derivado de sueño, despertar, regulación, rutina, GI, eventos excepcionales e historial.;2026-06-18T20:00:00-04:00
RPR-00321;CH-006;2026-06-19T20:00:00-04:00;2026-06-20T20:00:00-04:00;24;0.335;LOW;0.98;HIGH;1.0;synthetic-rule-demo-v1;Score sintético ilustrativo derivado de sueño, despertar, regulación, rutina, GI, eventos excepcionales e historial.;2026-06-19T20:00:00-04:00
RPR-00322;CH-006;2026-06-20T20:00:00-04:00;2026-06-21T20:00:00-04:00;24;0.435;MEDIUM;0.98;HIGH;1.0;synthetic-rule-demo-v1;Score sintético ilustrativo derivado de sueño, despertar, regulación, rutina, GI, eventos excepcionales e historial.;2026-06-20T20:00:00-04:00
RPR-00323;CH-006;2026-06-21T20:00:00-04:00;2026-06-22T20:00:00-04:00;24;0.375;MEDIUM;0.928;HIGH;0.928;synthetic-rule-demo-v1;Score sintético ilustrativo derivado de sueño, despertar, regulación, rutina, GI, eventos excepcionales e historial.;2026-06-21T20:00:00-04:00
RPR-00324;CH-006;2026-06-22T20:00:00-04:00;2026-06-23T20:00:00-04:00;24;0.26;LOW;0.928;HIGH;0.928;synthetic-rule-demo-v1;Score sintético ilustrativo derivado de sueño, despertar, regulación, rutina, GI, eventos excepcionales e historial.;2026-06-22T20:00:00-04:00
RPR-00325;CH-006;2026-06-23T20:00:00-04:00;2026-06-24T20:00:00-04:00;24;0.16;LOW;0.325;LOW;0.325;synthetic-rule-demo-v1;Score sintético ilustrativo derivado de sueño, despertar, regulación, rutina, GI, eventos excepcionales e historial.;2026-06-23T20:00:00-04:00
RPR-00326;CH-006;2026-06-24T20:00:00-04:00;2026-06-25T20:00:00-04:00;24;0.2;LOW;0.975;HIGH;0.975;synthetic-rule-demo-v1;Score sintético ilustrativo derivado de sueño, despertar, regulación, rutina, GI, eventos excepcionales e historial.;2026-06-24T20:00:00-04:00
RPR-00327;CH-006;2026-06-25T20:00:00-04:00;2026-06-26T20:00:00-04:00;24;0.16;LOW;0.903;HIGH;0.903;synthetic-rule-demo-v1;Score sintético ilustrativo derivado de sueño, despertar, regulación, rutina, GI, eventos excepcionales e historial.;2026-06-25T20:00:00-04:00
RPR-00328;CH-006;2026-06-26T20:00:00-04:00;2026-06-27T20:00:00-04:00;24;0.3;LOW;0.975;HIGH;0.975;synthetic-rule-demo-v1;Score sintético ilustrativo derivado de sueño, despertar, regulación, rutina, GI, eventos excepcionales e historial.;2026-06-26T20:00:00-04:00
RPR-00329;CH-006;2026-06-27T20:00:00-04:00;2026-06-28T20:00:00-04:00;24;0.3;LOW;0.975;HIGH;0.975;synthetic-rule-demo-v1;Score sintético ilustrativo derivado de sueño, despertar, regulación, rutina, GI, eventos excepcionales e historial.;2026-06-27T20:00:00-04:00
RPR-00330;CH-006;2026-06-28T20:00:00-04:00;2026-06-29T20:00:00-04:00;24;0.4;MEDIUM;0.975;HIGH;0.975;synthetic-rule-demo-v1;Score sintético ilustrativo derivado de sueño, despertar, regulación, rutina, GI, eventos excepcionales e historial.;2026-06-28T20:00:00-04:00
RPR-00331;CH-007;2026-05-05T20:00:00-04:00;2026-05-06T20:00:00-04:00;24;0.385;MEDIUM;0.593;MEDIUM;0.75;synthetic-rule-demo-v1;Score sintético ilustrativo derivado de sueño, despertar, regulación, rutina, GI, eventos excepcionales e historial.;2026-05-05T20:00:00-04:00
RPR-00332;CH-007;2026-05-06T20:00:00-04:00;2026-05-07T20:00:00-04:00;24;0.235;LOW;0.639;MEDIUM;0.775;synthetic-rule-demo-v1;Score sintético ilustrativo derivado de sueño, despertar, regulación, rutina, GI, eventos excepcionales e historial.;2026-05-06T20:00:00-04:00
RPR-00333;CH-007;2026-05-07T20:00:00-04:00;2026-05-08T20:00:00-04:00;24;0.235;LOW;0.688;MEDIUM;0.8;synthetic-rule-demo-v1;Score sintético ilustrativo derivado de sueño, despertar, regulación, rutina, GI, eventos excepcionales e historial.;2026-05-07T20:00:00-04:00
RPR-00334;CH-007;2026-05-08T20:00:00-04:00;2026-05-09T20:00:00-04:00;24;0.12;LOW;0.738;MEDIUM;0.825;synthetic-rule-demo-v1;Score sintético ilustrativo derivado de sueño, despertar, regulación, rutina, GI, eventos excepcionales e historial.;2026-05-08T20:00:00-04:00
RPR-00335;CH-007;2026-05-09T20:00:00-04:00;2026-05-10T20:00:00-04:00;24;0.26;LOW;0.79;HIGH;0.85;synthetic-rule-demo-v1;Score sintético ilustrativo derivado de sueño, despertar, regulación, rutina, GI, eventos excepcionales e historial.;2026-05-09T20:00:00-04:00
RPR-00336;CH-007;2026-05-10T20:00:00-04:00;2026-05-11T20:00:00-04:00;24;0.55;MEDIUM;0.844;HIGH;0.875;synthetic-rule-demo-v1;Score sintético ilustrativo derivado de sueño, despertar, regulación, rutina, GI, eventos excepcionales e historial.;2026-05-10T20:00:00-04:00
RPR-00337;CH-007;2026-05-11T20:00:00-04:00;2026-05-12T20:00:00-04:00;24;0.47;MEDIUM;0.9;HIGH;0.9;synthetic-rule-demo-v1;Score sintético ilustrativo derivado de sueño, despertar, regulación, rutina, GI, eventos excepcionales e historial.;2026-05-11T20:00:00-04:00
RPR-00338;CH-007;2026-05-12T20:00:00-04:00;2026-05-13T20:00:00-04:00;24;0.45;MEDIUM;0.925;HIGH;0.925;synthetic-rule-demo-v1;Score sintético ilustrativo derivado de sueño, despertar, regulación, rutina, GI, eventos excepcionales e historial.;2026-05-12T20:00:00-04:00
RPR-00339;CH-007;2026-05-13T20:00:00-04:00;2026-05-14T20:00:00-04:00;24;0.395;MEDIUM;0.95;HIGH;0.95;synthetic-rule-demo-v1;Score sintético ilustrativo derivado de sueño, despertar, regulación, rutina, GI, eventos excepcionales e historial.;2026-05-13T20:00:00-04:00
RPR-00340;CH-007;2026-05-14T20:00:00-04:00;2026-05-15T20:00:00-04:00;24;0.635;MEDIUM;0.975;HIGH;0.975;synthetic-rule-demo-v1;Score sintético ilustrativo derivado de sueño, despertar, regulación, rutina, GI, eventos excepcionales e historial.;2026-05-14T20:00:00-04:00
RPR-00341;CH-007;2026-05-15T20:00:00-04:00;2026-05-16T20:00:00-04:00;24;0.51;MEDIUM;0.975;HIGH;0.975;synthetic-rule-demo-v1;Score sintético ilustrativo derivado de sueño, despertar, regulación, rutina, GI, eventos excepcionales e historial.;2026-05-15T20:00:00-04:00
RPR-00342;CH-007;2026-05-16T20:00:00-04:00;2026-05-17T20:00:00-04:00;24;0.845;HIGH;0.98;HIGH;1.0;synthetic-rule-demo-v1;Score sintético ilustrativo derivado de sueño, despertar, regulación, rutina, GI, eventos excepcionales e historial.;2026-05-16T20:00:00-04:00
RPR-00343;CH-007;2026-05-17T20:00:00-04:00;2026-05-18T20:00:00-04:00;24;0.56;MEDIUM;0.98;HIGH;1.0;synthetic-rule-demo-v1;Score sintético ilustrativo derivado de sueño, despertar, regulación, rutina, GI, eventos excepcionales e historial.;2026-05-17T20:00:00-04:00
RPR-00344;CH-007;2026-05-18T20:00:00-04:00;2026-05-19T20:00:00-04:00;24;0.66;HIGH;0.98;HIGH;1.0;synthetic-rule-demo-v1;Score sintético ilustrativo derivado de sueño, despertar, regulación, rutina, GI, eventos excepcionales e historial.;2026-05-18T20:00:00-04:00
RPR-00345;CH-007;2026-05-19T20:00:00-04:00;2026-05-20T20:00:00-04:00;24;0.765;HIGH;0.98;HIGH;1.0;synthetic-rule-demo-v1;Score sintético ilustrativo derivado de sueño, despertar, regulación, rutina, GI, eventos excepcionales e historial.;2026-05-19T20:00:00-04:00
RPR-00346;CH-007;2026-05-20T20:00:00-04:00;2026-05-21T20:00:00-04:00;24;0.94;HIGH;0.98;HIGH;1.0;synthetic-rule-demo-v1;Score sintético ilustrativo derivado de sueño, despertar, regulación, rutina, GI, eventos excepcionales e historial.;2026-05-20T20:00:00-04:00
RPR-00347;CH-007;2026-05-21T20:00:00-04:00;2026-05-22T20:00:00-04:00;24;0.94;HIGH;0.98;HIGH;1.0;synthetic-rule-demo-v1;Score sintético ilustrativo derivado de sueño, despertar, regulación, rutina, GI, eventos excepcionales e historial.;2026-05-21T20:00:00-04:00
RPR-00348;CH-007;2026-05-22T20:00:00-04:00;2026-05-23T20:00:00-04:00;24;0.94;HIGH;0.98;HIGH;1.0;synthetic-rule-demo-v1;Score sintético ilustrativo derivado de sueño, despertar, regulación, rutina, GI, eventos excepcionales e historial.;2026-05-22T20:00:00-04:00
RPR-00349;CH-007;2026-05-23T20:00:00-04:00;2026-05-24T20:00:00-04:00;24;0.94;HIGH;0.98;HIGH;1.0;synthetic-rule-demo-v1;Score sintético ilustrativo derivado de sueño, despertar, regulación, rutina, GI, eventos excepcionales e historial.;2026-05-23T20:00:00-04:00
RPR-00350;CH-007;2026-05-24T20:00:00-04:00;2026-05-25T20:00:00-04:00;24;0.525;MEDIUM;0.98;HIGH;1.0;synthetic-rule-demo-v1;Score sintético ilustrativo derivado de sueño, despertar, regulación, rutina, GI, eventos excepcionales e historial.;2026-05-24T20:00:00-04:00
RPR-00351;CH-007;2026-05-25T20:00:00-04:00;2026-05-26T20:00:00-04:00;24;0.06;LOW;0.98;HIGH;1.0;synthetic-rule-demo-v1;Score sintético ilustrativo derivado de sueño, despertar, regulación, rutina, GI, eventos excepcionales e historial.;2026-05-25T20:00:00-04:00
RPR-00352;CH-007;2026-05-26T20:00:00-04:00;2026-05-27T20:00:00-04:00;24;0.355;MEDIUM;0.98;HIGH;1.0;synthetic-rule-demo-v1;Score sintético ilustrativo derivado de sueño, despertar, regulación, rutina, GI, eventos excepcionales e historial.;2026-05-26T20:00:00-04:00
RPR-00353;CH-007;2026-05-27T20:00:00-04:00;2026-05-28T20:00:00-04:00;24;0.235;LOW;0.98;HIGH;1.0;synthetic-rule-demo-v1;Score sintético ilustrativo derivado de sueño, despertar, regulación, rutina, GI, eventos excepcionales e historial.;2026-05-27T20:00:00-04:00
RPR-00354;CH-007;2026-05-28T20:00:00-04:00;2026-05-29T20:00:00-04:00;24;0.275;LOW;0.98;HIGH;1.0;synthetic-rule-demo-v1;Score sintético ilustrativo derivado de sueño, despertar, regulación, rutina, GI, eventos excepcionales e historial.;2026-05-28T20:00:00-04:00
RPR-00355;CH-007;2026-05-29T20:00:00-04:00;2026-05-30T20:00:00-04:00;24;0.06;LOW;0.98;HIGH;1.0;synthetic-rule-demo-v1;Score sintético ilustrativo derivado de sueño, despertar, regulación, rutina, GI, eventos excepcionales e historial.;2026-05-29T20:00:00-04:00
RPR-00356;CH-007;2026-05-30T20:00:00-04:00;2026-05-31T20:00:00-04:00;24;0.175;LOW;0.98;HIGH;1.0;synthetic-rule-demo-v1;Score sintético ilustrativo derivado de sueño, despertar, regulación, rutina, GI, eventos excepcionales e historial.;2026-05-30T20:00:00-04:00
RPR-00357;CH-007;2026-05-31T20:00:00-04:00;2026-06-01T20:00:00-04:00;24;0.35;MEDIUM;0.98;HIGH;1.0;synthetic-rule-demo-v1;Score sintético ilustrativo derivado de sueño, despertar, regulación, rutina, GI, eventos excepcionales e historial.;2026-05-31T20:00:00-04:00
RPR-00358;CH-007;2026-06-01T20:00:00-04:00;2026-06-02T20:00:00-04:00;24;0.27;LOW;0.98;HIGH;1.0;synthetic-rule-demo-v1;Score sintético ilustrativo derivado de sueño, despertar, regulación, rutina, GI, eventos excepcionales e historial.;2026-06-01T20:00:00-04:00
RPR-00359;CH-007;2026-06-02T20:00:00-04:00;2026-06-03T20:00:00-04:00;24;0.45;MEDIUM;0.98;HIGH;1.0;synthetic-rule-demo-v1;Score sintético ilustrativo derivado de sueño, despertar, regulación, rutina, GI, eventos excepcionales e historial.;2026-06-02T20:00:00-04:00
RPR-00360;CH-007;2026-06-03T20:00:00-04:00;2026-06-04T20:00:00-04:00;24;0.275;LOW;0.98;HIGH;1.0;synthetic-rule-demo-v1;Score sintético ilustrativo derivado de sueño, despertar, regulación, rutina, GI, eventos excepcionales e historial.;2026-06-03T20:00:00-04:00
RPR-00361;CH-007;2026-06-04T20:00:00-04:00;2026-06-05T20:00:00-04:00;24;0.35;MEDIUM;0.98;HIGH;1.0;synthetic-rule-demo-v1;Score sintético ilustrativo derivado de sueño, despertar, regulación, rutina, GI, eventos excepcionales e historial.;2026-06-04T20:00:00-04:00
RPR-00362;CH-007;2026-06-05T20:00:00-04:00;2026-06-06T20:00:00-04:00;24;0.39;MEDIUM;0.98;HIGH;1.0;synthetic-rule-demo-v1;Score sintético ilustrativo derivado de sueño, despertar, regulación, rutina, GI, eventos excepcionales e historial.;2026-06-05T20:00:00-04:00
RPR-00363;CH-007;2026-06-06T20:00:00-04:00;2026-06-07T20:00:00-04:00;24;0.45;MEDIUM;0.98;HIGH;1.0;synthetic-rule-demo-v1;Score sintético ilustrativo derivado de sueño, despertar, regulación, rutina, GI, eventos excepcionales e historial.;2026-06-06T20:00:00-04:00
RPR-00364;CH-007;2026-06-07T20:00:00-04:00;2026-06-08T20:00:00-04:00;24;0.7;HIGH;0.98;HIGH;1.0;synthetic-rule-demo-v1;Score sintético ilustrativo derivado de sueño, despertar, regulación, rutina, GI, eventos excepcionales e historial.;2026-06-07T20:00:00-04:00
RPR-00365;CH-007;2026-06-08T20:00:00-04:00;2026-06-09T20:00:00-04:00;24;0.545;MEDIUM;0.98;HIGH;1.0;synthetic-rule-demo-v1;Score sintético ilustrativo derivado de sueño, despertar, regulación, rutina, GI, eventos excepcionales e historial.;2026-06-08T20:00:00-04:00
RPR-00366;CH-007;2026-06-09T20:00:00-04:00;2026-06-10T20:00:00-04:00;24;0.595;MEDIUM;0.98;HIGH;1.0;synthetic-rule-demo-v1;Score sintético ilustrativo derivado de sueño, despertar, regulación, rutina, GI, eventos excepcionales e historial.;2026-06-09T20:00:00-04:00
RPR-00367;CH-007;2026-06-10T20:00:00-04:00;2026-06-11T20:00:00-04:00;24;0.27;LOW;0.98;HIGH;1.0;synthetic-rule-demo-v1;Score sintético ilustrativo derivado de sueño, despertar, regulación, rutina, GI, eventos excepcionales e historial.;2026-06-10T20:00:00-04:00
RPR-00368;CH-007;2026-06-11T20:00:00-04:00;2026-06-12T20:00:00-04:00;24;0.17;LOW;0.98;HIGH;1.0;synthetic-rule-demo-v1;Score sintético ilustrativo derivado de sueño, despertar, regulación, rutina, GI, eventos excepcionales e historial.;2026-06-11T20:00:00-04:00
RPR-00369;CH-007;2026-06-12T20:00:00-04:00;2026-06-13T20:00:00-04:00;24;0.63;MEDIUM;0.98;HIGH;1.0;synthetic-rule-demo-v1;Score sintético ilustrativo derivado de sueño, despertar, regulación, rutina, GI, eventos excepcionales e historial.;2026-06-12T20:00:00-04:00
RPR-00370;CH-007;2026-06-13T20:00:00-04:00;2026-06-14T20:00:00-04:00;24;0.725;HIGH;0.98;HIGH;1.0;synthetic-rule-demo-v1;Score sintético ilustrativo derivado de sueño, despertar, regulación, rutina, GI, eventos excepcionales e historial.;2026-06-13T20:00:00-04:00
RPR-00371;CH-007;2026-06-14T20:00:00-04:00;2026-06-15T20:00:00-04:00;24;0.725;HIGH;0.98;HIGH;1.0;synthetic-rule-demo-v1;Score sintético ilustrativo derivado de sueño, despertar, regulación, rutina, GI, eventos excepcionales e historial.;2026-06-14T20:00:00-04:00
RPR-00372;CH-007;2026-06-15T20:00:00-04:00;2026-06-16T20:00:00-04:00;24;0.93;HIGH;0.98;HIGH;1.0;synthetic-rule-demo-v1;Score sintético ilustrativo derivado de sueño, despertar, regulación, rutina, GI, eventos excepcionales e historial.;2026-06-15T20:00:00-04:00
RPR-00373;CH-007;2026-06-16T20:00:00-04:00;2026-06-17T20:00:00-04:00;24;0.45;MEDIUM;0.98;HIGH;1.0;synthetic-rule-demo-v1;Score sintético ilustrativo derivado de sueño, despertar, regulación, rutina, GI, eventos excepcionales e historial.;2026-06-16T20:00:00-04:00
RPR-00374;CH-007;2026-06-17T20:00:00-04:00;2026-06-18T20:00:00-04:00;24;0.37;MEDIUM;0.98;HIGH;1.0;synthetic-rule-demo-v1;Score sintético ilustrativo derivado de sueño, despertar, regulación, rutina, GI, eventos excepcionales e historial.;2026-06-17T20:00:00-04:00
RPR-00375;CH-007;2026-06-18T20:00:00-04:00;2026-06-19T20:00:00-04:00;24;0.255;LOW;0.98;HIGH;1.0;synthetic-rule-demo-v1;Score sintético ilustrativo derivado de sueño, despertar, regulación, rutina, GI, eventos excepcionales e historial.;2026-06-18T20:00:00-04:00
RPR-00376;CH-007;2026-06-19T20:00:00-04:00;2026-06-20T20:00:00-04:00;24;0.175;LOW;0.98;HIGH;1.0;synthetic-rule-demo-v1;Score sintético ilustrativo derivado de sueño, despertar, regulación, rutina, GI, eventos excepcionales e historial.;2026-06-19T20:00:00-04:00
RPR-00377;CH-007;2026-06-20T20:00:00-04:00;2026-06-21T20:00:00-04:00;24;0.325;LOW;0.98;HIGH;1.0;synthetic-rule-demo-v1;Score sintético ilustrativo derivado de sueño, despertar, regulación, rutina, GI, eventos excepcionales e historial.;2026-06-20T20:00:00-04:00
RPR-00378;CH-007;2026-06-21T20:00:00-04:00;2026-06-22T20:00:00-04:00;24;0.225;LOW;0.98;HIGH;1.0;synthetic-rule-demo-v1;Score sintético ilustrativo derivado de sueño, despertar, regulación, rutina, GI, eventos excepcionales e historial.;2026-06-21T20:00:00-04:00
RPR-00379;CH-007;2026-06-22T20:00:00-04:00;2026-06-23T20:00:00-04:00;24;0.265;LOW;0.98;HIGH;1.0;synthetic-rule-demo-v1;Score sintético ilustrativo derivado de sueño, despertar, regulación, rutina, GI, eventos excepcionales e historial.;2026-06-22T20:00:00-04:00
RPR-00380;CH-007;2026-06-23T20:00:00-04:00;2026-06-24T20:00:00-04:00;24;0.06;LOW;0.98;HIGH;1.0;synthetic-rule-demo-v1;Score sintético ilustrativo derivado de sueño, despertar, regulación, rutina, GI, eventos excepcionales e historial.;2026-06-23T20:00:00-04:00
RPR-00381;CH-007;2026-06-24T20:00:00-04:00;2026-06-25T20:00:00-04:00;24;0.2;LOW;0.98;HIGH;1.0;synthetic-rule-demo-v1;Score sintético ilustrativo derivado de sueño, despertar, regulación, rutina, GI, eventos excepcionales e historial.;2026-06-24T20:00:00-04:00
RPR-00382;CH-007;2026-06-25T20:00:00-04:00;2026-06-26T20:00:00-04:00;24;0.235;LOW;0.98;HIGH;1.0;synthetic-rule-demo-v1;Score sintético ilustrativo derivado de sueño, despertar, regulación, rutina, GI, eventos excepcionales e historial.;2026-06-25T20:00:00-04:00
RPR-00383;CH-007;2026-06-26T20:00:00-04:00;2026-06-27T20:00:00-04:00;24;0.31;LOW;0.98;HIGH;1.0;synthetic-rule-demo-v1;Score sintético ilustrativo derivado de sueño, despertar, regulación, rutina, GI, eventos excepcionales e historial.;2026-06-26T20:00:00-04:00
RPR-00384;CH-007;2026-06-27T20:00:00-04:00;2026-06-28T20:00:00-04:00;24;0.35;MEDIUM;0.98;HIGH;1.0;synthetic-rule-demo-v1;Score sintético ilustrativo derivado de sueño, despertar, regulación, rutina, GI, eventos excepcionales e historial.;2026-06-27T20:00:00-04:00
RPR-00385;CH-007;2026-06-28T20:00:00-04:00;2026-06-29T20:00:00-04:00;24;0.5;MEDIUM;0.98;HIGH;1.0;synthetic-rule-demo-v1;Score sintético ilustrativo derivado de sueño, despertar, regulación, rutina, GI, eventos excepcionales e historial.;2026-06-28T20:00:00-04:00
RPR-00386;CH-008;2026-05-05T20:00:00-04:00;2026-05-06T20:00:00-04:00;24;0.3;LOW;0.639;MEDIUM;0.775;synthetic-rule-demo-v1;Score sintético ilustrativo derivado de sueño, despertar, regulación, rutina, GI, eventos excepcionales e historial.;2026-05-05T20:00:00-04:00
RPR-00387;CH-008;2026-05-06T20:00:00-04:00;2026-05-07T20:00:00-04:00;24;0.28;LOW;0.688;MEDIUM;0.8;synthetic-rule-demo-v1;Score sintético ilustrativo derivado de sueño, despertar, regulación, rutina, GI, eventos excepcionales e historial.;2026-05-06T20:00:00-04:00
RPR-00388;CH-008;2026-05-07T20:00:00-04:00;2026-05-08T20:00:00-04:00;24;0.24;LOW;0.738;MEDIUM;0.825;synthetic-rule-demo-v1;Score sintético ilustrativo derivado de sueño, despertar, regulación, rutina, GI, eventos excepcionales e historial.;2026-05-07T20:00:00-04:00
RPR-00389;CH-008;2026-05-08T20:00:00-04:00;2026-05-09T20:00:00-04:00;24;0.18;LOW;0.79;HIGH;0.85;synthetic-rule-demo-v1;Score sintético ilustrativo derivado de sueño, despertar, regulación, rutina, GI, eventos excepcionales e historial.;2026-05-08T20:00:00-04:00
RPR-00390;CH-008;2026-05-09T20:00:00-04:00;2026-05-10T20:00:00-04:00;24;0.06;LOW;0.844;HIGH;0.875;synthetic-rule-demo-v1;Score sintético ilustrativo derivado de sueño, despertar, regulación, rutina, GI, eventos excepcionales e historial.;2026-05-09T20:00:00-04:00
RPR-00391;CH-008;2026-05-10T20:00:00-04:00;2026-05-11T20:00:00-04:00;24;0.06;LOW;0.9;HIGH;0.9;synthetic-rule-demo-v1;Score sintético ilustrativo derivado de sueño, despertar, regulación, rutina, GI, eventos excepcionales e historial.;2026-05-10T20:00:00-04:00
RPR-00392;CH-008;2026-05-11T20:00:00-04:00;2026-05-12T20:00:00-04:00;24;0.355;MEDIUM;0.925;HIGH;0.925;synthetic-rule-demo-v1;Score sintético ilustrativo derivado de sueño, despertar, regulación, rutina, GI, eventos excepcionales e historial.;2026-05-11T20:00:00-04:00
RPR-00393;CH-008;2026-05-12T20:00:00-04:00;2026-05-13T20:00:00-04:00;24;0.375;MEDIUM;0.95;HIGH;0.95;synthetic-rule-demo-v1;Score sintético ilustrativo derivado de sueño, despertar, regulación, rutina, GI, eventos excepcionales e historial.;2026-05-12T20:00:00-04:00
RPR-00394;CH-008;2026-05-13T20:00:00-04:00;2026-05-14T20:00:00-04:00;24;0.295;LOW;0.975;HIGH;0.975;synthetic-rule-demo-v1;Score sintético ilustrativo derivado de sueño, despertar, regulación, rutina, GI, eventos excepcionales e historial.;2026-05-13T20:00:00-04:00
RPR-00395;CH-008;2026-05-14T20:00:00-04:00;2026-05-15T20:00:00-04:00;24;0.12;LOW;0.98;HIGH;1.0;synthetic-rule-demo-v1;Score sintético ilustrativo derivado de sueño, despertar, regulación, rutina, GI, eventos excepcionales e historial.;2026-05-14T20:00:00-04:00
RPR-00396;CH-008;2026-05-15T20:00:00-04:00;2026-05-16T20:00:00-04:00;24;0.18;LOW;0.98;HIGH;1.0;synthetic-rule-demo-v1;Score sintético ilustrativo derivado de sueño, despertar, regulación, rutina, GI, eventos excepcionales e historial.;2026-05-15T20:00:00-04:00
RPR-00397;CH-008;2026-05-16T20:00:00-04:00;2026-05-17T20:00:00-04:00;24;0.26;LOW;0.98;HIGH;1.0;synthetic-rule-demo-v1;Score sintético ilustrativo derivado de sueño, despertar, regulación, rutina, GI, eventos excepcionales e historial.;2026-05-16T20:00:00-04:00
RPR-00398;CH-008;2026-05-17T20:00:00-04:00;2026-05-18T20:00:00-04:00;24;0.605;MEDIUM;0.98;HIGH;1.0;synthetic-rule-demo-v1;Score sintético ilustrativo derivado de sueño, despertar, regulación, rutina, GI, eventos excepcionales e historial.;2026-05-17T20:00:00-04:00
RPR-00399;CH-008;2026-05-18T20:00:00-04:00;2026-05-19T20:00:00-04:00;24;0.64;MEDIUM;0.98;HIGH;1.0;synthetic-rule-demo-v1;Score sintético ilustrativo derivado de sueño, despertar, regulación, rutina, GI, eventos excepcionales e historial.;2026-05-18T20:00:00-04:00
RPR-00400;CH-008;2026-05-19T20:00:00-04:00;2026-05-20T20:00:00-04:00;24;0.635;MEDIUM;0.98;HIGH;1.0;synthetic-rule-demo-v1;Score sintético ilustrativo derivado de sueño, despertar, regulación, rutina, GI, eventos excepcionales e historial.;2026-05-19T20:00:00-04:00
RPR-00401;CH-008;2026-05-20T20:00:00-04:00;2026-05-21T20:00:00-04:00;24;0.445;MEDIUM;0.928;HIGH;0.928;synthetic-rule-demo-v1;Score sintético ilustrativo derivado de sueño, despertar, regulación, rutina, GI, eventos excepcionales e historial.;2026-05-20T20:00:00-04:00
RPR-00402;CH-008;2026-05-21T20:00:00-04:00;2026-05-22T20:00:00-04:00;24;0.25;LOW;0.98;HIGH;1.0;synthetic-rule-demo-v1;Score sintético ilustrativo derivado de sueño, despertar, regulación, rutina, GI, eventos excepcionales e historial.;2026-05-21T20:00:00-04:00
RPR-00403;CH-008;2026-05-22T20:00:00-04:00;2026-05-23T20:00:00-04:00;24;0.465;MEDIUM;0.98;HIGH;1.0;synthetic-rule-demo-v1;Score sintético ilustrativo derivado de sueño, despertar, regulación, rutina, GI, eventos excepcionales e historial.;2026-05-22T20:00:00-04:00
RPR-00404;CH-008;2026-05-23T20:00:00-04:00;2026-05-24T20:00:00-04:00;24;0.27;LOW;0.98;HIGH;1.0;synthetic-rule-demo-v1;Score sintético ilustrativo derivado de sueño, despertar, regulación, rutina, GI, eventos excepcionales e historial.;2026-05-23T20:00:00-04:00
RPR-00405;CH-008;2026-05-24T20:00:00-04:00;2026-05-25T20:00:00-04:00;24;0.41;MEDIUM;0.98;HIGH;1.0;synthetic-rule-demo-v1;Score sintético ilustrativo derivado de sueño, despertar, regulación, rutina, GI, eventos excepcionales e historial.;2026-05-24T20:00:00-04:00
RPR-00406;CH-008;2026-05-25T20:00:00-04:00;2026-05-26T20:00:00-04:00;24;0.215;LOW;0.98;HIGH;1.0;synthetic-rule-demo-v1;Score sintético ilustrativo derivado de sueño, despertar, regulación, rutina, GI, eventos excepcionales e historial.;2026-05-25T20:00:00-04:00
RPR-00407;CH-008;2026-05-26T20:00:00-04:00;2026-05-27T20:00:00-04:00;24;0.465;MEDIUM;0.98;HIGH;1.0;synthetic-rule-demo-v1;Score sintético ilustrativo derivado de sueño, despertar, regulación, rutina, GI, eventos excepcionales e historial.;2026-05-26T20:00:00-04:00
RPR-00408;CH-008;2026-05-27T20:00:00-04:00;2026-05-28T20:00:00-04:00;24;0.285;LOW;0.98;HIGH;1.0;synthetic-rule-demo-v1;Score sintético ilustrativo derivado de sueño, despertar, regulación, rutina, GI, eventos excepcionales e historial.;2026-05-27T20:00:00-04:00
RPR-00409;CH-008;2026-05-28T20:00:00-04:00;2026-05-29T20:00:00-04:00;24;0.435;MEDIUM;0.98;HIGH;1.0;synthetic-rule-demo-v1;Score sintético ilustrativo derivado de sueño, despertar, regulación, rutina, GI, eventos excepcionales e historial.;2026-05-28T20:00:00-04:00
RPR-00410;CH-008;2026-05-29T20:00:00-04:00;2026-05-30T20:00:00-04:00;24;0.17;LOW;0.98;HIGH;1.0;synthetic-rule-demo-v1;Score sintético ilustrativo derivado de sueño, despertar, regulación, rutina, GI, eventos excepcionales e historial.;2026-05-29T20:00:00-04:00
RPR-00411;CH-008;2026-05-30T20:00:00-04:00;2026-05-31T20:00:00-04:00;24;0.21;LOW;0.98;HIGH;1.0;synthetic-rule-demo-v1;Score sintético ilustrativo derivado de sueño, despertar, regulación, rutina, GI, eventos excepcionales e historial.;2026-05-30T20:00:00-04:00
RPR-00412;CH-008;2026-05-31T20:00:00-04:00;2026-06-01T20:00:00-04:00;24;0.1;LOW;0.98;HIGH;1.0;synthetic-rule-demo-v1;Score sintético ilustrativo derivado de sueño, despertar, regulación, rutina, GI, eventos excepcionales e historial.;2026-05-31T20:00:00-04:00
RPR-00413;CH-008;2026-06-01T20:00:00-04:00;2026-06-02T20:00:00-04:00;24;0.06;LOW;0.98;HIGH;1.0;synthetic-rule-demo-v1;Score sintético ilustrativo derivado de sueño, despertar, regulación, rutina, GI, eventos excepcionales e historial.;2026-06-01T20:00:00-04:00
RPR-00414;CH-008;2026-06-02T20:00:00-04:00;2026-06-03T20:00:00-04:00;24;0.295;LOW;0.98;HIGH;1.0;synthetic-rule-demo-v1;Score sintético ilustrativo derivado de sueño, despertar, regulación, rutina, GI, eventos excepcionales e historial.;2026-06-02T20:00:00-04:00
RPR-00415;CH-008;2026-06-03T20:00:00-04:00;2026-06-04T20:00:00-04:00;24;0.47;MEDIUM;0.98;HIGH;1.0;synthetic-rule-demo-v1;Score sintético ilustrativo derivado de sueño, despertar, regulación, rutina, GI, eventos excepcionales e historial.;2026-06-03T20:00:00-04:00
RPR-00416;CH-008;2026-06-04T20:00:00-04:00;2026-06-05T20:00:00-04:00;24;0.43;MEDIUM;0.98;HIGH;1.0;synthetic-rule-demo-v1;Score sintético ilustrativo derivado de sueño, despertar, regulación, rutina, GI, eventos excepcionales e historial.;2026-06-04T20:00:00-04:00
RPR-00417;CH-008;2026-06-05T20:00:00-04:00;2026-06-06T20:00:00-04:00;24;0.335;LOW;0.98;HIGH;1.0;synthetic-rule-demo-v1;Score sintético ilustrativo derivado de sueño, despertar, regulación, rutina, GI, eventos excepcionales e historial.;2026-06-05T20:00:00-04:00
RPR-00418;CH-008;2026-06-06T20:00:00-04:00;2026-06-07T20:00:00-04:00;24;0.26;LOW;0.98;HIGH;1.0;synthetic-rule-demo-v1;Score sintético ilustrativo derivado de sueño, despertar, regulación, rutina, GI, eventos excepcionales e historial.;2026-06-06T20:00:00-04:00
RPR-00419;CH-008;2026-06-07T20:00:00-04:00;2026-06-08T20:00:00-04:00;24;0.46;MEDIUM;0.98;HIGH;1.0;synthetic-rule-demo-v1;Score sintético ilustrativo derivado de sueño, despertar, regulación, rutina, GI, eventos excepcionales e historial.;2026-06-07T20:00:00-04:00
RPR-00420;CH-008;2026-06-08T20:00:00-04:00;2026-06-09T20:00:00-04:00;24;0.32;LOW;0.98;HIGH;1.0;synthetic-rule-demo-v1;Score sintético ilustrativo derivado de sueño, despertar, regulación, rutina, GI, eventos excepcionales e historial.;2026-06-08T20:00:00-04:00
RPR-00421;CH-008;2026-06-09T20:00:00-04:00;2026-06-10T20:00:00-04:00;24;0.515;MEDIUM;0.98;HIGH;1.0;synthetic-rule-demo-v1;Score sintético ilustrativo derivado de sueño, despertar, regulación, rutina, GI, eventos excepcionales e historial.;2026-06-09T20:00:00-04:00
RPR-00422;CH-008;2026-06-10T20:00:00-04:00;2026-06-11T20:00:00-04:00;24;0.585;MEDIUM;0.98;HIGH;1.0;synthetic-rule-demo-v1;Score sintético ilustrativo derivado de sueño, despertar, regulación, rutina, GI, eventos excepcionales e historial.;2026-06-10T20:00:00-04:00
RPR-00423;CH-008;2026-06-11T20:00:00-04:00;2026-06-12T20:00:00-04:00;24;0.76;HIGH;0.98;HIGH;1.0;synthetic-rule-demo-v1;Score sintético ilustrativo derivado de sueño, despertar, regulación, rutina, GI, eventos excepcionales e historial.;2026-06-11T20:00:00-04:00
RPR-00424;CH-008;2026-06-12T20:00:00-04:00;2026-06-13T20:00:00-04:00;24;0.76;HIGH;0.98;HIGH;1.0;synthetic-rule-demo-v1;Score sintético ilustrativo derivado de sueño, despertar, regulación, rutina, GI, eventos excepcionales e historial.;2026-06-12T20:00:00-04:00
RPR-00425;CH-008;2026-06-13T20:00:00-04:00;2026-06-14T20:00:00-04:00;24;0.62;MEDIUM;0.98;HIGH;1.0;synthetic-rule-demo-v1;Score sintético ilustrativo derivado de sueño, despertar, regulación, rutina, GI, eventos excepcionales e historial.;2026-06-13T20:00:00-04:00
RPR-00426;CH-008;2026-06-14T20:00:00-04:00;2026-06-15T20:00:00-04:00;24;0.365;MEDIUM;0.98;HIGH;1.0;synthetic-rule-demo-v1;Score sintético ilustrativo derivado de sueño, despertar, regulación, rutina, GI, eventos excepcionales e historial.;2026-06-14T20:00:00-04:00
RPR-00427;CH-008;2026-06-15T20:00:00-04:00;2026-06-16T20:00:00-04:00;24;0.33;LOW;0.98;HIGH;1.0;synthetic-rule-demo-v1;Score sintético ilustrativo derivado de sueño, despertar, regulación, rutina, GI, eventos excepcionales e historial.;2026-06-15T20:00:00-04:00
RPR-00428;CH-008;2026-06-16T20:00:00-04:00;2026-06-17T20:00:00-04:00;24;0.255;LOW;0.98;HIGH;1.0;synthetic-rule-demo-v1;Score sintético ilustrativo derivado de sueño, despertar, regulación, rutina, GI, eventos excepcionales e historial.;2026-06-16T20:00:00-04:00
RPR-00429;CH-008;2026-06-17T20:00:00-04:00;2026-06-18T20:00:00-04:00;24;0.34;LOW;0.98;HIGH;1.0;synthetic-rule-demo-v1;Score sintético ilustrativo derivado de sueño, despertar, regulación, rutina, GI, eventos excepcionales e historial.;2026-06-17T20:00:00-04:00
RPR-00430;CH-008;2026-06-18T20:00:00-04:00;2026-06-19T20:00:00-04:00;24;0.16;LOW;0.98;HIGH;1.0;synthetic-rule-demo-v1;Score sintético ilustrativo derivado de sueño, despertar, regulación, rutina, GI, eventos excepcionales e historial.;2026-06-18T20:00:00-04:00
RPR-00431;CH-008;2026-06-19T20:00:00-04:00;2026-06-20T20:00:00-04:00;24;0.275;LOW;0.98;HIGH;1.0;synthetic-rule-demo-v1;Score sintético ilustrativo derivado de sueño, despertar, regulación, rutina, GI, eventos excepcionales e historial.;2026-06-19T20:00:00-04:00
RPR-00432;CH-008;2026-06-20T20:00:00-04:00;2026-06-21T20:00:00-04:00;24;0.135;LOW;0.98;HIGH;1.0;synthetic-rule-demo-v1;Score sintético ilustrativo derivado de sueño, despertar, regulación, rutina, GI, eventos excepcionales e historial.;2026-06-20T20:00:00-04:00
RPR-00433;CH-008;2026-06-21T20:00:00-04:00;2026-06-22T20:00:00-04:00;24;0.25;LOW;0.98;HIGH;1.0;synthetic-rule-demo-v1;Score sintético ilustrativo derivado de sueño, despertar, regulación, rutina, GI, eventos excepcionales e historial.;2026-06-21T20:00:00-04:00
RPR-00434;CH-008;2026-06-22T20:00:00-04:00;2026-06-23T20:00:00-04:00;24;0.425;MEDIUM;0.928;HIGH;0.928;synthetic-rule-demo-v1;Score sintético ilustrativo derivado de sueño, despertar, regulación, rutina, GI, eventos excepcionales e historial.;2026-06-22T20:00:00-04:00
RPR-00435;CH-008;2026-06-23T20:00:00-04:00;2026-06-24T20:00:00-04:00;24;0.385;MEDIUM;0.98;HIGH;1.0;synthetic-rule-demo-v1;Score sintético ilustrativo derivado de sueño, despertar, regulación, rutina, GI, eventos excepcionales e historial.;2026-06-23T20:00:00-04:00
RPR-00436;CH-008;2026-06-24T20:00:00-04:00;2026-06-25T20:00:00-04:00;24;0.27;LOW;0.98;HIGH;1.0;synthetic-rule-demo-v1;Score sintético ilustrativo derivado de sueño, despertar, regulación, rutina, GI, eventos excepcionales e historial.;2026-06-24T20:00:00-04:00
RPR-00437;CH-008;2026-06-25T20:00:00-04:00;2026-06-26T20:00:00-04:00;24;0.06;LOW;0.98;HIGH;1.0;synthetic-rule-demo-v1;Score sintético ilustrativo derivado de sueño, despertar, regulación, rutina, GI, eventos excepcionales e historial.;2026-06-25T20:00:00-04:00
RPR-00438;CH-008;2026-06-26T20:00:00-04:00;2026-06-27T20:00:00-04:00;24;0.06;LOW;0.98;HIGH;1.0;synthetic-rule-demo-v1;Score sintético ilustrativo derivado de sueño, despertar, regulación, rutina, GI, eventos excepcionales e historial.;2026-06-26T20:00:00-04:00
RPR-00439;CH-008;2026-06-27T20:00:00-04:00;2026-06-28T20:00:00-04:00;24;0.06;LOW;0.98;HIGH;1.0;synthetic-rule-demo-v1;Score sintético ilustrativo derivado de sueño, despertar, regulación, rutina, GI, eventos excepcionales e historial.;2026-06-27T20:00:00-04:00
RPR-00440;CH-008;2026-06-28T20:00:00-04:00;2026-06-29T20:00:00-04:00;24;0.1;LOW;0.98;HIGH;1.0;synthetic-rule-demo-v1;Score sintético ilustrativo derivado de sueño, despertar, regulación, rutina, GI, eventos excepcionales e historial.;2026-06-28T20:00:00-04:00
RPR-00441;CH-009;2026-05-05T20:00:00-04:00;2026-05-06T20:00:00-04:00;24;0.275;LOW;0.521;MEDIUM;0.631;synthetic-rule-demo-v1;Score sintético ilustrativo derivado de sueño, despertar, regulación, rutina, GI, eventos excepcionales e historial.;2026-05-05T20:00:00-04:00
RPR-00442;CH-009;2026-05-06T20:00:00-04:00;2026-05-07T20:00:00-04:00;24;0.16;LOW;0.15;LOW;0.125;synthetic-rule-demo-v1;Score sintético ilustrativo derivado de sueño, despertar, regulación, rutina, GI, eventos excepcionales e historial.;2026-05-06T20:00:00-04:00
RPR-00443;CH-009;2026-05-07T20:00:00-04:00;2026-05-08T20:00:00-04:00;24;0.415;MEDIUM;0.564;MEDIUM;0.656;synthetic-rule-demo-v1;Score sintético ilustrativo derivado de sueño, despertar, regulación, rutina, GI, eventos excepcionales e historial.;2026-05-07T20:00:00-04:00
RPR-00444;CH-009;2026-05-08T20:00:00-04:00;2026-05-09T20:00:00-04:00;24;0.49;MEDIUM;0.609;MEDIUM;0.681;synthetic-rule-demo-v1;Score sintético ilustrativo derivado de sueño, despertar, regulación, rutina, GI, eventos excepcionales e historial.;2026-05-08T20:00:00-04:00
RPR-00445;CH-009;2026-05-09T20:00:00-04:00;2026-05-10T20:00:00-04:00;24;0.665;HIGH;0.79;HIGH;0.85;synthetic-rule-demo-v1;Score sintético ilustrativo derivado de sueño, despertar, regulación, rutina, GI, eventos excepcionales e historial.;2026-05-09T20:00:00-04:00
RPR-00446;CH-009;2026-05-10T20:00:00-04:00;2026-05-11T20:00:00-04:00;24;0.41;MEDIUM;0.844;HIGH;0.875;synthetic-rule-demo-v1;Score sintético ilustrativo derivado de sueño, despertar, regulación, rutina, GI, eventos excepcionales e historial.;2026-05-10T20:00:00-04:00
RPR-00447;CH-009;2026-05-11T20:00:00-04:00;2026-05-12T20:00:00-04:00;24;0.335;LOW;0.9;HIGH;0.9;synthetic-rule-demo-v1;Score sintético ilustrativo derivado de sueño, despertar, regulación, rutina, GI, eventos excepcionales e historial.;2026-05-11T20:00:00-04:00
RPR-00448;CH-009;2026-05-12T20:00:00-04:00;2026-05-13T20:00:00-04:00;24;0.12;LOW;0.925;HIGH;0.925;synthetic-rule-demo-v1;Score sintético ilustrativo derivado de sueño, despertar, regulación, rutina, GI, eventos excepcionales e historial.;2026-05-12T20:00:00-04:00
RPR-00449;CH-009;2026-05-13T20:00:00-04:00;2026-05-14T20:00:00-04:00;24;0.16;LOW;0.95;HIGH;0.95;synthetic-rule-demo-v1;Score sintético ilustrativo derivado de sueño, despertar, regulación, rutina, GI, eventos excepcionales e historial.;2026-05-13T20:00:00-04:00
RPR-00450;CH-009;2026-05-14T20:00:00-04:00;2026-05-15T20:00:00-04:00;24;0.2;LOW;0.903;HIGH;0.903;synthetic-rule-demo-v1;Score sintético ilustrativo derivado de sueño, despertar, regulación, rutina, GI, eventos excepcionales e historial.;2026-05-14T20:00:00-04:00
RPR-00451;CH-009;2026-05-15T20:00:00-04:00;2026-05-16T20:00:00-04:00;24;0.3;LOW;0.975;HIGH;0.975;synthetic-rule-demo-v1;Score sintético ilustrativo derivado de sueño, despertar, regulación, rutina, GI, eventos excepcionales e historial.;2026-05-15T20:00:00-04:00
RPR-00452;CH-009;2026-05-16T20:00:00-04:00;2026-05-17T20:00:00-04:00;24;0.26;LOW;0.3;LOW;0.3;synthetic-rule-demo-v1;Score sintético ilustrativo derivado de sueño, despertar, regulación, rutina, GI, eventos excepcionales e historial.;2026-05-16T20:00:00-04:00
RPR-00453;CH-009;2026-05-17T20:00:00-04:00;2026-05-18T20:00:00-04:00;24;0.16;LOW;0.95;HIGH;0.95;synthetic-rule-demo-v1;Score sintético ilustrativo derivado de sueño, despertar, regulación, rutina, GI, eventos excepcionales e historial.;2026-05-17T20:00:00-04:00
RPR-00454;CH-009;2026-05-18T20:00:00-04:00;2026-05-19T20:00:00-04:00;24;0.06;LOW;0.95;HIGH;0.95;synthetic-rule-demo-v1;Score sintético ilustrativo derivado de sueño, despertar, regulación, rutina, GI, eventos excepcionales e historial.;2026-05-18T20:00:00-04:00
RPR-00455;CH-009;2026-05-19T20:00:00-04:00;2026-05-20T20:00:00-04:00;24;0.06;LOW;0.95;HIGH;0.95;synthetic-rule-demo-v1;Score sintético ilustrativo derivado de sueño, despertar, regulación, rutina, GI, eventos excepcionales e historial.;2026-05-19T20:00:00-04:00
RPR-00456;CH-009;2026-05-20T20:00:00-04:00;2026-05-21T20:00:00-04:00;24;0.175;LOW;0.975;HIGH;0.975;synthetic-rule-demo-v1;Score sintético ilustrativo derivado de sueño, despertar, regulación, rutina, GI, eventos excepcionales e historial.;2026-05-20T20:00:00-04:00
RPR-00457;CH-009;2026-05-21T20:00:00-04:00;2026-05-22T20:00:00-04:00;24;0.39;MEDIUM;0.975;HIGH;0.975;synthetic-rule-demo-v1;Score sintético ilustrativo derivado de sueño, despertar, regulación, rutina, GI, eventos excepcionales e historial.;2026-05-21T20:00:00-04:00
RPR-00458;CH-009;2026-05-22T20:00:00-04:00;2026-05-23T20:00:00-04:00;24;0.31;LOW;0.975;HIGH;0.975;synthetic-rule-demo-v1;Score sintético ilustrativo derivado de sueño, despertar, regulación, rutina, GI, eventos excepcionales e historial.;2026-05-22T20:00:00-04:00
RPR-00459;CH-009;2026-05-23T20:00:00-04:00;2026-05-24T20:00:00-04:00;24;0.375;MEDIUM;0.975;HIGH;0.975;synthetic-rule-demo-v1;Score sintético ilustrativo derivado de sueño, despertar, regulación, rutina, GI, eventos excepcionales e historial.;2026-05-23T20:00:00-04:00
RPR-00460;CH-009;2026-05-24T20:00:00-04:00;2026-05-25T20:00:00-04:00;24;0.16;LOW;0.975;HIGH;0.975;synthetic-rule-demo-v1;Score sintético ilustrativo derivado de sueño, despertar, regulación, rutina, GI, eventos excepcionales e historial.;2026-05-24T20:00:00-04:00
RPR-00461;CH-009;2026-05-25T20:00:00-04:00;2026-05-26T20:00:00-04:00;24;0.27;LOW;0.975;HIGH;0.975;synthetic-rule-demo-v1;Score sintético ilustrativo derivado de sueño, despertar, regulación, rutina, GI, eventos excepcionales e historial.;2026-05-25T20:00:00-04:00
RPR-00462;CH-009;2026-05-26T20:00:00-04:00;2026-05-27T20:00:00-04:00;24;0.17;LOW;0.975;HIGH;0.975;synthetic-rule-demo-v1;Score sintético ilustrativo derivado de sueño, despertar, regulación, rutina, GI, eventos excepcionales e historial.;2026-05-26T20:00:00-04:00
RPR-00463;CH-009;2026-05-27T20:00:00-04:00;2026-05-28T20:00:00-04:00;24;0.325;LOW;0.975;HIGH;0.975;synthetic-rule-demo-v1;Score sintético ilustrativo derivado de sueño, despertar, regulación, rutina, GI, eventos excepcionales e historial.;2026-05-27T20:00:00-04:00
RPR-00464;CH-009;2026-05-28T20:00:00-04:00;2026-05-29T20:00:00-04:00;24;0.65;HIGH;0.975;HIGH;0.975;synthetic-rule-demo-v1;Score sintético ilustrativo derivado de sueño, despertar, regulación, rutina, GI, eventos excepcionales e historial.;2026-05-28T20:00:00-04:00
RPR-00465;CH-009;2026-05-29T20:00:00-04:00;2026-05-30T20:00:00-04:00;24;0.51;MEDIUM;0.975;HIGH;0.975;synthetic-rule-demo-v1;Score sintético ilustrativo derivado de sueño, despertar, regulación, rutina, GI, eventos excepcionales e historial.;2026-05-29T20:00:00-04:00
RPR-00466;CH-009;2026-05-30T20:00:00-04:00;2026-05-31T20:00:00-04:00;24;0.69;HIGH;0.98;HIGH;1.0;synthetic-rule-demo-v1;Score sintético ilustrativo derivado de sueño, despertar, regulación, rutina, GI, eventos excepcionales e historial.;2026-05-30T20:00:00-04:00
RPR-00467;CH-009;2026-05-31T20:00:00-04:00;2026-06-01T20:00:00-04:00;24;0.63;MEDIUM;0.98;HIGH;1.0;synthetic-rule-demo-v1;Score sintético ilustrativo derivado de sueño, despertar, regulación, rutina, GI, eventos excepcionales e historial.;2026-05-31T20:00:00-04:00
RPR-00468;CH-009;2026-06-01T20:00:00-04:00;2026-06-02T20:00:00-04:00;24;0.94;HIGH;0.98;HIGH;1.0;synthetic-rule-demo-v1;Score sintético ilustrativo derivado de sueño, despertar, regulación, rutina, GI, eventos excepcionales e historial.;2026-06-01T20:00:00-04:00
RPR-00469;CH-009;2026-06-02T20:00:00-04:00;2026-06-03T20:00:00-04:00;24;0.83;HIGH;0.98;HIGH;1.0;synthetic-rule-demo-v1;Score sintético ilustrativo derivado de sueño, despertar, regulación, rutina, GI, eventos excepcionales e historial.;2026-06-02T20:00:00-04:00
RPR-00470;CH-009;2026-06-03T20:00:00-04:00;2026-06-04T20:00:00-04:00;24;0.675;HIGH;0.98;HIGH;1.0;synthetic-rule-demo-v1;Score sintético ilustrativo derivado de sueño, despertar, regulación, rutina, GI, eventos excepcionales e historial.;2026-06-03T20:00:00-04:00
RPR-00471;CH-009;2026-06-04T20:00:00-04:00;2026-06-05T20:00:00-04:00;24;0.39;MEDIUM;0.98;HIGH;1.0;synthetic-rule-demo-v1;Score sintético ilustrativo derivado de sueño, despertar, regulación, rutina, GI, eventos excepcionales e historial.;2026-06-04T20:00:00-04:00
RPR-00472;CH-009;2026-06-05T20:00:00-04:00;2026-06-06T20:00:00-04:00;24;0.175;LOW;0.98;HIGH;1.0;synthetic-rule-demo-v1;Score sintético ilustrativo derivado de sueño, despertar, regulación, rutina, GI, eventos excepcionales e historial.;2026-06-05T20:00:00-04:00
RPR-00473;CH-009;2026-06-06T20:00:00-04:00;2026-06-07T20:00:00-04:00;24;0.265;LOW;0.98;HIGH;1.0;synthetic-rule-demo-v1;Score sintético ilustrativo derivado de sueño, despertar, regulación, rutina, GI, eventos excepcionales e historial.;2026-06-06T20:00:00-04:00
RPR-00474;CH-009;2026-06-07T20:00:00-04:00;2026-06-08T20:00:00-04:00;24;0.365;MEDIUM;0.98;HIGH;1.0;synthetic-rule-demo-v1;Score sintético ilustrativo derivado de sueño, despertar, regulación, rutina, GI, eventos excepcionales e historial.;2026-06-07T20:00:00-04:00
RPR-00475;CH-009;2026-06-08T20:00:00-04:00;2026-06-09T20:00:00-04:00;24;0.325;LOW;0.98;HIGH;1.0;synthetic-rule-demo-v1;Score sintético ilustrativo derivado de sueño, despertar, regulación, rutina, GI, eventos excepcionales e historial.;2026-06-08T20:00:00-04:00
RPR-00476;CH-009;2026-06-09T20:00:00-04:00;2026-06-10T20:00:00-04:00;24;0.275;LOW;0.98;HIGH;1.0;synthetic-rule-demo-v1;Score sintético ilustrativo derivado de sueño, despertar, regulación, rutina, GI, eventos excepcionales e historial.;2026-06-09T20:00:00-04:00
RPR-00477;CH-009;2026-06-10T20:00:00-04:00;2026-06-11T20:00:00-04:00;24;0.135;LOW;0.98;HIGH;1.0;synthetic-rule-demo-v1;Score sintético ilustrativo derivado de sueño, despertar, regulación, rutina, GI, eventos excepcionales e historial.;2026-06-10T20:00:00-04:00
RPR-00478;CH-009;2026-06-11T20:00:00-04:00;2026-06-12T20:00:00-04:00;24;0.275;LOW;0.98;HIGH;1.0;synthetic-rule-demo-v1;Score sintético ilustrativo derivado de sueño, despertar, regulación, rutina, GI, eventos excepcionales e historial.;2026-06-11T20:00:00-04:00
RPR-00479;CH-009;2026-06-12T20:00:00-04:00;2026-06-13T20:00:00-04:00;24;0.2;LOW;0.98;HIGH;1.0;synthetic-rule-demo-v1;Score sintético ilustrativo derivado de sueño, despertar, regulación, rutina, GI, eventos excepcionales e historial.;2026-06-12T20:00:00-04:00
RPR-00480;CH-009;2026-06-13T20:00:00-04:00;2026-06-14T20:00:00-04:00;24;0.5;MEDIUM;0.98;HIGH;1.0;synthetic-rule-demo-v1;Score sintético ilustrativo derivado de sueño, despertar, regulación, rutina, GI, eventos excepcionales e historial.;2026-06-13T20:00:00-04:00
RPR-00481;CH-009;2026-06-14T20:00:00-04:00;2026-06-15T20:00:00-04:00;24;0.38;MEDIUM;0.98;HIGH;1.0;synthetic-rule-demo-v1;Score sintético ilustrativo derivado de sueño, despertar, regulación, rutina, GI, eventos excepcionales e historial.;2026-06-14T20:00:00-04:00
RPR-00482;CH-009;2026-06-15T20:00:00-04:00;2026-06-16T20:00:00-04:00;24;0.49;MEDIUM;0.98;HIGH;1.0;synthetic-rule-demo-v1;Score sintético ilustrativo derivado de sueño, despertar, regulación, rutina, GI, eventos excepcionales e historial.;2026-06-15T20:00:00-04:00
RPR-00483;CH-009;2026-06-16T20:00:00-04:00;2026-06-17T20:00:00-04:00;24;0.565;MEDIUM;0.98;HIGH;1.0;synthetic-rule-demo-v1;Score sintético ilustrativo derivado de sueño, despertar, regulación, rutina, GI, eventos excepcionales e historial.;2026-06-16T20:00:00-04:00
RPR-00484;CH-009;2026-06-17T20:00:00-04:00;2026-06-18T20:00:00-04:00;24;0.46;MEDIUM;0.98;HIGH;1.0;synthetic-rule-demo-v1;Score sintético ilustrativo derivado de sueño, despertar, regulación, rutina, GI, eventos excepcionales e historial.;2026-06-17T20:00:00-04:00
RPR-00485;CH-009;2026-06-18T20:00:00-04:00;2026-06-19T20:00:00-04:00;24;0.49;MEDIUM;0.98;HIGH;1.0;synthetic-rule-demo-v1;Score sintético ilustrativo derivado de sueño, despertar, regulación, rutina, GI, eventos excepcionales e historial.;2026-06-18T20:00:00-04:00
RPR-00486;CH-009;2026-06-19T20:00:00-04:00;2026-06-20T20:00:00-04:00;24;0.45;MEDIUM;0.98;HIGH;1.0;synthetic-rule-demo-v1;Score sintético ilustrativo derivado de sueño, despertar, regulación, rutina, GI, eventos excepcionales e historial.;2026-06-19T20:00:00-04:00
RPR-00487;CH-009;2026-06-20T20:00:00-04:00;2026-06-21T20:00:00-04:00;24;0.335;LOW;0.98;HIGH;1.0;synthetic-rule-demo-v1;Score sintético ilustrativo derivado de sueño, despertar, regulación, rutina, GI, eventos excepcionales e historial.;2026-06-20T20:00:00-04:00
RPR-00488;CH-009;2026-06-21T20:00:00-04:00;2026-06-22T20:00:00-04:00;24;0.35;MEDIUM;0.928;HIGH;0.928;synthetic-rule-demo-v1;Score sintético ilustrativo derivado de sueño, despertar, regulación, rutina, GI, eventos excepcionales e historial.;2026-06-21T20:00:00-04:00
RPR-00489;CH-009;2026-06-22T20:00:00-04:00;2026-06-23T20:00:00-04:00;24;0.175;LOW;0.98;HIGH;1.0;synthetic-rule-demo-v1;Score sintético ilustrativo derivado de sueño, despertar, regulación, rutina, GI, eventos excepcionales e historial.;2026-06-22T20:00:00-04:00
RPR-00490;CH-009;2026-06-23T20:00:00-04:00;2026-06-24T20:00:00-04:00;24;0.275;LOW;0.98;HIGH;1.0;synthetic-rule-demo-v1;Score sintético ilustrativo derivado de sueño, despertar, regulación, rutina, GI, eventos excepcionales e historial.;2026-06-23T20:00:00-04:00
RPR-00491;CH-009;2026-06-24T20:00:00-04:00;2026-06-25T20:00:00-04:00;24;0.2;LOW;0.98;HIGH;1.0;synthetic-rule-demo-v1;Score sintético ilustrativo derivado de sueño, despertar, regulación, rutina, GI, eventos excepcionales e historial.;2026-06-24T20:00:00-04:00
RPR-00492;CH-009;2026-06-25T20:00:00-04:00;2026-06-26T20:00:00-04:00;24;0.275;LOW;0.98;HIGH;1.0;synthetic-rule-demo-v1;Score sintético ilustrativo derivado de sueño, despertar, regulación, rutina, GI, eventos excepcionales e historial.;2026-06-25T20:00:00-04:00
RPR-00493;CH-009;2026-06-26T20:00:00-04:00;2026-06-27T20:00:00-04:00;24;0.135;LOW;0.98;HIGH;1.0;synthetic-rule-demo-v1;Score sintético ilustrativo derivado de sueño, despertar, regulación, rutina, GI, eventos excepcionales e historial.;2026-06-26T20:00:00-04:00
RPR-00494;CH-009;2026-06-27T20:00:00-04:00;2026-06-28T20:00:00-04:00;24;0.135;LOW;0.98;HIGH;1.0;synthetic-rule-demo-v1;Score sintético ilustrativo derivado de sueño, despertar, regulación, rutina, GI, eventos excepcionales e historial.;2026-06-27T20:00:00-04:00
RPR-00495;CH-009;2026-06-28T20:00:00-04:00;2026-06-29T20:00:00-04:00;24;0.06;LOW;0.98;HIGH;1.0;synthetic-rule-demo-v1;Score sintético ilustrativo derivado de sueño, despertar, regulación, rutina, GI, eventos excepcionales e historial.;2026-06-28T20:00:00-04:00
RPR-00496;CH-010;2026-05-05T20:00:00-04:00;2026-05-06T20:00:00-04:00;24;0.46;MEDIUM;0.593;MEDIUM;0.75;synthetic-rule-demo-v1;Score sintético ilustrativo derivado de sueño, despertar, regulación, rutina, GI, eventos excepcionales e historial.;2026-05-05T20:00:00-04:00
RPR-00497;CH-010;2026-05-06T20:00:00-04:00;2026-05-07T20:00:00-04:00;24;0.41;MEDIUM;0.639;MEDIUM;0.775;synthetic-rule-demo-v1;Score sintético ilustrativo derivado de sueño, despertar, regulación, rutina, GI, eventos excepcionales e historial.;2026-05-06T20:00:00-04:00
RPR-00498;CH-010;2026-05-07T20:00:00-04:00;2026-05-08T20:00:00-04:00;24;0.31;LOW;0.688;MEDIUM;0.8;synthetic-rule-demo-v1;Score sintético ilustrativo derivado de sueño, despertar, regulación, rutina, GI, eventos excepcionales e historial.;2026-05-07T20:00:00-04:00
RPR-00499;CH-010;2026-05-08T20:00:00-04:00;2026-05-09T20:00:00-04:00;24;0.17;LOW;0.738;MEDIUM;0.825;synthetic-rule-demo-v1;Score sintético ilustrativo derivado de sueño, despertar, regulación, rutina, GI, eventos excepcionales e historial.;2026-05-08T20:00:00-04:00
RPR-00500;CH-010;2026-05-09T20:00:00-04:00;2026-05-10T20:00:00-04:00;24;0.2;LOW;0.79;HIGH;0.85;synthetic-rule-demo-v1;Score sintético ilustrativo derivado de sueño, despertar, regulación, rutina, GI, eventos excepcionales e historial.;2026-05-09T20:00:00-04:00
RPR-00501;CH-010;2026-05-10T20:00:00-04:00;2026-05-11T20:00:00-04:00;24;0.16;LOW;0.844;HIGH;0.875;synthetic-rule-demo-v1;Score sintético ilustrativo derivado de sueño, despertar, regulación, rutina, GI, eventos excepcionales e historial.;2026-05-10T20:00:00-04:00
RPR-00502;CH-010;2026-05-11T20:00:00-04:00;2026-05-12T20:00:00-04:00;24;0.3;LOW;0.9;HIGH;0.9;synthetic-rule-demo-v1;Score sintético ilustrativo derivado de sueño, despertar, regulación, rutina, GI, eventos excepcionales e historial.;2026-05-11T20:00:00-04:00
RPR-00503;CH-010;2026-05-12T20:00:00-04:00;2026-05-13T20:00:00-04:00;24;0.48;MEDIUM;0.925;HIGH;0.925;synthetic-rule-demo-v1;Score sintético ilustrativo derivado de sueño, despertar, regulación, rutina, GI, eventos excepcionales e historial.;2026-05-12T20:00:00-04:00
RPR-00504;CH-010;2026-05-13T20:00:00-04:00;2026-05-14T20:00:00-04:00;24;0.36;MEDIUM;0.95;HIGH;0.95;synthetic-rule-demo-v1;Score sintético ilustrativo derivado de sueño, despertar, regulación, rutina, GI, eventos excepcionales e historial.;2026-05-13T20:00:00-04:00
RPR-00505;CH-010;2026-05-14T20:00:00-04:00;2026-05-15T20:00:00-04:00;24;0.26;LOW;0.975;HIGH;0.975;synthetic-rule-demo-v1;Score sintético ilustrativo derivado de sueño, despertar, regulación, rutina, GI, eventos excepcionales e historial.;2026-05-14T20:00:00-04:00
RPR-00506;CH-010;2026-05-15T20:00:00-04:00;2026-05-16T20:00:00-04:00;24;0.1;LOW;0.98;HIGH;1.0;synthetic-rule-demo-v1;Score sintético ilustrativo derivado de sueño, despertar, regulación, rutina, GI, eventos excepcionales e historial.;2026-05-15T20:00:00-04:00
RPR-00507;CH-010;2026-05-16T20:00:00-04:00;2026-05-17T20:00:00-04:00;24;0.175;LOW;0.98;HIGH;1.0;synthetic-rule-demo-v1;Score sintético ilustrativo derivado de sueño, despertar, regulación, rutina, GI, eventos excepcionales e historial.;2026-05-16T20:00:00-04:00
RPR-00508;CH-010;2026-05-17T20:00:00-04:00;2026-05-18T20:00:00-04:00;24;0.82;HIGH;0.98;HIGH;1.0;synthetic-rule-demo-v1;Score sintético ilustrativo derivado de sueño, despertar, regulación, rutina, GI, eventos excepcionales e historial.;2026-05-17T20:00:00-04:00
RPR-00509;CH-010;2026-05-18T20:00:00-04:00;2026-05-19T20:00:00-04:00;24;0.79;HIGH;0.98;HIGH;1.0;synthetic-rule-demo-v1;Score sintético ilustrativo derivado de sueño, despertar, regulación, rutina, GI, eventos excepcionales e historial.;2026-05-18T20:00:00-04:00
RPR-00510;CH-010;2026-05-19T20:00:00-04:00;2026-05-20T20:00:00-04:00;24;0.75;HIGH;0.98;HIGH;1.0;synthetic-rule-demo-v1;Score sintético ilustrativo derivado de sueño, despertar, regulación, rutina, GI, eventos excepcionales e historial.;2026-05-19T20:00:00-04:00
RPR-00511;CH-010;2026-05-20T20:00:00-04:00;2026-05-21T20:00:00-04:00;24;0.385;MEDIUM;0.98;HIGH;1.0;synthetic-rule-demo-v1;Score sintético ilustrativo derivado de sueño, despertar, regulación, rutina, GI, eventos excepcionales e historial.;2026-05-20T20:00:00-04:00
RPR-00512;CH-010;2026-05-21T20:00:00-04:00;2026-05-22T20:00:00-04:00;24;0.135;LOW;0.98;HIGH;1.0;synthetic-rule-demo-v1;Score sintético ilustrativo derivado de sueño, despertar, regulación, rutina, GI, eventos excepcionales e historial.;2026-05-21T20:00:00-04:00
RPR-00513;CH-010;2026-05-22T20:00:00-04:00;2026-05-23T20:00:00-04:00;24;0.575;MEDIUM;0.98;HIGH;1.0;synthetic-rule-demo-v1;Score sintético ilustrativo derivado de sueño, despertar, regulación, rutina, GI, eventos excepcionales e historial.;2026-05-22T20:00:00-04:00
RPR-00514;CH-010;2026-05-23T20:00:00-04:00;2026-05-24T20:00:00-04:00;24;0.59;MEDIUM;0.98;HIGH;1.0;synthetic-rule-demo-v1;Score sintético ilustrativo derivado de sueño, despertar, regulación, rutina, GI, eventos excepcionales e historial.;2026-05-23T20:00:00-04:00
RPR-00515;CH-010;2026-05-24T20:00:00-04:00;2026-05-25T20:00:00-04:00;24;0.765;HIGH;0.98;HIGH;1.0;synthetic-rule-demo-v1;Score sintético ilustrativo derivado de sueño, despertar, regulación, rutina, GI, eventos excepcionales e historial.;2026-05-24T20:00:00-04:00
RPR-00516;CH-010;2026-05-25T20:00:00-04:00;2026-05-26T20:00:00-04:00;24;0.41;MEDIUM;0.325;LOW;0.325;synthetic-rule-demo-v1;Score sintético ilustrativo derivado de sueño, despertar, regulación, rutina, GI, eventos excepcionales e historial.;2026-05-25T20:00:00-04:00
RPR-00517;CH-010;2026-05-26T20:00:00-04:00;2026-05-27T20:00:00-04:00;24;0.405;MEDIUM;0.903;HIGH;0.903;synthetic-rule-demo-v1;Score sintético ilustrativo derivado de sueño, despertar, regulación, rutina, GI, eventos excepcionales e historial.;2026-05-26T20:00:00-04:00
RPR-00518;CH-010;2026-05-27T20:00:00-04:00;2026-05-28T20:00:00-04:00;24;0.33;LOW;0.975;HIGH;0.975;synthetic-rule-demo-v1;Score sintético ilustrativo derivado de sueño, despertar, regulación, rutina, GI, eventos excepcionales e historial.;2026-05-27T20:00:00-04:00
RPR-00519;CH-010;2026-05-28T20:00:00-04:00;2026-05-29T20:00:00-04:00;24;0.29;LOW;0.975;HIGH;0.975;synthetic-rule-demo-v1;Score sintético ilustrativo derivado de sueño, despertar, regulación, rutina, GI, eventos excepcionales e historial.;2026-05-28T20:00:00-04:00
RPR-00520;CH-010;2026-05-29T20:00:00-04:00;2026-05-30T20:00:00-04:00;24;0.215;LOW;0.975;HIGH;0.975;synthetic-rule-demo-v1;Score sintético ilustrativo derivado de sueño, despertar, regulación, rutina, GI, eventos excepcionales e historial.;2026-05-29T20:00:00-04:00
RPR-00521;CH-010;2026-05-30T20:00:00-04:00;2026-05-31T20:00:00-04:00;24;0.155;LOW;0.975;HIGH;0.975;synthetic-rule-demo-v1;Score sintético ilustrativo derivado de sueño, despertar, regulación, rutina, GI, eventos excepcionales e historial.;2026-05-30T20:00:00-04:00
RPR-00522;CH-010;2026-05-31T20:00:00-04:00;2026-06-01T20:00:00-04:00;24;0.115;LOW;0.975;HIGH;0.975;synthetic-rule-demo-v1;Score sintético ilustrativo derivado de sueño, despertar, regulación, rutina, GI, eventos excepcionales e historial.;2026-05-31T20:00:00-04:00
RPR-00523;CH-010;2026-06-01T20:00:00-04:00;2026-06-02T20:00:00-04:00;24;0.115;LOW;0.975;HIGH;0.975;synthetic-rule-demo-v1;Score sintético ilustrativo derivado de sueño, despertar, regulación, rutina, GI, eventos excepcionales e historial.;2026-06-01T20:00:00-04:00
RPR-00524;CH-010;2026-06-02T20:00:00-04:00;2026-06-03T20:00:00-04:00;24;0.27;LOW;0.975;HIGH;0.975;synthetic-rule-demo-v1;Score sintético ilustrativo derivado de sueño, despertar, regulación, rutina, GI, eventos excepcionales e historial.;2026-06-02T20:00:00-04:00
RPR-00525;CH-010;2026-06-03T20:00:00-04:00;2026-06-04T20:00:00-04:00;24;0.23;LOW;0.975;HIGH;0.975;synthetic-rule-demo-v1;Score sintético ilustrativo derivado de sueño, despertar, regulación, rutina, GI, eventos excepcionales e historial.;2026-06-03T20:00:00-04:00
RPR-00526;CH-010;2026-06-04T20:00:00-04:00;2026-06-05T20:00:00-04:00;24;0.305;LOW;0.903;HIGH;0.903;synthetic-rule-demo-v1;Score sintético ilustrativo derivado de sueño, despertar, regulación, rutina, GI, eventos excepcionales e historial.;2026-06-04T20:00:00-04:00
RPR-00527;CH-010;2026-06-05T20:00:00-04:00;2026-06-06T20:00:00-04:00;24;0.33;LOW;0.975;HIGH;0.975;synthetic-rule-demo-v1;Score sintético ilustrativo derivado de sueño, despertar, regulación, rutina, GI, eventos excepcionales e historial.;2026-06-05T20:00:00-04:00
RPR-00528;CH-010;2026-06-06T20:00:00-04:00;2026-06-07T20:00:00-04:00;24;0.545;MEDIUM;0.975;HIGH;0.975;synthetic-rule-demo-v1;Score sintético ilustrativo derivado de sueño, despertar, regulación, rutina, GI, eventos excepcionales e historial.;2026-06-06T20:00:00-04:00
RPR-00529;CH-010;2026-06-07T20:00:00-04:00;2026-06-08T20:00:00-04:00;24;0.505;MEDIUM;0.975;HIGH;0.975;synthetic-rule-demo-v1;Score sintético ilustrativo derivado de sueño, despertar, regulación, rutina, GI, eventos excepcionales e historial.;2026-06-07T20:00:00-04:00
RPR-00530;CH-010;2026-06-08T20:00:00-04:00;2026-06-09T20:00:00-04:00;24;0.44;MEDIUM;0.98;HIGH;1.0;synthetic-rule-demo-v1;Score sintético ilustrativo derivado de sueño, despertar, regulación, rutina, GI, eventos excepcionales e historial.;2026-06-08T20:00:00-04:00
RPR-00531;CH-010;2026-06-09T20:00:00-04:00;2026-06-10T20:00:00-04:00;24;0.325;LOW;0.98;HIGH;1.0;synthetic-rule-demo-v1;Score sintético ilustrativo derivado de sueño, despertar, regulación, rutina, GI, eventos excepcionales e historial.;2026-06-09T20:00:00-04:00
RPR-00532;CH-010;2026-06-10T20:00:00-04:00;2026-06-11T20:00:00-04:00;24;0.25;LOW;0.98;HIGH;1.0;synthetic-rule-demo-v1;Score sintético ilustrativo derivado de sueño, despertar, regulación, rutina, GI, eventos excepcionales e historial.;2026-06-10T20:00:00-04:00
RPR-00533;CH-010;2026-06-11T20:00:00-04:00;2026-06-12T20:00:00-04:00;24;0.175;LOW;0.98;HIGH;1.0;synthetic-rule-demo-v1;Score sintético ilustrativo derivado de sueño, despertar, regulación, rutina, GI, eventos excepcionales e historial.;2026-06-11T20:00:00-04:00
RPR-00534;CH-010;2026-06-12T20:00:00-04:00;2026-06-13T20:00:00-04:00;24;0.16;LOW;0.98;HIGH;1.0;synthetic-rule-demo-v1;Score sintético ilustrativo derivado de sueño, despertar, regulación, rutina, GI, eventos excepcionales e historial.;2026-06-12T20:00:00-04:00
RPR-00535;CH-010;2026-06-13T20:00:00-04:00;2026-06-14T20:00:00-04:00;24;0.26;LOW;0.98;HIGH;1.0;synthetic-rule-demo-v1;Score sintético ilustrativo derivado de sueño, despertar, regulación, rutina, GI, eventos excepcionales e historial.;2026-06-13T20:00:00-04:00
RPR-00536;CH-010;2026-06-14T20:00:00-04:00;2026-06-15T20:00:00-04:00;24;0.22;LOW;0.98;HIGH;1.0;synthetic-rule-demo-v1;Score sintético ilustrativo derivado de sueño, despertar, regulación, rutina, GI, eventos excepcionales e historial.;2026-06-14T20:00:00-04:00
RPR-00537;CH-010;2026-06-15T20:00:00-04:00;2026-06-16T20:00:00-04:00;24;0.16;LOW;0.928;HIGH;0.928;synthetic-rule-demo-v1;Score sintético ilustrativo derivado de sueño, despertar, regulación, rutina, GI, eventos excepcionales e historial.;2026-06-15T20:00:00-04:00
RPR-00538;CH-010;2026-06-16T20:00:00-04:00;2026-06-17T20:00:00-04:00;24;0.315;LOW;0.98;HIGH;1.0;synthetic-rule-demo-v1;Score sintético ilustrativo derivado de sueño, despertar, regulación, rutina, GI, eventos excepcionales e historial.;2026-06-16T20:00:00-04:00
RPR-00539;CH-010;2026-06-17T20:00:00-04:00;2026-06-18T20:00:00-04:00;24;0.69;HIGH;0.98;HIGH;1.0;synthetic-rule-demo-v1;Score sintético ilustrativo derivado de sueño, despertar, regulación, rutina, GI, eventos excepcionales e historial.;2026-06-17T20:00:00-04:00
RPR-00540;CH-010;2026-06-18T20:00:00-04:00;2026-06-19T20:00:00-04:00;24;0.94;HIGH;0.98;HIGH;1.0;synthetic-rule-demo-v1;Score sintético ilustrativo derivado de sueño, despertar, regulación, rutina, GI, eventos excepcionales e historial.;2026-06-18T20:00:00-04:00
RPR-00541;CH-010;2026-06-19T20:00:00-04:00;2026-06-20T20:00:00-04:00;24;0.94;HIGH;0.98;HIGH;1.0;synthetic-rule-demo-v1;Score sintético ilustrativo derivado de sueño, despertar, regulación, rutina, GI, eventos excepcionales e historial.;2026-06-19T20:00:00-04:00
RPR-00542;CH-010;2026-06-20T20:00:00-04:00;2026-06-21T20:00:00-04:00;24;0.94;HIGH;0.98;HIGH;1.0;synthetic-rule-demo-v1;Score sintético ilustrativo derivado de sueño, despertar, regulación, rutina, GI, eventos excepcionales e historial.;2026-06-20T20:00:00-04:00
RPR-00543;CH-010;2026-06-21T20:00:00-04:00;2026-06-22T20:00:00-04:00;24;0.94;HIGH;0.98;HIGH;1.0;synthetic-rule-demo-v1;Score sintético ilustrativo derivado de sueño, despertar, regulación, rutina, GI, eventos excepcionales e historial.;2026-06-21T20:00:00-04:00
RPR-00544;CH-010;2026-06-22T20:00:00-04:00;2026-06-23T20:00:00-04:00;24;0.665;HIGH;0.98;HIGH;1.0;synthetic-rule-demo-v1;Score sintético ilustrativo derivado de sueño, despertar, regulación, rutina, GI, eventos excepcionales e historial.;2026-06-22T20:00:00-04:00
RPR-00545;CH-010;2026-06-23T20:00:00-04:00;2026-06-24T20:00:00-04:00;24;0.26;LOW;0.98;HIGH;1.0;synthetic-rule-demo-v1;Score sintético ilustrativo derivado de sueño, despertar, regulación, rutina, GI, eventos excepcionales e historial.;2026-06-23T20:00:00-04:00
RPR-00546;CH-010;2026-06-24T20:00:00-04:00;2026-06-25T20:00:00-04:00;24;0.26;LOW;0.98;HIGH;1.0;synthetic-rule-demo-v1;Score sintético ilustrativo derivado de sueño, despertar, regulación, rutina, GI, eventos excepcionales e historial.;2026-06-24T20:00:00-04:00
RPR-00547;CH-010;2026-06-25T20:00:00-04:00;2026-06-26T20:00:00-04:00;24;0.22;LOW;0.98;HIGH;1.0;synthetic-rule-demo-v1;Score sintético ilustrativo derivado de sueño, despertar, regulación, rutina, GI, eventos excepcionales e historial.;2026-06-25T20:00:00-04:00
RPR-00548;CH-010;2026-06-26T20:00:00-04:00;2026-06-27T20:00:00-04:00;24;0.31;LOW;0.98;HIGH;1.0;synthetic-rule-demo-v1;Score sintético ilustrativo derivado de sueño, despertar, regulación, rutina, GI, eventos excepcionales e historial.;2026-06-26T20:00:00-04:00
RPR-00549;CH-010;2026-06-27T20:00:00-04:00;2026-06-28T20:00:00-04:00;24;0.27;LOW;0.98;HIGH;1.0;synthetic-rule-demo-v1;Score sintético ilustrativo derivado de sueño, despertar, regulación, rutina, GI, eventos excepcionales e historial.;2026-06-27T20:00:00-04:00
RPR-00550;CH-010;2026-06-28T20:00:00-04:00;2026-06-29T20:00:00-04:00;24;0.27;LOW;0.98;HIGH;1.0;synthetic-rule-demo-v1;Score sintético ilustrativo derivado de sueño, despertar, regulación, rutina, GI, eventos excepcionales e historial.;2026-06-28T20:00:00-04:00
RPR-00551;CH-011;2026-05-05T20:00:00-04:00;2026-05-06T20:00:00-04:00;24;0.36;MEDIUM;0.639;MEDIUM;0.775;synthetic-rule-demo-v1;Score sintético ilustrativo derivado de sueño, despertar, regulación, rutina, GI, eventos excepcionales e historial.;2026-05-05T20:00:00-04:00
RPR-00552;CH-011;2026-05-06T20:00:00-04:00;2026-05-07T20:00:00-04:00;24;0.16;LOW;0.15;LOW;0.125;synthetic-rule-demo-v1;Score sintético ilustrativo derivado de sueño, despertar, regulación, rutina, GI, eventos excepcionales e historial.;2026-05-06T20:00:00-04:00
RPR-00553;CH-011;2026-05-07T20:00:00-04:00;2026-05-08T20:00:00-04:00;24;0.16;LOW;0.688;MEDIUM;0.8;synthetic-rule-demo-v1;Score sintético ilustrativo derivado de sueño, despertar, regulación, rutina, GI, eventos excepcionales e historial.;2026-05-07T20:00:00-04:00
RPR-00554;CH-011;2026-05-08T20:00:00-04:00;2026-05-09T20:00:00-04:00;24;0.21;LOW;0.738;MEDIUM;0.825;synthetic-rule-demo-v1;Score sintético ilustrativo derivado de sueño, despertar, regulación, rutina, GI, eventos excepcionales e historial.;2026-05-08T20:00:00-04:00
RPR-00555;CH-011;2026-05-09T20:00:00-04:00;2026-05-10T20:00:00-04:00;24;0.17;LOW;0.79;HIGH;0.85;synthetic-rule-demo-v1;Score sintético ilustrativo derivado de sueño, despertar, regulación, rutina, GI, eventos excepcionales e historial.;2026-05-09T20:00:00-04:00
RPR-00556;CH-011;2026-05-10T20:00:00-04:00;2026-05-11T20:00:00-04:00;24;0.17;LOW;0.844;HIGH;0.875;synthetic-rule-demo-v1;Score sintético ilustrativo derivado de sueño, despertar, regulación, rutina, GI, eventos excepcionales e historial.;2026-05-10T20:00:00-04:00
RPR-00557;CH-011;2026-05-11T20:00:00-04:00;2026-05-12T20:00:00-04:00;24;0.06;LOW;0.217;LOW;0.225;synthetic-rule-demo-v1;Score sintético ilustrativo derivado de sueño, despertar, regulación, rutina, GI, eventos excepcionales e historial.;2026-05-11T20:00:00-04:00
RPR-00558;CH-011;2026-05-12T20:00:00-04:00;2026-05-13T20:00:00-04:00;24;0.355;MEDIUM;0.9;HIGH;0.9;synthetic-rule-demo-v1;Score sintético ilustrativo derivado de sueño, despertar, regulación, rutina, GI, eventos excepcionales e historial.;2026-05-12T20:00:00-04:00
RPR-00559;CH-011;2026-05-13T20:00:00-04:00;2026-05-14T20:00:00-04:00;24;0.53;MEDIUM;0.925;HIGH;0.925;synthetic-rule-demo-v1;Score sintético ilustrativo derivado de sueño, despertar, regulación, rutina, GI, eventos excepcionales e historial.;2026-05-13T20:00:00-04:00
RPR-00560;CH-011;2026-05-14T20:00:00-04:00;2026-05-15T20:00:00-04:00;24;0.94;HIGH;0.95;HIGH;0.95;synthetic-rule-demo-v1;Score sintético ilustrativo derivado de sueño, despertar, regulación, rutina, GI, eventos excepcionales e historial.;2026-05-14T20:00:00-04:00
RPR-00561;CH-011;2026-05-15T20:00:00-04:00;2026-05-16T20:00:00-04:00;24;0.72;HIGH;0.95;HIGH;0.95;synthetic-rule-demo-v1;Score sintético ilustrativo derivado de sueño, despertar, regulación, rutina, GI, eventos excepcionales e historial.;2026-05-15T20:00:00-04:00
RPR-00562;CH-011;2026-05-16T20:00:00-04:00;2026-05-17T20:00:00-04:00;24;0.68;HIGH;0.95;HIGH;0.95;synthetic-rule-demo-v1;Score sintético ilustrativo derivado de sueño, despertar, regulación, rutina, GI, eventos excepcionales e historial.;2026-05-16T20:00:00-04:00
RPR-00563;CH-011;2026-05-17T20:00:00-04:00;2026-05-18T20:00:00-04:00;24;0.275;LOW;0.95;HIGH;0.95;synthetic-rule-demo-v1;Score sintético ilustrativo derivado de sueño, despertar, regulación, rutina, GI, eventos excepcionales e historial.;2026-05-17T20:00:00-04:00
RPR-00564;CH-011;2026-05-18T20:00:00-04:00;2026-05-19T20:00:00-04:00;24;0.31;LOW;0.95;HIGH;0.95;synthetic-rule-demo-v1;Score sintético ilustrativo derivado de sueño, despertar, regulación, rutina, GI, eventos excepcionales e historial.;2026-05-18T20:00:00-04:00
RPR-00565;CH-011;2026-05-19T20:00:00-04:00;2026-05-20T20:00:00-04:00;24;0.135;LOW;0.95;HIGH;0.95;synthetic-rule-demo-v1;Score sintético ilustrativo derivado de sueño, despertar, regulación, rutina, GI, eventos excepcionales e historial.;2026-05-19T20:00:00-04:00
RPR-00566;CH-011;2026-05-20T20:00:00-04:00;2026-05-21T20:00:00-04:00;24;0.375;MEDIUM;0.975;HIGH;0.975;synthetic-rule-demo-v1;Score sintético ilustrativo derivado de sueño, despertar, regulación, rutina, GI, eventos excepcionales e historial.;2026-05-20T20:00:00-04:00
RPR-00567;CH-011;2026-05-21T20:00:00-04:00;2026-05-22T20:00:00-04:00;24;0.32;LOW;0.903;HIGH;0.903;synthetic-rule-demo-v1;Score sintético ilustrativo derivado de sueño, despertar, regulación, rutina, GI, eventos excepcionales e historial.;2026-05-21T20:00:00-04:00
RPR-00568;CH-011;2026-05-22T20:00:00-04:00;2026-05-23T20:00:00-04:00;24;0.28;LOW;0.975;HIGH;0.975;synthetic-rule-demo-v1;Score sintético ilustrativo derivado de sueño, despertar, regulación, rutina, GI, eventos excepcionales e historial.;2026-05-22T20:00:00-04:00
RPR-00569;CH-011;2026-05-23T20:00:00-04:00;2026-05-24T20:00:00-04:00;24;0.235;LOW;0.975;HIGH;0.975;synthetic-rule-demo-v1;Score sintético ilustrativo derivado de sueño, despertar, regulación, rutina, GI, eventos excepcionales e historial.;2026-05-23T20:00:00-04:00
RPR-00570;CH-011;2026-05-24T20:00:00-04:00;2026-05-25T20:00:00-04:00;24;0.135;LOW;0.975;HIGH;0.975;synthetic-rule-demo-v1;Score sintético ilustrativo derivado de sueño, despertar, regulación, rutina, GI, eventos excepcionales e historial.;2026-05-24T20:00:00-04:00
RPR-00571;CH-011;2026-05-25T20:00:00-04:00;2026-05-26T20:00:00-04:00;24;0.135;LOW;0.98;HIGH;1.0;synthetic-rule-demo-v1;Score sintético ilustrativo derivado de sueño, despertar, regulación, rutina, GI, eventos excepcionales e historial.;2026-05-25T20:00:00-04:00
RPR-00572;CH-011;2026-05-26T20:00:00-04:00;2026-05-27T20:00:00-04:00;24;0.175;LOW;0.98;HIGH;1.0;synthetic-rule-demo-v1;Score sintético ilustrativo derivado de sueño, despertar, regulación, rutina, GI, eventos excepcionales e historial.;2026-05-26T20:00:00-04:00
RPR-00573;CH-011;2026-05-27T20:00:00-04:00;2026-05-28T20:00:00-04:00;24;0.135;LOW;0.98;HIGH;1.0;synthetic-rule-demo-v1;Score sintético ilustrativo derivado de sueño, despertar, regulación, rutina, GI, eventos excepcionales e historial.;2026-05-27T20:00:00-04:00
RPR-00574;CH-011;2026-05-28T20:00:00-04:00;2026-05-29T20:00:00-04:00;24;0.275;LOW;0.98;HIGH;1.0;synthetic-rule-demo-v1;Score sintético ilustrativo derivado de sueño, despertar, regulación, rutina, GI, eventos excepcionales e historial.;2026-05-28T20:00:00-04:00
RPR-00575;CH-011;2026-05-29T20:00:00-04:00;2026-05-30T20:00:00-04:00;24;0.16;LOW;0.98;HIGH;1.0;synthetic-rule-demo-v1;Score sintético ilustrativo derivado de sueño, despertar, regulación, rutina, GI, eventos excepcionales e historial.;2026-05-29T20:00:00-04:00
RPR-00576;CH-011;2026-05-30T20:00:00-04:00;2026-05-31T20:00:00-04:00;24;0.31;LOW;0.98;HIGH;1.0;synthetic-rule-demo-v1;Score sintético ilustrativo derivado de sueño, despertar, regulación, rutina, GI, eventos excepcionales e historial.;2026-05-30T20:00:00-04:00
RPR-00577;CH-011;2026-05-31T20:00:00-04:00;2026-06-01T20:00:00-04:00;24;0.465;MEDIUM;0.98;HIGH;1.0;synthetic-rule-demo-v1;Score sintético ilustrativo derivado de sueño, despertar, regulación, rutina, GI, eventos excepcionales e historial.;2026-05-31T20:00:00-04:00
RPR-00578;CH-011;2026-06-01T20:00:00-04:00;2026-06-02T20:00:00-04:00;24;0.445;MEDIUM;0.98;HIGH;1.0;synthetic-rule-demo-v1;Score sintético ilustrativo derivado de sueño, despertar, regulación, rutina, GI, eventos excepcionales e historial.;2026-06-01T20:00:00-04:00
RPR-00579;CH-011;2026-06-02T20:00:00-04:00;2026-06-03T20:00:00-04:00;24;0.295;LOW;0.98;HIGH;1.0;synthetic-rule-demo-v1;Score sintético ilustrativo derivado de sueño, despertar, regulación, rutina, GI, eventos excepcionales e historial.;2026-06-02T20:00:00-04:00
RPR-00580;CH-011;2026-06-03T20:00:00-04:00;2026-06-04T20:00:00-04:00;24;0.12;LOW;0.98;HIGH;1.0;synthetic-rule-demo-v1;Score sintético ilustrativo derivado de sueño, despertar, regulación, rutina, GI, eventos excepcionales e historial.;2026-06-03T20:00:00-04:00
RPR-00581;CH-011;2026-06-04T20:00:00-04:00;2026-06-05T20:00:00-04:00;24;0.06;LOW;0.98;HIGH;1.0;synthetic-rule-demo-v1;Score sintético ilustrativo derivado de sueño, despertar, regulación, rutina, GI, eventos excepcionales e historial.;2026-06-04T20:00:00-04:00
RPR-00582;CH-011;2026-06-05T20:00:00-04:00;2026-06-06T20:00:00-04:00;24;0.06;LOW;0.325;LOW;0.325;synthetic-rule-demo-v1;Score sintético ilustrativo derivado de sueño, despertar, regulación, rutina, GI, eventos excepcionales e historial.;2026-06-05T20:00:00-04:00
RPR-00583;CH-011;2026-06-06T20:00:00-04:00;2026-06-07T20:00:00-04:00;24;0.2;LOW;0.758;HIGH;0.758;synthetic-rule-demo-v1;Score sintético ilustrativo derivado de sueño, despertar, regulación, rutina, GI, eventos excepcionales e historial.;2026-06-06T20:00:00-04:00
RPR-00584;CH-011;2026-06-07T20:00:00-04:00;2026-06-08T20:00:00-04:00;24;0.3;LOW;0.758;HIGH;0.758;synthetic-rule-demo-v1;Score sintético ilustrativo derivado de sueño, despertar, regulación, rutina, GI, eventos excepcionales e historial.;2026-06-07T20:00:00-04:00
RPR-00585;CH-011;2026-06-08T20:00:00-04:00;2026-06-09T20:00:00-04:00;24;0.26;LOW;0.3;LOW;0.3;synthetic-rule-demo-v1;Score sintético ilustrativo derivado de sueño, despertar, regulación, rutina, GI, eventos excepcionales e historial.;2026-06-08T20:00:00-04:00
RPR-00586;CH-011;2026-06-09T20:00:00-04:00;2026-06-10T20:00:00-04:00;24;0.395;MEDIUM;0.733;MEDIUM;0.733;synthetic-rule-demo-v1;Score sintético ilustrativo derivado de sueño, despertar, regulación, rutina, GI, eventos excepcionales e historial.;2026-06-09T20:00:00-04:00
RPR-00587;CH-011;2026-06-10T20:00:00-04:00;2026-06-11T20:00:00-04:00;24;0.485;MEDIUM;0.95;HIGH;0.95;synthetic-rule-demo-v1;Score sintético ilustrativo derivado de sueño, despertar, regulación, rutina, GI, eventos excepcionales e historial.;2026-06-10T20:00:00-04:00
RPR-00588;CH-011;2026-06-11T20:00:00-04:00;2026-06-12T20:00:00-04:00;24;0.655;HIGH;0.95;HIGH;0.95;synthetic-rule-demo-v1;Score sintético ilustrativo derivado de sueño, despertar, regulación, rutina, GI, eventos excepcionales e historial.;2026-06-11T20:00:00-04:00
RPR-00589;CH-011;2026-06-12T20:00:00-04:00;2026-06-13T20:00:00-04:00;24;0.42;MEDIUM;0.95;HIGH;0.95;synthetic-rule-demo-v1;Score sintético ilustrativo derivado de sueño, despertar, regulación, rutina, GI, eventos excepcionales e historial.;2026-06-12T20:00:00-04:00
RPR-00590;CH-011;2026-06-13T20:00:00-04:00;2026-06-14T20:00:00-04:00;24;0.285;LOW;0.95;HIGH;0.95;synthetic-rule-demo-v1;Score sintético ilustrativo derivado de sueño, despertar, regulación, rutina, GI, eventos excepcionales e historial.;2026-06-13T20:00:00-04:00
RPR-00591;CH-011;2026-06-14T20:00:00-04:00;2026-06-15T20:00:00-04:00;24;0.115;LOW;0.95;HIGH;0.95;synthetic-rule-demo-v1;Score sintético ilustrativo derivado de sueño, despertar, regulación, rutina, GI, eventos excepcionales e historial.;2026-06-14T20:00:00-04:00
RPR-00592;CH-011;2026-06-15T20:00:00-04:00;2026-06-16T20:00:00-04:00;24;0.115;LOW;0.95;HIGH;0.95;synthetic-rule-demo-v1;Score sintético ilustrativo derivado de sueño, despertar, regulación, rutina, GI, eventos excepcionales e historial.;2026-06-15T20:00:00-04:00
RPR-00593;CH-011;2026-06-16T20:00:00-04:00;2026-06-17T20:00:00-04:00;24;0.215;LOW;0.95;HIGH;0.95;synthetic-rule-demo-v1;Score sintético ilustrativo derivado de sueño, despertar, regulación, rutina, GI, eventos excepcionales e historial.;2026-06-16T20:00:00-04:00
RPR-00594;CH-011;2026-06-17T20:00:00-04:00;2026-06-18T20:00:00-04:00;24;0.495;MEDIUM;0.95;HIGH;0.95;synthetic-rule-demo-v1;Score sintético ilustrativo derivado de sueño, despertar, regulación, rutina, GI, eventos excepcionales e historial.;2026-06-17T20:00:00-04:00
RPR-00595;CH-011;2026-06-18T20:00:00-04:00;2026-06-19T20:00:00-04:00;24;0.735;HIGH;0.95;HIGH;0.95;synthetic-rule-demo-v1;Score sintético ilustrativo derivado de sueño, despertar, regulación, rutina, GI, eventos excepcionales e historial.;2026-06-18T20:00:00-04:00
RPR-00596;CH-011;2026-06-19T20:00:00-04:00;2026-06-20T20:00:00-04:00;24;0.695;HIGH;0.975;HIGH;0.975;synthetic-rule-demo-v1;Score sintético ilustrativo derivado de sueño, despertar, regulación, rutina, GI, eventos excepcionales e historial.;2026-06-19T20:00:00-04:00
RPR-00597;CH-011;2026-06-20T20:00:00-04:00;2026-06-21T20:00:00-04:00;24;0.32;LOW;0.975;HIGH;0.975;synthetic-rule-demo-v1;Score sintético ilustrativo derivado de sueño, despertar, regulación, rutina, GI, eventos excepcionales e historial.;2026-06-20T20:00:00-04:00
RPR-00598;CH-011;2026-06-21T20:00:00-04:00;2026-06-22T20:00:00-04:00;24;0.16;LOW;0.975;HIGH;0.975;synthetic-rule-demo-v1;Score sintético ilustrativo derivado de sueño, despertar, regulación, rutina, GI, eventos excepcionales e historial.;2026-06-21T20:00:00-04:00
RPR-00599;CH-011;2026-06-22T20:00:00-04:00;2026-06-23T20:00:00-04:00;24;0.315;LOW;0.98;HIGH;1.0;synthetic-rule-demo-v1;Score sintético ilustrativo derivado de sueño, despertar, regulación, rutina, GI, eventos excepcionales e historial.;2026-06-22T20:00:00-04:00
RPR-00600;CH-011;2026-06-23T20:00:00-04:00;2026-06-24T20:00:00-04:00;24;0.64;MEDIUM;0.98;HIGH;1.0;synthetic-rule-demo-v1;Score sintético ilustrativo derivado de sueño, despertar, regulación, rutina, GI, eventos excepcionales e historial.;2026-06-23T20:00:00-04:00
RPR-00601;CH-011;2026-06-24T20:00:00-04:00;2026-06-25T20:00:00-04:00;24;0.66;HIGH;0.98;HIGH;1.0;synthetic-rule-demo-v1;Score sintético ilustrativo derivado de sueño, despertar, regulación, rutina, GI, eventos excepcionales e historial.;2026-06-24T20:00:00-04:00
RPR-00602;CH-011;2026-06-25T20:00:00-04:00;2026-06-26T20:00:00-04:00;24;0.585;MEDIUM;0.98;HIGH;1.0;synthetic-rule-demo-v1;Score sintético ilustrativo derivado de sueño, despertar, regulación, rutina, GI, eventos excepcionales e historial.;2026-06-25T20:00:00-04:00
RPR-00603;CH-011;2026-06-26T20:00:00-04:00;2026-06-27T20:00:00-04:00;24;0.46;MEDIUM;0.98;HIGH;1.0;synthetic-rule-demo-v1;Score sintético ilustrativo derivado de sueño, despertar, regulación, rutina, GI, eventos excepcionales e historial.;2026-06-26T20:00:00-04:00
RPR-00604;CH-011;2026-06-27T20:00:00-04:00;2026-06-28T20:00:00-04:00;24;0.38;MEDIUM;0.98;HIGH;1.0;synthetic-rule-demo-v1;Score sintético ilustrativo derivado de sueño, despertar, regulación, rutina, GI, eventos excepcionales e historial.;2026-06-27T20:00:00-04:00
RPR-00605;CH-011;2026-06-28T20:00:00-04:00;2026-06-29T20:00:00-04:00;24;0.38;MEDIUM;0.928;HIGH;0.928;synthetic-rule-demo-v1;Score sintético ilustrativo derivado de sueño, despertar, regulación, rutina, GI, eventos excepcionales e historial.;2026-06-28T20:00:00-04:00
RPR-00606;CH-012;2026-05-05T20:00:00-04:00;2026-05-06T20:00:00-04:00;24;0.31;LOW;0.639;MEDIUM;0.775;synthetic-rule-demo-v1;Score sintético ilustrativo derivado de sueño, despertar, regulación, rutina, GI, eventos excepcionales e historial.;2026-05-05T20:00:00-04:00
RPR-00607;CH-012;2026-05-06T20:00:00-04:00;2026-05-07T20:00:00-04:00;24;0.415;MEDIUM;0.688;MEDIUM;0.8;synthetic-rule-demo-v1;Score sintético ilustrativo derivado de sueño, despertar, regulación, rutina, GI, eventos excepcionales e historial.;2026-05-06T20:00:00-04:00
RPR-00608;CH-012;2026-05-07T20:00:00-04:00;2026-05-08T20:00:00-04:00;24;0.69;HIGH;0.738;MEDIUM;0.825;synthetic-rule-demo-v1;Score sintético ilustrativo derivado de sueño, despertar, regulación, rutina, GI, eventos excepcionales e historial.;2026-05-07T20:00:00-04:00
RPR-00609;CH-012;2026-05-08T20:00:00-04:00;2026-05-09T20:00:00-04:00;24;0.94;HIGH;0.79;HIGH;0.85;synthetic-rule-demo-v1;Score sintético ilustrativo derivado de sueño, despertar, regulación, rutina, GI, eventos excepcionales e historial.;2026-05-08T20:00:00-04:00
RPR-00610;CH-012;2026-05-09T20:00:00-04:00;2026-05-10T20:00:00-04:00;24;0.94;HIGH;0.844;HIGH;0.875;synthetic-rule-demo-v1;Score sintético ilustrativo derivado de sueño, despertar, regulación, rutina, GI, eventos excepcionales e historial.;2026-05-09T20:00:00-04:00
RPR-00611;CH-012;2026-05-10T20:00:00-04:00;2026-05-11T20:00:00-04:00;24;0.94;HIGH;0.9;HIGH;0.9;synthetic-rule-demo-v1;Score sintético ilustrativo derivado de sueño, despertar, regulación, rutina, GI, eventos excepcionales e historial.;2026-05-10T20:00:00-04:00
RPR-00612;CH-012;2026-05-11T20:00:00-04:00;2026-05-12T20:00:00-04:00;24;0.94;HIGH;0.925;HIGH;0.925;synthetic-rule-demo-v1;Score sintético ilustrativo derivado de sueño, despertar, regulación, rutina, GI, eventos excepcionales e historial.;2026-05-11T20:00:00-04:00
RPR-00613;CH-012;2026-05-12T20:00:00-04:00;2026-05-13T20:00:00-04:00;24;0.54;MEDIUM;0.95;HIGH;0.95;synthetic-rule-demo-v1;Score sintético ilustrativo derivado de sueño, despertar, regulación, rutina, GI, eventos excepcionales e historial.;2026-05-12T20:00:00-04:00
RPR-00614;CH-012;2026-05-13T20:00:00-04:00;2026-05-14T20:00:00-04:00;24;0.235;LOW;0.975;HIGH;0.975;synthetic-rule-demo-v1;Score sintético ilustrativo derivado de sueño, despertar, regulación, rutina, GI, eventos excepcionales e historial.;2026-05-13T20:00:00-04:00
RPR-00615;CH-012;2026-05-14T20:00:00-04:00;2026-05-15T20:00:00-04:00;24;0.195;LOW;0.98;HIGH;1.0;synthetic-rule-demo-v1;Score sintético ilustrativo derivado de sueño, despertar, regulación, rutina, GI, eventos excepcionales e historial.;2026-05-14T20:00:00-04:00
RPR-00616;CH-012;2026-05-15T20:00:00-04:00;2026-05-16T20:00:00-04:00;24;0.235;LOW;0.98;HIGH;1.0;synthetic-rule-demo-v1;Score sintético ilustrativo derivado de sueño, despertar, regulación, rutina, GI, eventos excepcionales e historial.;2026-05-15T20:00:00-04:00
RPR-00617;CH-012;2026-05-16T20:00:00-04:00;2026-05-17T20:00:00-04:00;24;0.115;LOW;0.98;HIGH;1.0;synthetic-rule-demo-v1;Score sintético ilustrativo derivado de sueño, despertar, regulación, rutina, GI, eventos excepcionales e historial.;2026-05-16T20:00:00-04:00
RPR-00618;CH-012;2026-05-17T20:00:00-04:00;2026-05-18T20:00:00-04:00;24;0.115;LOW;0.98;HIGH;1.0;synthetic-rule-demo-v1;Score sintético ilustrativo derivado de sueño, despertar, regulación, rutina, GI, eventos excepcionales e historial.;2026-05-17T20:00:00-04:00
RPR-00619;CH-012;2026-05-18T20:00:00-04:00;2026-05-19T20:00:00-04:00;24;0.1;LOW;0.98;HIGH;1.0;synthetic-rule-demo-v1;Score sintético ilustrativo derivado de sueño, despertar, regulación, rutina, GI, eventos excepcionales e historial.;2026-05-18T20:00:00-04:00
RPR-00620;CH-012;2026-05-19T20:00:00-04:00;2026-05-20T20:00:00-04:00;24;0.275;LOW;0.98;HIGH;1.0;synthetic-rule-demo-v1;Score sintético ilustrativo derivado de sueño, despertar, regulación, rutina, GI, eventos excepcionales e historial.;2026-05-19T20:00:00-04:00
RPR-00621;CH-012;2026-05-20T20:00:00-04:00;2026-05-21T20:00:00-04:00;24;0.335;LOW;0.98;HIGH;1.0;synthetic-rule-demo-v1;Score sintético ilustrativo derivado de sueño, despertar, regulación, rutina, GI, eventos excepcionales e historial.;2026-05-20T20:00:00-04:00
RPR-00622;CH-012;2026-05-21T20:00:00-04:00;2026-05-22T20:00:00-04:00;24;0.575;MEDIUM;0.98;HIGH;1.0;synthetic-rule-demo-v1;Score sintético ilustrativo derivado de sueño, despertar, regulación, rutina, GI, eventos excepcionales e historial.;2026-05-21T20:00:00-04:00
RPR-00623;CH-012;2026-05-22T20:00:00-04:00;2026-05-23T20:00:00-04:00;24;0.36;MEDIUM;0.98;HIGH;1.0;synthetic-rule-demo-v1;Score sintético ilustrativo derivado de sueño, despertar, regulación, rutina, GI, eventos excepcionales e historial.;2026-05-22T20:00:00-04:00
RPR-00624;CH-012;2026-05-23T20:00:00-04:00;2026-05-24T20:00:00-04:00;24;0.26;LOW;0.325;LOW;0.325;synthetic-rule-demo-v1;Score sintético ilustrativo derivado de sueño, despertar, regulación, rutina, GI, eventos excepcionales e historial.;2026-05-23T20:00:00-04:00
RPR-00625;CH-012;2026-05-24T20:00:00-04:00;2026-05-25T20:00:00-04:00;24;0.21;LOW;0.975;HIGH;0.975;synthetic-rule-demo-v1;Score sintético ilustrativo derivado de sueño, despertar, regulación, rutina, GI, eventos excepcionales e historial.;2026-05-24T20:00:00-04:00
RPR-00626;CH-012;2026-05-25T20:00:00-04:00;2026-05-26T20:00:00-04:00;24;0.35;MEDIUM;0.975;HIGH;0.975;synthetic-rule-demo-v1;Score sintético ilustrativo derivado de sueño, despertar, regulación, rutina, GI, eventos excepcionales e historial.;2026-05-25T20:00:00-04:00
RPR-00627;CH-012;2026-05-26T20:00:00-04:00;2026-05-27T20:00:00-04:00;24;0.39;MEDIUM;0.903;HIGH;0.903;synthetic-rule-demo-v1;Score sintético ilustrativo derivado de sueño, despertar, regulación, rutina, GI, eventos excepcionales e historial.;2026-05-26T20:00:00-04:00
RPR-00628;CH-012;2026-05-27T20:00:00-04:00;2026-05-28T20:00:00-04:00;24;0.695;HIGH;0.975;HIGH;0.975;synthetic-rule-demo-v1;Score sintético ilustrativo derivado de sueño, despertar, regulación, rutina, GI, eventos excepcionales e historial.;2026-05-27T20:00:00-04:00
RPR-00629;CH-012;2026-05-28T20:00:00-04:00;2026-05-29T20:00:00-04:00;24;0.735;HIGH;0.975;HIGH;0.975;synthetic-rule-demo-v1;Score sintético ilustrativo derivado de sueño, despertar, regulación, rutina, GI, eventos excepcionales e historial.;2026-05-28T20:00:00-04:00
RPR-00630;CH-012;2026-05-29T20:00:00-04:00;2026-05-30T20:00:00-04:00;24;0.91;HIGH;0.975;HIGH;0.975;synthetic-rule-demo-v1;Score sintético ilustrativo derivado de sueño, despertar, regulación, rutina, GI, eventos excepcionales e historial.;2026-05-29T20:00:00-04:00
RPR-00631;CH-012;2026-05-30T20:00:00-04:00;2026-05-31T20:00:00-04:00;24;0.455;MEDIUM;0.975;HIGH;0.975;synthetic-rule-demo-v1;Score sintético ilustrativo derivado de sueño, despertar, regulación, rutina, GI, eventos excepcionales e historial.;2026-05-30T20:00:00-04:00
RPR-00632;CH-012;2026-05-31T20:00:00-04:00;2026-06-01T20:00:00-04:00;24;0.53;MEDIUM;0.975;HIGH;0.975;synthetic-rule-demo-v1;Score sintético ilustrativo derivado de sueño, despertar, regulación, rutina, GI, eventos excepcionales e historial.;2026-05-31T20:00:00-04:00
RPR-00633;CH-012;2026-06-01T20:00:00-04:00;2026-06-02T20:00:00-04:00;24;0.375;MEDIUM;0.975;HIGH;0.975;synthetic-rule-demo-v1;Score sintético ilustrativo derivado de sueño, despertar, regulación, rutina, GI, eventos excepcionales e historial.;2026-06-01T20:00:00-04:00
RPR-00634;CH-012;2026-06-02T20:00:00-04:00;2026-06-03T20:00:00-04:00;24;0.335;LOW;0.975;HIGH;0.975;synthetic-rule-demo-v1;Score sintético ilustrativo derivado de sueño, despertar, regulación, rutina, GI, eventos excepcionales e historial.;2026-06-02T20:00:00-04:00
RPR-00635;CH-012;2026-06-03T20:00:00-04:00;2026-06-04T20:00:00-04:00;24;0.415;MEDIUM;0.975;HIGH;0.975;synthetic-rule-demo-v1;Score sintético ilustrativo derivado de sueño, despertar, regulación, rutina, GI, eventos excepcionales e historial.;2026-06-03T20:00:00-04:00
RPR-00636;CH-012;2026-06-04T20:00:00-04:00;2026-06-05T20:00:00-04:00;24;0.375;MEDIUM;0.975;HIGH;0.975;synthetic-rule-demo-v1;Score sintético ilustrativo derivado de sueño, despertar, regulación, rutina, GI, eventos excepcionales e historial.;2026-06-04T20:00:00-04:00
RPR-00637;CH-012;2026-06-05T20:00:00-04:00;2026-06-06T20:00:00-04:00;24;0.45;MEDIUM;0.975;HIGH;0.975;synthetic-rule-demo-v1;Score sintético ilustrativo derivado de sueño, despertar, regulación, rutina, GI, eventos excepcionales e historial.;2026-06-05T20:00:00-04:00
RPR-00638;CH-012;2026-06-06T20:00:00-04:00;2026-06-07T20:00:00-04:00;24;0.275;LOW;0.98;HIGH;1.0;synthetic-rule-demo-v1;Score sintético ilustrativo derivado de sueño, despertar, regulación, rutina, GI, eventos excepcionales e historial.;2026-06-06T20:00:00-04:00
RPR-00639;CH-012;2026-06-07T20:00:00-04:00;2026-06-08T20:00:00-04:00;24;0.175;LOW;0.98;HIGH;1.0;synthetic-rule-demo-v1;Score sintético ilustrativo derivado de sueño, despertar, regulación, rutina, GI, eventos excepcionales e historial.;2026-06-07T20:00:00-04:00
RPR-00640;CH-012;2026-06-08T20:00:00-04:00;2026-06-09T20:00:00-04:00;24;0.06;LOW;0.98;HIGH;1.0;synthetic-rule-demo-v1;Score sintético ilustrativo derivado de sueño, despertar, regulación, rutina, GI, eventos excepcionales e historial.;2026-06-08T20:00:00-04:00
RPR-00641;CH-012;2026-06-09T20:00:00-04:00;2026-06-10T20:00:00-04:00;24;0.21;LOW;0.98;HIGH;1.0;synthetic-rule-demo-v1;Score sintético ilustrativo derivado de sueño, despertar, regulación, rutina, GI, eventos excepcionales e historial.;2026-06-09T20:00:00-04:00
RPR-00642;CH-012;2026-06-10T20:00:00-04:00;2026-06-11T20:00:00-04:00;24;0.17;LOW;0.98;HIGH;1.0;synthetic-rule-demo-v1;Score sintético ilustrativo derivado de sueño, despertar, regulación, rutina, GI, eventos excepcionales e historial.;2026-06-10T20:00:00-04:00
RPR-00643;CH-012;2026-06-11T20:00:00-04:00;2026-06-12T20:00:00-04:00;24;0.32;LOW;0.98;HIGH;1.0;synthetic-rule-demo-v1;Score sintético ilustrativo derivado de sueño, despertar, regulación, rutina, GI, eventos excepcionales e historial.;2026-06-11T20:00:00-04:00
RPR-00644;CH-012;2026-06-12T20:00:00-04:00;2026-06-13T20:00:00-04:00;24;0.17;LOW;0.98;HIGH;1.0;synthetic-rule-demo-v1;Score sintético ilustrativo derivado de sueño, despertar, regulación, rutina, GI, eventos excepcionales e historial.;2026-06-12T20:00:00-04:00
RPR-00645;CH-012;2026-06-13T20:00:00-04:00;2026-06-14T20:00:00-04:00;24;0.285;LOW;0.98;HIGH;1.0;synthetic-rule-demo-v1;Score sintético ilustrativo derivado de sueño, despertar, regulación, rutina, GI, eventos excepcionales e historial.;2026-06-13T20:00:00-04:00
RPR-00646;CH-012;2026-06-14T20:00:00-04:00;2026-06-15T20:00:00-04:00;24;0.285;LOW;0.98;HIGH;1.0;synthetic-rule-demo-v1;Score sintético ilustrativo derivado de sueño, despertar, regulación, rutina, GI, eventos excepcionales e historial.;2026-06-14T20:00:00-04:00
RPR-00647;CH-012;2026-06-15T20:00:00-04:00;2026-06-16T20:00:00-04:00;24;0.385;MEDIUM;0.98;HIGH;1.0;synthetic-rule-demo-v1;Score sintético ilustrativo derivado de sueño, despertar, regulación, rutina, GI, eventos excepcionales e historial.;2026-06-15T20:00:00-04:00
RPR-00648;CH-012;2026-06-16T20:00:00-04:00;2026-06-17T20:00:00-04:00;24;0.53;MEDIUM;0.98;HIGH;1.0;synthetic-rule-demo-v1;Score sintético ilustrativo derivado de sueño, despertar, regulación, rutina, GI, eventos excepcionales e historial.;2026-06-16T20:00:00-04:00
RPR-00649;CH-012;2026-06-17T20:00:00-04:00;2026-06-18T20:00:00-04:00;24;0.34;LOW;0.98;HIGH;1.0;synthetic-rule-demo-v1;Score sintético ilustrativo derivado de sueño, despertar, regulación, rutina, GI, eventos excepcionales e historial.;2026-06-17T20:00:00-04:00
RPR-00650;CH-012;2026-06-18T20:00:00-04:00;2026-06-19T20:00:00-04:00;24;0.24;LOW;0.98;HIGH;1.0;synthetic-rule-demo-v1;Score sintético ilustrativo derivado de sueño, despertar, regulación, rutina, GI, eventos excepcionales e historial.;2026-06-18T20:00:00-04:00
RPR-00651;CH-012;2026-06-19T20:00:00-04:00;2026-06-20T20:00:00-04:00;24;0.06;LOW;0.98;HIGH;1.0;synthetic-rule-demo-v1;Score sintético ilustrativo derivado de sueño, despertar, regulación, rutina, GI, eventos excepcionales e historial.;2026-06-19T20:00:00-04:00
RPR-00652;CH-012;2026-06-20T20:00:00-04:00;2026-06-21T20:00:00-04:00;24;0.315;LOW;0.98;HIGH;1.0;synthetic-rule-demo-v1;Score sintético ilustrativo derivado de sueño, despertar, regulación, rutina, GI, eventos excepcionales e historial.;2026-06-20T20:00:00-04:00
RPR-00653;CH-012;2026-06-21T20:00:00-04:00;2026-06-22T20:00:00-04:00;24;0.355;MEDIUM;0.98;HIGH;1.0;synthetic-rule-demo-v1;Score sintético ilustrativo derivado de sueño, despertar, regulación, rutina, GI, eventos excepcionales e historial.;2026-06-21T20:00:00-04:00
RPR-00654;CH-012;2026-06-22T20:00:00-04:00;2026-06-23T20:00:00-04:00;24;0.425;MEDIUM;0.98;HIGH;1.0;synthetic-rule-demo-v1;Score sintético ilustrativo derivado de sueño, despertar, regulación, rutina, GI, eventos excepcionales e historial.;2026-06-22T20:00:00-04:00
RPR-00655;CH-012;2026-06-23T20:00:00-04:00;2026-06-24T20:00:00-04:00;24;0.39;MEDIUM;0.98;HIGH;1.0;synthetic-rule-demo-v1;Score sintético ilustrativo derivado de sueño, despertar, regulación, rutina, GI, eventos excepcionales e historial.;2026-06-23T20:00:00-04:00
RPR-00656;CH-012;2026-06-24T20:00:00-04:00;2026-06-25T20:00:00-04:00;24;0.385;MEDIUM;0.98;HIGH;1.0;synthetic-rule-demo-v1;Score sintético ilustrativo derivado de sueño, despertar, regulación, rutina, GI, eventos excepcionales e historial.;2026-06-24T20:00:00-04:00
RPR-00657;CH-012;2026-06-25T20:00:00-04:00;2026-06-26T20:00:00-04:00;24;0.49;MEDIUM;0.98;HIGH;1.0;synthetic-rule-demo-v1;Score sintético ilustrativo derivado de sueño, despertar, regulación, rutina, GI, eventos excepcionales e historial.;2026-06-25T20:00:00-04:00
RPR-00658;CH-012;2026-06-26T20:00:00-04:00;2026-06-27T20:00:00-04:00;24;0.425;MEDIUM;0.98;HIGH;1.0;synthetic-rule-demo-v1;Score sintético ilustrativo derivado de sueño, despertar, regulación, rutina, GI, eventos excepcionales e historial.;2026-06-26T20:00:00-04:00
RPR-00659;CH-012;2026-06-27T20:00:00-04:00;2026-06-28T20:00:00-04:00;24;0.46;MEDIUM;0.98;HIGH;1.0;synthetic-rule-demo-v1;Score sintético ilustrativo derivado de sueño, despertar, regulación, rutina, GI, eventos excepcionales e historial.;2026-06-27T20:00:00-04:00
RPR-00660;CH-012;2026-06-28T20:00:00-04:00;2026-06-29T20:00:00-04:00;24;0.36;MEDIUM;0.98;HIGH;1.0;synthetic-rule-demo-v1;Score sintético ilustrativo derivado de sueño, despertar, regulación, rutina, GI, eventos excepcionales e historial.;2026-06-28T20:00:00-04:00
