prediction_id;child_external_case_id;prediction_date;prediction_at;scenario_id;scenario_type;sleep_quality;sleep_hours;wake_state;regulation_level;alert_level;routine_change;gastrointestinal_status;observed_behavior;exceptional_event;sensory_profile;sleep_altered_days_3d;wake_adverse_days_3d;low_regulation_days_3d;routine_changes_3d;gi_alterations_3d;exceptional_events_3d;dysregulation_events_7d;days_since_last_dysregulation;adverse_factor_count_current;data_completeness;risk_score_demo;confidence_score_demo;target_dysregulation_24h
RPR-00001;SYN-001;2026-05-05;2026-05-05T20:00:00-04:00;;NORMAL;Interrumpido;8.7;Tranquilo/Alegre;Estable con Apoyo;Óptimo (Regulado);False;Diarrea;estable_con_apoyo;False;Buscador Sensorial Vestibular y Propioceptivo;1;0;1;0;1;0;0;;2;0.775;0.41;0.639;0
RPR-00002;SYN-001;2026-05-06;2026-05-06T20:00:00-04:00;;INCOMPLETE;;;;;;;;;;Buscador Sensorial Vestibular y Propioceptivo;1;0;1;0;1;0;0;;0;0.125;0.33;0.15;0
RPR-00003;SYN-001;2026-05-07;2026-05-07T20:00:00-04:00;;NORMAL;Interrumpido;9.0;Irritable/Llorando;Estable con Apoyo;Óptimo (Regulado);False;Normal;estable_con_apoyo|irritabilidad;False;Buscador Sensorial Vestibular y Propioceptivo;2;1;0;0;1;0;0;;2;0.8;0.475;0.688;0
RPR-00004;SYN-001;2026-05-08;2026-05-08T20:00:00-04:00;;NORMAL;Reparador;9.6;Cansado/Con Sueño;Excelente;Óptimo (Regulado);False;Normal;regulado|cansancio;False;Buscador Sensorial Vestibular y Propioceptivo;1;2;0;0;0;0;0;;1;0.825;0.35;0.738;0
RPR-00005;SYN-001;2026-05-09;2026-05-09T20:00:00-04:00;;NORMAL;Interrumpido;9.3;Tranquilo/Alegre;Excelente;Alto (Sobreexcitado);False;Normal;regulado|mayor_actividad;False;Buscador Sensorial Vestibular y Propioceptivo;2;2;0;0;0;0;0;;2;0.85;0.49;0.79;0
RPR-00006;SYN-001;2026-05-10;2026-05-10T20:00:00-04:00;;NORMAL;Interrumpido;9.5;Irritable/Llorando;Estable con Apoyo;Óptimo (Regulado);False;Normal;estable_con_apoyo|irritabilidad;False;Buscador Sensorial Vestibular y Propioceptivo;2;2;0;0;0;0;0;;2;0.875;0.49;0.844;0
RPR-00007;SYN-001;2026-05-11;2026-05-11T20:00:00-04:00;;NORMAL;Interrumpido;10.2;Tranquilo/Alegre;Estable con Apoyo;Óptimo (Regulado);False;Normal;estable_con_apoyo;False;Buscador Sensorial Vestibular y Propioceptivo;3;1;0;0;0;0;0;;1;0.9;0.475;0.9;0
RPR-00008;SYN-001;2026-05-12;2026-05-12T20:00:00-04:00;;NORMAL;Reparador;10.0;Tranquilo/Alegre;Estable con Apoyo;Óptimo (Regulado);False;Normal;estable_con_apoyo;False;Buscador Sensorial Vestibular y Propioceptivo;2;1;0;0;0;0;0;;0;0.925;0.335;0.925;0
RPR-00009;SYN-001;2026-05-13;2026-05-13T20:00:00-04:00;;NORMAL;Reparador;8.9;Tranquilo/Alegre;Estable con Apoyo;Bajo (Letárgico);False;Normal;estable_con_apoyo;False;Buscador Sensorial Vestibular y Propioceptivo;1;0;0;0;0;0;0;;1;0.95;0.2;0.95;0
RPR-00010;SYN-001;2026-05-14;2026-05-14T20:00:00-04:00;;NORMAL;Reparador;9.8;Tranquilo/Alegre;Estable con Apoyo;Óptimo (Regulado);False;Normal;estable_con_apoyo;False;Buscador Sensorial Vestibular y Propioceptivo;0;0;0;0;0;0;0;;0;0.975;0.06;0.975;0
RPR-00011;SYN-001;2026-05-15;2026-05-15T20:00:00-04:00;SCN-001;GRADUAL_DETERIORATION_WITH_EVENT;Reparador;9.7;Tranquilo/Alegre;Estable con Apoyo;Óptimo (Regulado);False;Normal;estable_con_apoyo;False;Buscador Sensorial Vestibular y Propioceptivo;0;0;0;0;0;0;0;;0;0.975;0.06;0.975;0
RPR-00012;SYN-001;2026-05-16;2026-05-16T20:00:00-04:00;SCN-001;GRADUAL_DETERIORATION_WITH_EVENT;Interrumpido;7.8;Irritable/Llorando;Excelente;Óptimo (Regulado);False;Normal;regulado|irritabilidad;False;Buscador Sensorial Vestibular y Propioceptivo;1;1;0;0;0;0;0;;2;0.975;0.315;0.975;0
RPR-00013;SYN-001;2026-05-17;2026-05-17T20:00:00-04:00;SCN-001;GRADUAL_DETERIORATION_WITH_EVENT;Interrumpido;7.9;Cansado/Con Sueño;Estable con Apoyo;Bajo (Letárgico);False;Normal;estable_con_apoyo|irritabilidad|cansancio;False;Buscador Sensorial Vestibular y Propioceptivo;2;2;0;0;0;0;0;;3;0.975;0.53;0.975;0
RPR-00014;SYN-001;2026-05-18;2026-05-18T20:00:00-04:00;SCN-001;GRADUAL_DETERIORATION_WITH_EVENT;Interrumpido;7.8;Irritable/Llorando;Estable con Apoyo;Bajo (Letárgico);False;Normal;estable_con_apoyo|cansancio|irritabilidad|menor_tolerancia_frustracion;False;Buscador Sensorial Vestibular y Propioceptivo;3;3;0;0;0;0;0;;3;0.975;0.705;0.975;0
RPR-00015;SYN-001;2026-05-19;2026-05-19T20:00:00-04:00;SCN-001;GRADUAL_DETERIORATION_WITH_EVENT;Interrumpido;8.1;Irritable/Llorando;Desregulación Frecuente;Alto (Sobreexcitado);False;Normal;estable_con_apoyo|cansancio|irritabilidad|menor_tolerancia_frustracion|mayor_actividad;False;Buscador Sensorial Vestibular y Propioceptivo;3;3;1;0;0;0;0;;4;0.975;0.94;0.975;1
RPR-00016;SYN-001;2026-05-20;2026-05-20T20:00:00-04:00;;NORMAL;Interrumpido;9.7;Tranquilo/Alegre;Estable con Apoyo;Bajo (Letárgico);False;Normal;estable_con_apoyo;False;Buscador Sensorial Vestibular y Propioceptivo;3;2;1;0;0;0;1;0.5;2;1.0;0.755;0.98;0
RPR-00017;SYN-001;2026-05-21;2026-05-21T20:00:00-04:00;;NORMAL;Interrumpido;9.9;Irritable/Llorando;Desregulación Frecuente;Bajo (Letárgico);True;Normal;estable_con_apoyo|irritabilidad;False;Buscador Sensorial Vestibular y Propioceptivo;3;2;2;1;0;0;1;1.5;5;1.0;0.94;0.98;0
RPR-00018;SYN-001;2026-05-22;2026-05-22T20:00:00-04:00;;NORMAL;Reparador;9.0;Tranquilo/Alegre;Estable con Apoyo;Óptimo (Regulado);False;Estreñimiento;estable_con_apoyo;False;Buscador Sensorial Vestibular y Propioceptivo;2;1;1;1;1;0;1;2.5;1;1.0;0.76;0.98;0
RPR-00019;SYN-001;2026-05-23;2026-05-23T20:00:00-04:00;;NORMAL;Reparador;10.1;Irritable/Llorando;Estable con Apoyo;Bajo (Letárgico);False;Normal;estable_con_apoyo|irritabilidad;False;Buscador Sensorial Vestibular y Propioceptivo;1;2;1;1;1;0;1;3.5;2;1.0;0.695;0.98;0
RPR-00020;SYN-001;2026-05-24;2026-05-24T20:00:00-04:00;;NORMAL;Reparador;10.2;Tranquilo/Alegre;Estable con Apoyo;Óptimo (Regulado);False;Normal;estable_con_apoyo;False;Buscador Sensorial Vestibular y Propioceptivo;0;1;0;0;1;0;1;4.5;0;1.0;0.25;0.98;0
RPR-00021;SYN-001;2026-05-25;2026-05-25T20:00:00-04:00;;NORMAL;Reparador;9.7;Tranquilo/Alegre;Estable con Apoyo;Óptimo (Regulado);False;Normal;estable_con_apoyo;False;Buscador Sensorial Vestibular y Propioceptivo;0;1;0;0;0;0;1;5.5;0;1.0;0.19;0.98;0
RPR-00022;SYN-001;2026-05-26;2026-05-26T20:00:00-04:00;;NORMAL;Reparador;9.2;Tranquilo/Alegre;Excelente;Bajo (Letárgico);False;Normal;regulado;False;Buscador Sensorial Vestibular y Propioceptivo;0;0;0;0;0;0;1;6.5;1;1.0;0.155;0.98;0
RPR-00023;SYN-001;2026-05-27;2026-05-27T20:00:00-04:00;;NORMAL;Reparador;10.3;Tranquilo/Alegre;Estable con Apoyo;Óptimo (Regulado);False;Normal;estable_con_apoyo;False;Buscador Sensorial Vestibular y Propioceptivo;0;0;0;0;0;0;0;7.5;0;1.0;0.06;0.98;0
RPR-00024;SYN-001;2026-05-28;2026-05-28T20:00:00-04:00;;NORMAL;Interrumpido;9.6;Tranquilo/Alegre;Estable con Apoyo;Alto (Sobreexcitado);False;Normal;estable_con_apoyo|mayor_actividad;False;Buscador Sensorial Vestibular y Propioceptivo;1;0;0;0;0;0;0;8.5;2;1.0;0.24;0.98;0
RPR-00025;SYN-001;2026-05-29;2026-05-29T20:00:00-04:00;;NORMAL;Reparador;10.2;Tranquilo/Alegre;Estable con Apoyo;Óptimo (Regulado);False;Normal;estable_con_apoyo|respuesta_a_evento_excepcional;True;Buscador Sensorial Vestibular y Propioceptivo;1;0;0;0;0;1;0;9.5;1;1.0;0.3;0.98;0
RPR-00026;SYN-001;2026-05-30;2026-05-30T20:00:00-04:00;;NORMAL;Reparador;8.9;Tranquilo/Alegre;Estable con Apoyo;Óptimo (Regulado);False;Normal;estable_con_apoyo;False;Buscador Sensorial Vestibular y Propioceptivo;1;0;0;0;0;1;0;10.5;0;1.0;0.26;0.98;0
RPR-00027;SYN-001;2026-05-31;2026-05-31T20:00:00-04:00;;NORMAL;Dificultad de Conciliación;10.0;Irritable/Llorando;Excelente;Óptimo (Regulado);False;Normal;regulado|irritabilidad;False;Buscador Sensorial Vestibular y Propioceptivo;1;1;0;0;0;1;0;11.5;2;1.0;0.415;0.98;0
RPR-00028;SYN-001;2026-06-01;2026-06-01T20:00:00-04:00;;NORMAL;Reparador;10.2;Tranquilo/Alegre;Estable con Apoyo;Óptimo (Regulado);False;Estreñimiento;estable_con_apoyo;False;Buscador Sensorial Vestibular y Propioceptivo;1;1;0;0;1;0;0;12.5;1;1.0;0.335;0.98;0
RPR-00029;SYN-001;2026-06-02;2026-06-02T20:00:00-04:00;;NORMAL;Reparador;9.2;Tranquilo/Alegre;Excelente;Alto (Sobreexcitado);False;Normal;regulado|mayor_actividad;False;Buscador Sensorial Vestibular y Propioceptivo;1;1;0;0;1;0;0;13.5;1;1.0;0.335;0.98;0
RPR-00030;SYN-001;2026-06-03;2026-06-03T20:00:00-04:00;;NORMAL;Reparador;9.7;Tranquilo/Alegre;Desregulación Frecuente;Óptimo (Regulado);False;Normal;estable_con_apoyo;False;Buscador Sensorial Vestibular y Propioceptivo;0;0;1;0;1;0;0;14.5;1;1.0;0.27;0.98;0
RPR-00031;SYN-001;2026-06-04;2026-06-04T20:00:00-04:00;;NORMAL;Reparador;9.5;Tranquilo/Alegre;Estable con Apoyo;Óptimo (Regulado);False;Normal;estable_con_apoyo;False;Buscador Sensorial Vestibular y Propioceptivo;0;0;1;0;0;0;0;15.5;0;1.0;0.17;0.98;0
RPR-00032;SYN-001;2026-06-05;2026-06-05T20:00:00-04:00;;NORMAL;Reparador;9.7;Tranquilo/Alegre;Estable con Apoyo;Óptimo (Regulado);False;Estreñimiento;estable_con_apoyo;False;Buscador Sensorial Vestibular y Propioceptivo;0;0;1;0;1;0;0;16.5;1;1.0;0.27;0.98;0
RPR-00033;SYN-001;2026-06-06;2026-06-06T20:00:00-04:00;;NORMAL;Reparador;10.3;Tranquilo/Alegre;Estable con Apoyo;Óptimo (Regulado);False;Normal;estable_con_apoyo;False;Buscador Sensorial Vestibular y Propioceptivo;0;0;0;0;1;0;0;17.5;0;1.0;0.12;0.98;0
RPR-00034;SYN-001;2026-06-07;2026-06-07T20:00:00-04:00;SCN-002;ROUTINE_CHANGE_NO_EVENT;Reparador;7.7;Tranquilo/Alegre;Estable con Apoyo;Alto (Sobreexcitado);True;Estreñimiento;estable_con_apoyo|mayor_actividad|anticipacion_cambio;False;Buscador Sensorial Vestibular y Propioceptivo;0;0;0;1;2;0;0;18.5;3;1.0;0.38;0.98;0
RPR-00035;SYN-001;2026-06-08;2026-06-08T20:00:00-04:00;SCN-002;ROUTINE_CHANGE_NO_EVENT;Reparador;8.9;Tranquilo/Alegre;Desregulación Frecuente;Óptimo (Regulado);True;Normal;estable_con_apoyo|dificultad_transicion;False;Buscador Sensorial Vestibular y Propioceptivo;0;0;1;2;1;0;0;19.5;2;1.0;0.47;0.98;0
RPR-00036;SYN-001;2026-06-09;2026-06-09T20:00:00-04:00;SCN-002;ROUTINE_CHANGE_NO_EVENT;Interrumpido;9.4;Irritable/Llorando;Estable con Apoyo;Óptimo (Regulado);True;Normal;estable_con_apoyo|dificultad_transicion;False;Buscador Sensorial Vestibular y Propioceptivo;1;1;1;3;1;0;0;20.5;3;1.0;0.765;0.98;0
RPR-00037;SYN-001;2026-06-10;2026-06-10T20:00:00-04:00;;NORMAL;Reparador;9.8;Tranquilo/Alegre;Desregulación Frecuente;Óptimo (Regulado);False;Estreñimiento;estable_con_apoyo;False;Buscador Sensorial Vestibular y Propioceptivo;1;1;2;2;1;0;0;21.5;2;1.0;0.755;0.98;0
RPR-00038;SYN-001;2026-06-11;2026-06-11T20:00:00-04:00;;NORMAL;Reparador;9.6;Tranquilo/Alegre;Estable con Apoyo;Bajo (Letárgico);False;Estreñimiento;estable_con_apoyo;False;Buscador Sensorial Vestibular y Propioceptivo;1;1;1;1;2;0;0;22.5;2;1.0;0.625;0.98;0
RPR-00039;SYN-001;2026-06-12;2026-06-12T20:00:00-04:00;;NORMAL;Reparador;9.9;Tranquilo/Alegre;Excelente;Óptimo (Regulado);True;Normal;regulado;False;Buscador Sensorial Vestibular y Propioceptivo;0;0;1;1;2;0;0;23.5;1;1.0;0.41;0.98;0
RPR-00040;SYN-001;2026-06-13;2026-06-13T20:00:00-04:00;;NORMAL;Reparador;9.8;Irritable/Llorando;Estable con Apoyo;Óptimo (Regulado);False;Normal;estable_con_apoyo|irritabilidad;False;Buscador Sensorial Vestibular y Propioceptivo;0;1;0;1;1;0;0;24.5;1;1.0;0.315;0.98;0
RPR-00041;SYN-001;2026-06-14;2026-06-14T20:00:00-04:00;;NORMAL;Reparador;10.0;Tranquilo/Alegre;Estable con Apoyo;Bajo (Letárgico);True;Normal;estable_con_apoyo;False;Buscador Sensorial Vestibular y Propioceptivo;0;1;0;2;0;0;0;25.5;2;1.0;0.375;0.98;0
RPR-00042;SYN-001;2026-06-15;2026-06-15T20:00:00-04:00;;NORMAL;Interrumpido;9.3;Tranquilo/Alegre;Estable con Apoyo;Óptimo (Regulado);False;Normal;estable_con_apoyo;False;Buscador Sensorial Vestibular y Propioceptivo;1;1;0;1;0;0;0;26.5;1;1.0;0.355;0.98;0
RPR-00043;SYN-001;2026-06-16;2026-06-16T20:00:00-04:00;;NORMAL;Reparador;10.1;Tranquilo/Alegre;Excelente;Óptimo (Regulado);False;Normal;regulado;False;Buscador Sensorial Vestibular y Propioceptivo;1;0;0;1;0;0;0;27.5;0;1.0;0.24;0.98;0
RPR-00044;SYN-001;2026-06-17;2026-06-17T20:00:00-04:00;;NORMAL;Interrumpido;10.4;Irritable/Llorando;Estable con Apoyo;Óptimo (Regulado);False;Normal;estable_con_apoyo|irritabilidad;False;Buscador Sensorial Vestibular y Propioceptivo;2;1;0;0;0;0;0;28.5;2;1.0;0.415;0.98;0
RPR-00045;SYN-001;2026-06-18;2026-06-18T20:00:00-04:00;;NORMAL;Interrumpido;10.1;Irritable/Llorando;Excelente;Óptimo (Regulado);False;Normal;regulado|irritabilidad;False;Buscador Sensorial Vestibular y Propioceptivo;2;2;0;0;0;0;0;29.5;2;1.0;0.49;0.98;0
RPR-00046;SYN-001;2026-06-19;2026-06-19T20:00:00-04:00;;NORMAL;Reparador;9.8;Tranquilo/Alegre;Estable con Apoyo;Alto (Sobreexcitado);False;Estreñimiento;estable_con_apoyo|mayor_actividad;False;Buscador Sensorial Vestibular y Propioceptivo;2;2;0;0;1;0;0;30.5;2;1.0;0.55;0.98;0
RPR-00047;SYN-001;2026-06-20;2026-06-20T20:00:00-04:00;;NORMAL;Reparador;9.9;Tranquilo/Alegre;Estable con Apoyo;Óptimo (Regulado);False;Normal;estable_con_apoyo;False;Buscador Sensorial Vestibular y Propioceptivo;1;1;0;0;1;0;0;31.5;0;1.0;0.295;0.98;0
RPR-00048;SYN-001;2026-06-21;2026-06-21T20:00:00-04:00;;NORMAL;Reparador;9.5;Tranquilo/Alegre;Estable con Apoyo;Óptimo (Regulado);False;Normal;estable_con_apoyo;False;Buscador Sensorial Vestibular y Propioceptivo;0;0;0;0;1;0;0;32.5;0;1.0;0.12;0.98;0
RPR-00049;SYN-001;2026-06-22;2026-06-22T20:00:00-04:00;;NORMAL;Reparador;9.2;Cansado/Con Sueño;Excelente;Bajo (Letárgico);False;Normal;regulado|cansancio;False;Buscador Sensorial Vestibular y Propioceptivo;0;1;0;0;0;0;0;33.5;2;1.0;0.215;0.98;0
RPR-00050;SYN-001;2026-06-23;2026-06-23T20:00:00-04:00;;NORMAL;Interrumpido;9.3;Tranquilo/Alegre;Estable con Apoyo;Óptimo (Regulado);False;Normal;estable_con_apoyo;False;Buscador Sensorial Vestibular y Propioceptivo;1;1;0;0;0;0;0;34.5;1;1.0;0.275;0.98;0
RPR-00051;SYN-001;2026-06-24;2026-06-24T20:00:00-04:00;;NORMAL;Reparador;9.6;Irritable/Llorando;Excelente;Bajo (Letárgico);False;Normal;regulado|irritabilidad;False;Buscador Sensorial Vestibular y Propioceptivo;1;2;0;0;0;0;0;35.5;2;1.0;0.39;0.98;0
RPR-00052;SYN-001;2026-06-25;2026-06-25T20:00:00-04:00;;NORMAL;Reparador;9.4;Tranquilo/Alegre;Estable con Apoyo;Óptimo (Regulado);False;Normal;estable_con_apoyo;False;Buscador Sensorial Vestibular y Propioceptivo;1;1;0;0;0;0;0;36.5;0;1.0;0.235;0.98;0
RPR-00053;SYN-001;2026-06-26;2026-06-26T20:00:00-04:00;;NORMAL;Reparador;9.9;Tranquilo/Alegre;Estable con Apoyo;Óptimo (Regulado);False;Normal;estable_con_apoyo;False;Buscador Sensorial Vestibular y Propioceptivo;0;1;0;0;0;0;0;37.5;0;1.0;0.135;0.98;0
RPR-00054;SYN-001;2026-06-27;2026-06-27T20:00:00-04:00;;NORMAL;Reparador;10.0;Tranquilo/Alegre;Excelente;Óptimo (Regulado);False;Normal;regulado|respuesta_a_evento_excepcional;True;Buscador Sensorial Vestibular y Propioceptivo;0;0;0;0;0;1;0;38.5;1;1.0;0.2;0.98;0
RPR-00055;SYN-001;2026-06-28;2026-06-28T20:00:00-04:00;;NORMAL;Reparador;9.5;Tranquilo/Alegre;Estable con Apoyo;Óptimo (Regulado);False;Normal;estable_con_apoyo;False;Buscador Sensorial Vestibular y Propioceptivo;0;0;0;0;0;1;0;39.5;0;1.0;0.16;0.98;0
RPR-00056;SYN-002;2026-05-05;2026-05-05T20:00:00-04:00;;NORMAL;Dificultad de Conciliación;9.0;Tranquilo/Alegre;Desregulación Frecuente;Óptimo (Regulado);False;Normal;estable_con_apoyo;False;Hipersensible Auditivo y Evitador Táctil;2;1;2;0;1;0;0;;2;0.775;0.695;0.639;0
RPR-00057;SYN-002;2026-05-06;2026-05-06T20:00:00-04:00;;NORMAL;Reparador;9.0;Tranquilo/Alegre;Excelente;Óptimo (Regulado);False;Normal;regulado;False;Hipersensible Auditivo y Evitador Táctil;1;0;1;0;1;0;0;;0;0.8;0.33;0.688;0
RPR-00058;SYN-002;2026-05-07;2026-05-07T20:00:00-04:00;;NORMAL;Dificultad de Conciliación;9.0;Cansado/Con Sueño;Excelente;Óptimo (Regulado);False;Normal;regulado|cansancio;False;Hipersensible Auditivo y Evitador Táctil;2;1;1;0;0;0;0;;2;0.825;0.525;0.738;0
RPR-00059;SYN-002;2026-05-08;2026-05-08T20:00:00-04:00;;NORMAL;Reparador;8.3;Tranquilo/Alegre;Estable con Apoyo;Alto (Sobreexcitado);False;Diarrea;estable_con_apoyo|mayor_actividad;False;Hipersensible Auditivo y Evitador Táctil;1;1;0;0;1;0;0;;2;0.85;0.375;0.79;0
RPR-00060;SYN-002;2026-05-09;2026-05-09T20:00:00-04:00;;NORMAL;Reparador;9.5;Tranquilo/Alegre;Estable con Apoyo;Óptimo (Regulado);False;Normal;estable_con_apoyo;False;Hipersensible Auditivo y Evitador Táctil;1;1;0;0;1;0;0;;0;0.875;0.295;0.844;0
RPR-00061;SYN-002;2026-05-10;2026-05-10T20:00:00-04:00;SCN-003;ACCUMULATION_WITH_EVENT;Interrumpido;7.9;Cansado/Con Sueño;Estable con Apoyo;Óptimo (Regulado);False;Normal;estable_con_apoyo|irritabilidad|menor_tolerancia_frustracion;False;Hipersensible Auditivo y Evitador Táctil;1;1;0;0;1;0;0;;2;0.9;0.375;0.9;0
RPR-00062;SYN-002;2026-05-11;2026-05-11T20:00:00-04:00;SCN-003;ACCUMULATION_WITH_EVENT;Interrumpido;7.6;Irritable/Llorando;Estable con Apoyo;Óptimo (Regulado);True;Normal;regulado|irritabilidad|menor_tolerancia_frustracion;False;Hipersensible Auditivo y Evitador Táctil;2;2;0;1;0;0;0;;3;0.925;0.69;0.925;0
RPR-00063;SYN-002;2026-05-12;2026-05-12T20:00:00-04:00;SCN-003;ACCUMULATION_WITH_EVENT;Interrumpido;7.3;Irritable/Llorando;Estable con Apoyo;Alto (Sobreexcitado);True;Estreñimiento;estable_con_apoyo|irritabilidad|menor_tolerancia_frustracion;False;Hipersensible Auditivo y Evitador Táctil;3;3;0;2;1;0;0;;5;0.95;0.94;0.95;0
RPR-00064;SYN-002;2026-05-13;2026-05-13T20:00:00-04:00;SCN-003;ACCUMULATION_WITH_EVENT;Interrumpido;7.0;Irritable/Llorando;Desregulación Frecuente;Alto (Sobreexcitado);True;Estreñimiento;estable_con_apoyo|irritabilidad|menor_tolerancia_frustracion|respuesta_a_evento_excepcional;True;Hipersensible Auditivo y Evitador Táctil;3;3;1;3;2;1;0;;7;0.975;0.94;0.975;0
RPR-00065;SYN-002;2026-05-14;2026-05-14T20:00:00-04:00;SCN-003;ACCUMULATION_WITH_EVENT;Dificultad de Conciliación;6.7;Irritable/Llorando;Desregulación Frecuente;Alto (Sobreexcitado);True;Estreñimiento;estable_con_apoyo|irritabilidad|menor_tolerancia_frustracion;False;Hipersensible Auditivo y Evitador Táctil;3;3;2;3;3;1;0;;6;1.0;0.94;0.98;1
RPR-00066;SYN-002;2026-05-15;2026-05-15T20:00:00-04:00;;NORMAL;Reparador;10.1;Tranquilo/Alegre;Estable con Apoyo;Óptimo (Regulado);False;Normal;estable_con_apoyo;False;Hipersensible Auditivo y Evitador Táctil;2;2;2;2;2;1;1;0.2;0;1.0;0.94;0.98;0
RPR-00067;SYN-002;2026-05-16;2026-05-16T20:00:00-04:00;;NORMAL;Reparador;9.0;Tranquilo/Alegre;Excelente;Alto (Sobreexcitado);False;Estreñimiento;regulado|mayor_actividad;False;Hipersensible Auditivo y Evitador Táctil;1;1;1;1;2;0;1;1.2;2;1.0;0.68;0.98;0
RPR-00068;SYN-002;2026-05-17;2026-05-17T20:00:00-04:00;;NORMAL;Reparador;9.2;Tranquilo/Alegre;Estable con Apoyo;Óptimo (Regulado);False;Normal;estable_con_apoyo;False;Hipersensible Auditivo y Evitador Táctil;0;0;0;0;1;0;1;2.2;0;1.0;0.175;0.98;0
RPR-00069;SYN-002;2026-05-18;2026-05-18T20:00:00-04:00;;NORMAL;Reparador;8.7;Tranquilo/Alegre;Desregulación Frecuente;Óptimo (Regulado);False;Estreñimiento;estable_con_apoyo;False;Hipersensible Auditivo y Evitador Táctil;0;0;1;0;2;0;1;3.2;2;1.0;0.425;0.98;0
RPR-00070;SYN-002;2026-05-19;2026-05-19T20:00:00-04:00;;NORMAL;Reparador;8.1;Cansado/Con Sueño;Excelente;Óptimo (Regulado);False;Normal;regulado|cansancio;False;Hipersensible Auditivo y Evitador Táctil;0;1;1;0;1;0;1;4.2;1;1.0;0.4;0.98;0
RPR-00071;SYN-002;2026-05-20;2026-05-20T20:00:00-04:00;;NORMAL;Dificultad de Conciliación;10.0;Tranquilo/Alegre;Estable con Apoyo;Óptimo (Regulado);True;Normal;estable_con_apoyo;False;Hipersensible Auditivo y Evitador Táctil;1;1;1;1;1;0;1;5.2;2;1.0;0.62;0.98;0
RPR-00072;SYN-002;2026-05-21;2026-05-21T20:00:00-04:00;;NORMAL;Dificultad de Conciliación;8.4;Tranquilo/Alegre;Estable con Apoyo;Óptimo (Regulado);False;Normal;estable_con_apoyo;False;Hipersensible Auditivo y Evitador Táctil;2;1;0;1;0;0;1;6.2;1;1.0;0.59;0.98;0
RPR-00073;SYN-002;2026-05-22;2026-05-22T20:00:00-04:00;;NORMAL;Reparador;8.9;Irritable/Llorando;Estable con Apoyo;Óptimo (Regulado);False;Normal;estable_con_apoyo|irritabilidad;False;Hipersensible Auditivo y Evitador Táctil;2;1;0;1;0;0;0;7.2;1;1.0;0.535;0.98;0
RPR-00074;SYN-002;2026-05-23;2026-05-23T20:00:00-04:00;;NORMAL;Reparador;9.3;Cansado/Con Sueño;Excelente;Óptimo (Regulado);False;Normal;regulado|cansancio;False;Hipersensible Auditivo y Evitador Táctil;1;2;0;0;0;0;0;8.2;1;1.0;0.35;0.98;0
RPR-00075;SYN-002;2026-05-24;2026-05-24T20:00:00-04:00;;NORMAL;Reparador;9.3;Tranquilo/Alegre;Estable con Apoyo;Óptimo (Regulado);False;Normal;estable_con_apoyo;False;Hipersensible Auditivo y Evitador Táctil;0;2;0;0;0;0;0;9.2;0;1.0;0.21;0.98;0
RPR-00076;SYN-002;2026-05-25;2026-05-25T20:00:00-04:00;;NORMAL;Interrumpido;8.4;Cansado/Con Sueño;Estable con Apoyo;Óptimo (Regulado);False;Normal;;False;Hipersensible Auditivo y Evitador Táctil;1;2;0;0;0;0;0;10.2;2;0.928;0.39;0.928;0
RPR-00077;SYN-002;2026-05-26;2026-05-26T20:00:00-04:00;;NORMAL;Reparador;9.6;Tranquilo/Alegre;Estable con Apoyo;Óptimo (Regulado);False;Normal;estable_con_apoyo;False;Hipersensible Auditivo y Evitador Táctil;1;1;0;0;0;0;0;11.2;0;1.0;0.235;0.98;0
RPR-00078;SYN-002;2026-05-27;2026-05-27T20:00:00-04:00;;NORMAL;Reparador;8.9;Tranquilo/Alegre;Estable con Apoyo;Óptimo (Regulado);False;Normal;estable_con_apoyo;False;Hipersensible Auditivo y Evitador Táctil;1;1;0;0;0;0;0;12.2;0;1.0;0.235;0.98;0
RPR-00079;SYN-002;2026-05-28;2026-05-28T20:00:00-04:00;;NORMAL;Reparador;9.8;Tranquilo/Alegre;Excelente;Óptimo (Regulado);False;Estreñimiento;regulado;False;Hipersensible Auditivo y Evitador Táctil;0;0;0;0;1;0;0;13.2;1;1.0;0.16;0.98;0
RPR-00080;SYN-002;2026-05-29;2026-05-29T20:00:00-04:00;;NORMAL;Reparador;8.4;Tranquilo/Alegre;Estable con Apoyo;Óptimo (Regulado);False;Normal;estable_con_apoyo;False;Hipersensible Auditivo y Evitador Táctil;0;0;0;0;1;0;0;14.2;0;1.0;0.12;0.98;0
RPR-00081;SYN-002;2026-05-30;2026-05-30T20:00:00-04:00;;NORMAL;Reparador;9.6;Tranquilo/Alegre;Estable con Apoyo;Óptimo (Regulado);True;Diarrea;estable_con_apoyo;False;Hipersensible Auditivo y Evitador Táctil;0;0;0;1;2;0;0;15.2;2;1.0;0.34;0.98;0
RPR-00082;SYN-002;2026-05-31;2026-05-31T20:00:00-04:00;;NORMAL;Reparador;8.8;Tranquilo/Alegre;Excelente;Óptimo (Regulado);False;Normal;regulado;False;Hipersensible Auditivo y Evitador Táctil;0;0;0;1;1;0;0;16.2;0;1.0;0.2;0.98;0
RPR-00083;SYN-002;2026-06-01;2026-06-01T20:00:00-04:00;;NORMAL;Interrumpido;9.2;Tranquilo/Alegre;Estable con Apoyo;Alto (Sobreexcitado);False;Normal;estable_con_apoyo|mayor_actividad;False;Hipersensible Auditivo y Evitador Táctil;1;0;0;1;1;0;0;17.2;2;1.0;0.38;0.98;1
RPR-00084;SYN-002;2026-06-02;2026-06-02T20:00:00-04:00;;NORMAL;Reparador;8.4;Tranquilo/Alegre;Excelente;Óptimo (Regulado);False;Normal;regulado;False;Hipersensible Auditivo y Evitador Táctil;1;0;0;0;0;0;1;0.4;0;1.0;0.215;0.98;0
RPR-00085;SYN-002;2026-06-03;2026-06-03T20:00:00-04:00;;NORMAL;Reparador;8.6;Tranquilo/Alegre;Estable con Apoyo;Bajo (Letárgico);False;Normal;estable_con_apoyo;False;Hipersensible Auditivo y Evitador Táctil;1;0;0;0;0;0;1;1.4;1;1.0;0.255;0.98;0
RPR-00086;SYN-002;2026-06-04;2026-06-04T20:00:00-04:00;;NORMAL;Interrumpido;9.1;Tranquilo/Alegre;Excelente;Óptimo (Regulado);False;Normal;regulado;False;Hipersensible Auditivo y Evitador Táctil;1;0;0;0;0;0;1;2.4;1;1.0;0.255;0.98;0
RPR-00087;SYN-002;2026-06-05;2026-06-05T20:00:00-04:00;;NORMAL;Interrumpido;9.2;Tranquilo/Alegre;Estable con Apoyo;Óptimo (Regulado);False;Normal;estable_con_apoyo;False;Hipersensible Auditivo y Evitador Táctil;2;0;0;0;0;0;1;3.4;1;1.0;0.355;0.98;0
RPR-00088;SYN-002;2026-06-06;2026-06-06T20:00:00-04:00;;NORMAL;Reparador;8.4;Irritable/Llorando;Excelente;Óptimo (Regulado);False;Normal;regulado|irritabilidad;False;Hipersensible Auditivo y Evitador Táctil;2;1;0;0;0;0;1;4.4;1;1.0;0.43;0.98;0
RPR-00089;SYN-002;2026-06-07;2026-06-07T20:00:00-04:00;;NORMAL;Interrumpido;9.6;Irritable/Llorando;Estable con Apoyo;Óptimo (Regulado);False;Estreñimiento;estable_con_apoyo|irritabilidad;False;Hipersensible Auditivo y Evitador Táctil;2;2;0;0;1;0;1;5.4;3;1.0;0.645;0.98;0
RPR-00090;SYN-002;2026-06-08;2026-06-08T20:00:00-04:00;;NORMAL;Reparador;9.1;Tranquilo/Alegre;Excelente;Bajo (Letárgico);False;Normal;regulado;False;Hipersensible Auditivo y Evitador Táctil;1;2;0;0;1;0;1;6.4;1;1.0;0.465;0.98;0
RPR-00091;SYN-002;2026-06-09;2026-06-09T20:00:00-04:00;;NORMAL;Dificultad de Conciliación;8.4;Tranquilo/Alegre;Estable con Apoyo;Óptimo (Regulado);False;Normal;estable_con_apoyo;False;Hipersensible Auditivo y Evitador Táctil;2;1;0;0;1;0;0;7.4;1;1.0;0.435;0.98;0
RPR-00092;SYN-002;2026-06-10;2026-06-10T20:00:00-04:00;;NORMAL;Reparador;9.7;Irritable/Llorando;Excelente;Alto (Sobreexcitado);True;Normal;regulado|irritabilidad|mayor_actividad;False;Hipersensible Auditivo y Evitador Táctil;1;1;0;1;0;0;0;8.4;3;1.0;0.435;0.98;0
RPR-00093;SYN-002;2026-06-11;2026-06-11T20:00:00-04:00;;NORMAL;Reparador;9.1;Tranquilo/Alegre;Estable con Apoyo;Bajo (Letárgico);False;Normal;estable_con_apoyo;False;Hipersensible Auditivo y Evitador Táctil;1;1;0;1;0;0;0;9.4;1;1.0;0.355;0.98;0
RPR-00094;SYN-002;2026-06-12;2026-06-12T20:00:00-04:00;;NORMAL;Reparador;9.3;Tranquilo/Alegre;Estable con Apoyo;Óptimo (Regulado);False;Normal;estable_con_apoyo;False;Hipersensible Auditivo y Evitador Táctil;0;1;0;1;0;0;0;10.4;0;1.0;0.215;0.98;0
RPR-00095;SYN-002;2026-06-13;2026-06-13T20:00:00-04:00;;NORMAL;Dificultad de Conciliación;9.2;Tranquilo/Alegre;Estable con Apoyo;Bajo (Letárgico);False;Normal;estable_con_apoyo;False;Hipersensible Auditivo y Evitador Táctil;1;0;0;0;0;0;0;11.4;2;1.0;0.24;0.98;0
RPR-00096;SYN-002;2026-06-14;2026-06-14T20:00:00-04:00;;INCOMPLETE;;;;;;;;;;Hipersensible Auditivo y Evitador Táctil;1;0;0;0;0;0;0;12.4;0;0.325;0.16;0.325;0
RPR-00097;SYN-002;2026-06-15;2026-06-15T20:00:00-04:00;SCN-004;INCOMPLETE_NO_EVENT;Interrumpido;9.1;Irritable/Llorando;Estable con Apoyo;;False;Normal;;False;Hipersensible Auditivo y Evitador Táctil;2;1;0;0;0;0;0;13.4;2;0.831;0.415;0.831;0
RPR-00098;SYN-002;2026-06-16;2026-06-16T20:00:00-04:00;SCN-004;INCOMPLETE_NO_EVENT;Interrumpido;9.0;Irritable/Llorando;Estable con Apoyo;Óptimo (Regulado);False;;regulado|irritabilidad;;Hipersensible Auditivo y Evitador Táctil;2;2;0;0;0;0;0;14.4;2;0.831;0.49;0.831;0
RPR-00099;SYN-002;2026-06-17;2026-06-17T20:00:00-04:00;SCN-004;INCOMPLETE_NO_EVENT;Interrumpido;;Irritable/Llorando;Estable con Apoyo;Óptimo (Regulado);;Normal;estable_con_apoyo|irritabilidad;False;Hipersensible Auditivo y Evitador Táctil;3;3;0;0;0;0;0;15.4;2;0.831;0.665;0.831;0
RPR-00100;SYN-002;2026-06-18;2026-06-18T20:00:00-04:00;;NORMAL;Reparador;7.9;Cansado/Con Sueño;Estable con Apoyo;Óptimo (Regulado);False;Normal;estable_con_apoyo|cansancio;False;Hipersensible Auditivo y Evitador Táctil;2;3;0;0;0;0;0;16.4;1;0.975;0.525;0.975;0
RPR-00101;SYN-002;2026-06-19;2026-06-19T20:00:00-04:00;;NORMAL;Reparador;10.2;Irritable/Llorando;Excelente;Óptimo (Regulado);False;Normal;regulado|irritabilidad;False;Hipersensible Auditivo y Evitador Táctil;1;3;0;0;0;0;0;17.4;1;0.975;0.425;0.975;0
RPR-00102;SYN-002;2026-06-20;2026-06-20T20:00:00-04:00;;NORMAL;Reparador;9.9;Cansado/Con Sueño;Excelente;Alto (Sobreexcitado);False;Normal;regulado|cansancio|mayor_actividad;False;Hipersensible Auditivo y Evitador Táctil;0;3;0;0;0;0;0;18.4;2;0.975;0.365;0.975;0
RPR-00103;SYN-002;2026-06-21;2026-06-21T20:00:00-04:00;;NORMAL;Dificultad de Conciliación;9.4;Cansado/Con Sueño;Estable con Apoyo;Óptimo (Regulado);False;Normal;estable_con_apoyo|cansancio;False;Hipersensible Auditivo y Evitador Táctil;1;3;0;0;0;0;0;19.4;2;0.975;0.465;0.975;0
RPR-00104;SYN-002;2026-06-22;2026-06-22T20:00:00-04:00;;NORMAL;Reparador;8.7;Irritable/Llorando;Excelente;Bajo (Letárgico);False;Estreñimiento;regulado|irritabilidad;False;Hipersensible Auditivo y Evitador Táctil;1;3;0;0;1;0;0;20.4;3;0.975;0.565;0.975;0
RPR-00105;SYN-002;2026-06-23;2026-06-23T20:00:00-04:00;;NORMAL;Reparador;8.1;Tranquilo/Alegre;Excelente;Óptimo (Regulado);False;Normal;regulado;False;Hipersensible Auditivo y Evitador Táctil;1;2;0;0;1;0;0;21.4;0;0.975;0.37;0.975;0
RPR-00106;SYN-002;2026-06-24;2026-06-24T20:00:00-04:00;;NORMAL;Dificultad de Conciliación;9.6;Tranquilo/Alegre;Excelente;Óptimo (Regulado);False;Normal;regulado;False;Hipersensible Auditivo y Evitador Táctil;1;1;0;0;1;0;0;22.4;1;0.975;0.335;0.975;0
RPR-00107;SYN-002;2026-06-25;2026-06-25T20:00:00-04:00;;NORMAL;Reparador;8.6;Tranquilo/Alegre;Estable con Apoyo;Óptimo (Regulado);False;Normal;estable_con_apoyo;False;Hipersensible Auditivo y Evitador Táctil;1;0;0;0;0;0;0;23.4;0;0.975;0.16;0.975;0
RPR-00108;SYN-002;2026-06-26;2026-06-26T20:00:00-04:00;;NORMAL;Reparador;9.3;Cansado/Con Sueño;Estable con Apoyo;Óptimo (Regulado);False;Normal;estable_con_apoyo|cansancio;False;Hipersensible Auditivo y Evitador Táctil;1;1;0;0;0;0;0;24.4;1;0.975;0.275;0.975;0
RPR-00109;SYN-002;2026-06-27;2026-06-27T20:00:00-04:00;;NORMAL;Interrumpido;9.0;Tranquilo/Alegre;Estable con Apoyo;Óptimo (Regulado);False;Normal;estable_con_apoyo;False;Hipersensible Auditivo y Evitador Táctil;1;1;0;0;0;0;0;25.4;1;0.975;0.275;0.975;0
RPR-00110;SYN-002;2026-06-28;2026-06-28T20:00:00-04:00;;NORMAL;Reparador;8.6;Tranquilo/Alegre;Desregulación Frecuente;Óptimo (Regulado);False;Normal;estable_con_apoyo;False;Hipersensible Auditivo y Evitador Táctil;1;1;1;0;0;0;0;26.4;1;1.0;0.385;0.98;0
RPR-00111;SYN-003;2026-05-05;2026-05-05T20:00:00-04:00;;NORMAL;Reparador;9.6;Tranquilo/Alegre;Estable con Apoyo;Óptimo (Regulado);False;Normal;estable_con_apoyo;False;Hiporreactivo Propioceptivo y Visual;0;2;0;0;0;0;0;;0;0.775;0.21;0.639;0
RPR-00112;SYN-003;2026-05-06;2026-05-06T20:00:00-04:00;;NORMAL;Reparador;8.8;Tranquilo/Alegre;Excelente;Óptimo (Regulado);False;Normal;regulado;False;Hiporreactivo Propioceptivo y Visual;0;1;0;0;0;0;0;;0;0.8;0.135;0.688;0
RPR-00113;SYN-003;2026-05-07;2026-05-07T20:00:00-04:00;;NORMAL;Interrumpido;8.1;Tranquilo/Alegre;Excelente;Bajo (Letárgico);False;Normal;regulado;False;Hiporreactivo Propioceptivo y Visual;1;0;0;0;0;0;0;;2;0.825;0.24;0.738;0
RPR-00114;SYN-003;2026-05-08;2026-05-08T20:00:00-04:00;;NORMAL;Reparador;8.5;Cansado/Con Sueño;Estable con Apoyo;Óptimo (Regulado);False;Normal;estable_con_apoyo|cansancio;False;Hiporreactivo Propioceptivo y Visual;1;1;0;0;0;0;0;;1;0.85;0.275;0.79;0
RPR-00115;SYN-003;2026-05-09;2026-05-09T20:00:00-04:00;;NORMAL;Reparador;8.0;Tranquilo/Alegre;Estable con Apoyo;Óptimo (Regulado);False;Normal;estable_con_apoyo;False;Hiporreactivo Propioceptivo y Visual;1;1;0;0;0;0;0;;0;0.875;0.235;0.844;0
RPR-00116;SYN-003;2026-05-10;2026-05-10T20:00:00-04:00;;NORMAL;Reparador;8.1;Cansado/Con Sueño;Estable con Apoyo;Óptimo (Regulado);False;Normal;estable_con_apoyo|cansancio;False;Hiporreactivo Propioceptivo y Visual;0;2;0;0;0;0;0;;1;0.9;0.25;0.9;0
RPR-00117;SYN-003;2026-05-11;2026-05-11T20:00:00-04:00;;NORMAL;Reparador;8.9;Cansado/Con Sueño;Desregulación Frecuente;Óptimo (Regulado);False;Normal;estable_con_apoyo|cansancio;False;Hiporreactivo Propioceptivo y Visual;0;2;1;0;0;0;0;;2;0.925;0.4;0.925;0
RPR-00118;SYN-003;2026-05-12;2026-05-12T20:00:00-04:00;;NORMAL;Interrumpido;7.8;Tranquilo/Alegre;Excelente;Óptimo (Regulado);False;Normal;regulado;False;Hiporreactivo Propioceptivo y Visual;1;2;1;0;0;0;0;;1;0.95;0.46;0.95;0
RPR-00119;SYN-003;2026-05-13;2026-05-13T20:00:00-04:00;;NORMAL;Reparador;8.5;Tranquilo/Alegre;Estable con Apoyo;Óptimo (Regulado);False;Normal;estable_con_apoyo;False;Hiporreactivo Propioceptivo y Visual;1;1;1;0;0;0;0;;0;0.975;0.345;0.975;0
RPR-00120;SYN-003;2026-05-14;2026-05-14T20:00:00-04:00;;NORMAL;Reparador;8.7;Tranquilo/Alegre;Estable con Apoyo;;True;Estreñimiento;estable_con_apoyo;False;Hiporreactivo Propioceptivo y Visual;1;0;0;1;1;0;0;;2;0.928;0.38;0.928;0
RPR-00121;SYN-003;2026-05-15;2026-05-15T20:00:00-04:00;;NORMAL;Reparador;8.0;Tranquilo/Alegre;Estable con Apoyo;Óptimo (Regulado);False;Estreñimiento;estable_con_apoyo;False;Hiporreactivo Propioceptivo y Visual;0;0;0;1;2;0;0;;1;1.0;0.3;0.98;0
RPR-00122;SYN-003;2026-05-16;2026-05-16T20:00:00-04:00;;NORMAL;Reparador;7.5;Tranquilo/Alegre;Excelente;Alto (Sobreexcitado);False;Normal;regulado|mayor_actividad;False;Hiporreactivo Propioceptivo y Visual;0;0;0;1;2;0;0;;1;1.0;0.3;0.98;0
RPR-00123;SYN-003;2026-05-17;2026-05-17T20:00:00-04:00;;NORMAL;Reparador;8.2;Tranquilo/Alegre;Estable con Apoyo;Óptimo (Regulado);False;Normal;estable_con_apoyo;False;Hiporreactivo Propioceptivo y Visual;0;0;0;0;1;0;0;;0;1.0;0.12;0.98;0
RPR-00124;SYN-003;2026-05-18;2026-05-18T20:00:00-04:00;;NORMAL;Interrumpido;7.3;Cansado/Con Sueño;Estable con Apoyo;Óptimo (Regulado);False;Normal;estable_con_apoyo|cansancio;False;Hiporreactivo Propioceptivo y Visual;1;1;0;0;0;0;0;;2;1.0;0.315;0.98;0
RPR-00125;SYN-003;2026-05-19;2026-05-19T20:00:00-04:00;;NORMAL;Reparador;9.0;Cansado/Con Sueño;Estable con Apoyo;Alto (Sobreexcitado);False;Normal;estable_con_apoyo|cansancio|mayor_actividad;False;Hiporreactivo Propioceptivo y Visual;1;2;0;0;0;0;0;;2;1.0;0.39;0.98;0
RPR-00126;SYN-003;2026-05-20;2026-05-20T20:00:00-04:00;SCN-005;SLEEP_ALTERED_NO_EVENT;Dificultad de Conciliación;7.1;Cansado/Con Sueño;Estable con Apoyo;Bajo (Letárgico);False;Normal;regulado|cansancio;False;Hiporreactivo Propioceptivo y Visual;2;3;0;0;0;0;0;;3;1.0;0.605;0.98;0
RPR-00127;SYN-003;2026-05-21;2026-05-21T20:00:00-04:00;SCN-005;SLEEP_ALTERED_NO_EVENT;Dificultad de Conciliación;6.5;Cansado/Con Sueño;Estable con Apoyo;Bajo (Letárgico);False;Normal;estable_con_apoyo|irritabilidad|cansancio;False;Hiporreactivo Propioceptivo y Visual;2;3;0;0;0;0;0;;3;1.0;0.605;0.98;0
RPR-00128;SYN-003;2026-05-22;2026-05-22T20:00:00-04:00;SCN-005;SLEEP_ALTERED_NO_EVENT;Interrumpido;6.3;Cansado/Con Sueño;Estable con Apoyo;Bajo (Letárgico);False;Normal;regulado|irritabilidad|cansancio;False;Hiporreactivo Propioceptivo y Visual;3;3;0;0;0;0;0;;3;1.0;0.705;0.98;0
RPR-00129;SYN-003;2026-05-23;2026-05-23T20:00:00-04:00;SCN-005;SLEEP_ALTERED_NO_EVENT;Interrumpido;6.1;Irritable/Llorando;Estable con Apoyo;Alto (Sobreexcitado);False;Normal;regulado|irritabilidad|cansancio;False;Hiporreactivo Propioceptivo y Visual;3;3;0;0;0;0;0;;3;1.0;0.705;0.98;0
RPR-00130;SYN-003;2026-05-24;2026-05-24T20:00:00-04:00;;NORMAL;Reparador;8.7;Tranquilo/Alegre;Desregulación Frecuente;Óptimo (Regulado);False;Normal;estable_con_apoyo;False;Hiporreactivo Propioceptivo y Visual;2;2;1;0;0;0;0;;1;1.0;0.56;0.98;0
RPR-00131;SYN-003;2026-05-25;2026-05-25T20:00:00-04:00;;NORMAL;Reparador;8.2;Irritable/Llorando;Estable con Apoyo;Alto (Sobreexcitado);False;Normal;estable_con_apoyo|irritabilidad|mayor_actividad;False;Hiporreactivo Propioceptivo y Visual;1;2;1;0;0;0;0;;2;1.0;0.5;0.98;0
RPR-00132;SYN-003;2026-05-26;2026-05-26T20:00:00-04:00;;NORMAL;Reparador;8.8;Tranquilo/Alegre;Excelente;Óptimo (Regulado);False;Normal;regulado;False;Hiporreactivo Propioceptivo y Visual;0;1;1;0;0;0;0;;0;1.0;0.245;0.98;0
RPR-00133;SYN-003;2026-05-27;2026-05-27T20:00:00-04:00;;NORMAL;Reparador;8.3;Tranquilo/Alegre;Excelente;Alto (Sobreexcitado);False;Normal;regulado|mayor_actividad;False;Hiporreactivo Propioceptivo y Visual;0;1;0;0;0;0;0;;1;1.0;0.175;0.98;0
RPR-00134;SYN-003;2026-05-28;2026-05-28T20:00:00-04:00;;NORMAL;Reparador;8.1;Cansado/Con Sueño;Estable con Apoyo;Óptimo (Regulado);False;Normal;estable_con_apoyo|cansancio;False;Hiporreactivo Propioceptivo y Visual;0;1;0;0;0;0;0;;1;1.0;0.175;0.98;0
RPR-00135;SYN-003;2026-05-29;2026-05-29T20:00:00-04:00;;NORMAL;Reparador;8.1;Tranquilo/Alegre;Estable con Apoyo;;False;Normal;estable_con_apoyo;False;Hiporreactivo Propioceptivo y Visual;0;1;0;0;0;0;0;;0;0.928;0.135;0.928;0
RPR-00136;SYN-003;2026-05-30;2026-05-30T20:00:00-04:00;;NORMAL;Reparador;8.8;Tranquilo/Alegre;Estable con Apoyo;Óptimo (Regulado);False;Normal;estable_con_apoyo;False;Hiporreactivo Propioceptivo y Visual;0;1;0;0;0;0;0;;0;1.0;0.135;0.98;0
RPR-00137;SYN-003;2026-05-31;2026-05-31T20:00:00-04:00;;INCOMPLETE;;;;;;;;;;Hiporreactivo Propioceptivo y Visual;0;0;0;0;0;0;0;;0;0.325;0.06;0.325;0
RPR-00138;SYN-003;2026-06-01;2026-06-01T20:00:00-04:00;;NORMAL;Reparador;8.7;Cansado/Con Sueño;Estable con Apoyo;Óptimo (Regulado);False;Normal;estable_con_apoyo|cansancio;False;Hiporreactivo Propioceptivo y Visual;0;1;0;0;0;0;0;;1;0.975;0.175;0.975;0
RPR-00139;SYN-003;2026-06-02;2026-06-02T20:00:00-04:00;;NORMAL;Interrumpido;9.9;Tranquilo/Alegre;Estable con Apoyo;Óptimo (Regulado);False;Normal;estable_con_apoyo;False;Hiporreactivo Propioceptivo y Visual;1;1;0;0;0;0;0;;1;0.975;0.275;0.975;0
RPR-00140;SYN-003;2026-06-03;2026-06-03T20:00:00-04:00;;NORMAL;Interrumpido;7.5;Tranquilo/Alegre;Estable con Apoyo;Óptimo (Regulado);False;Normal;estable_con_apoyo;False;Hiporreactivo Propioceptivo y Visual;2;1;0;0;0;0;0;;1;0.975;0.375;0.975;0
RPR-00141;SYN-003;2026-06-04;2026-06-04T20:00:00-04:00;SCN-006;ROUTINE_CHANGE_WITH_EVENT;Reparador;8.3;Irritable/Llorando;Estable con Apoyo;Óptimo (Regulado);True;Normal;estable_con_apoyo|irritabilidad|respuesta_a_evento_excepcional|anticipacion_cambio;True;Hiporreactivo Propioceptivo y Visual;2;1;0;1;0;1;0;;3;0.975;0.715;0.975;0
RPR-00142;SYN-003;2026-06-05;2026-06-05T20:00:00-04:00;SCN-006;ROUTINE_CHANGE_WITH_EVENT;Interrumpido;8.2;Tranquilo/Alegre;Estable con Apoyo;;True;Normal;regulado|dificultad_transicion;False;Hiporreactivo Propioceptivo y Visual;2;1;0;2;0;1;0;;2;0.903;0.755;0.903;0
RPR-00143;SYN-003;2026-06-06;2026-06-06T20:00:00-04:00;SCN-006;ROUTINE_CHANGE_WITH_EVENT;Reparador;7.9;Irritable/Llorando;Estable con Apoyo;Óptimo (Regulado);True;Normal;regulado|dificultad_transicion;False;Hiporreactivo Propioceptivo y Visual;1;2;0;3;0;1;0;;2;0.975;0.73;0.975;0
RPR-00144;SYN-003;2026-06-07;2026-06-07T20:00:00-04:00;SCN-006;ROUTINE_CHANGE_WITH_EVENT;Dificultad de Conciliación;8.4;Tranquilo/Alegre;Estable con Apoyo;Óptimo (Regulado);True;Normal;regulado|dificultad_transicion;False;Hiporreactivo Propioceptivo y Visual;2;1;0;3;0;0;0;;2;0.975;0.735;0.975;1
RPR-00145;SYN-003;2026-06-08;2026-06-08T20:00:00-04:00;;NORMAL;Reparador;8.6;Tranquilo/Alegre;Estable con Apoyo;Óptimo (Regulado);True;Normal;;False;Hiporreactivo Propioceptivo y Visual;1;1;0;3;0;0;1;0.3;1;0.903;0.57;0.903;0
RPR-00146;SYN-003;2026-06-09;2026-06-09T20:00:00-04:00;;NORMAL;Reparador;8.3;Tranquilo/Alegre;Excelente;Óptimo (Regulado);False;Estreñimiento;regulado;False;Hiporreactivo Propioceptivo y Visual;1;0;0;2;1;0;1;1.3;1;0.975;0.475;0.975;0
RPR-00147;SYN-003;2026-06-10;2026-06-10T20:00:00-04:00;;NORMAL;Dificultad de Conciliación;9.0;Tranquilo/Alegre;Excelente;Óptimo (Regulado);False;Normal;regulado;False;Hiporreactivo Propioceptivo y Visual;1;0;0;1;1;0;1;2.3;1;0.975;0.395;0.975;0
RPR-00148;SYN-003;2026-06-11;2026-06-11T20:00:00-04:00;;NORMAL;Reparador;9.7;Tranquilo/Alegre;Estable con Apoyo;Óptimo (Regulado);False;Normal;estable_con_apoyo;False;Hiporreactivo Propioceptivo y Visual;1;0;0;0;1;0;1;3.3;0;0.975;0.275;0.975;0
RPR-00149;SYN-003;2026-06-12;2026-06-12T20:00:00-04:00;;NORMAL;Reparador;8.0;Tranquilo/Alegre;Estable con Apoyo;Óptimo (Regulado);False;Normal;estable_con_apoyo;False;Hiporreactivo Propioceptivo y Visual;1;0;0;0;0;0;1;4.3;0;0.975;0.215;0.975;0
RPR-00150;SYN-003;2026-06-13;2026-06-13T20:00:00-04:00;;NORMAL;Reparador;7.8;Tranquilo/Alegre;Excelente;Óptimo (Regulado);False;Normal;regulado;False;Hiporreactivo Propioceptivo y Visual;0;0;0;0;0;0;1;5.3;0;0.975;0.115;0.975;0
RPR-00151;SYN-003;2026-06-14;2026-06-14T20:00:00-04:00;;NORMAL;Reparador;8.9;Irritable/Llorando;Estable con Apoyo;Alto (Sobreexcitado);False;Normal;estable_con_apoyo|irritabilidad|mayor_actividad;False;Hiporreactivo Propioceptivo y Visual;0;1;0;0;0;0;1;6.3;2;1.0;0.27;0.98;0
RPR-00152;SYN-003;2026-06-15;2026-06-15T20:00:00-04:00;;NORMAL;Interrumpido;8.3;Tranquilo/Alegre;Estable con Apoyo;Óptimo (Regulado);False;Normal;estable_con_apoyo;False;Hiporreactivo Propioceptivo y Visual;1;1;0;0;0;0;0;7.3;1;1.0;0.275;0.98;0
RPR-00153;SYN-003;2026-06-16;2026-06-16T20:00:00-04:00;;NORMAL;Reparador;9.1;Tranquilo/Alegre;Estable con Apoyo;Óptimo (Regulado);False;Normal;estable_con_apoyo;False;Hiporreactivo Propioceptivo y Visual;1;1;0;0;0;0;0;8.3;0;1.0;0.235;0.98;0
RPR-00154;SYN-003;2026-06-17;2026-06-17T20:00:00-04:00;;NORMAL;Reparador;9.5;Tranquilo/Alegre;Excelente;Óptimo (Regulado);False;Normal;regulado;False;Hiporreactivo Propioceptivo y Visual;1;0;0;0;0;0;0;9.3;0;1.0;0.16;0.98;0
RPR-00155;SYN-003;2026-06-18;2026-06-18T20:00:00-04:00;;NORMAL;Reparador;9.5;Tranquilo/Alegre;Excelente;Óptimo (Regulado);False;Normal;regulado;False;Hiporreactivo Propioceptivo y Visual;0;0;0;0;0;0;0;10.3;0;1.0;0.06;0.98;0
RPR-00156;SYN-003;2026-06-19;2026-06-19T20:00:00-04:00;;NORMAL;Reparador;8.3;Tranquilo/Alegre;Excelente;Óptimo (Regulado);False;Normal;regulado;False;Hiporreactivo Propioceptivo y Visual;0;0;0;0;0;0;0;11.3;0;1.0;0.06;0.98;0
RPR-00157;SYN-003;2026-06-20;2026-06-20T20:00:00-04:00;;NORMAL;Interrumpido;8.3;Tranquilo/Alegre;Excelente;Óptimo (Regulado);False;Normal;regulado;False;Hiporreactivo Propioceptivo y Visual;1;0;0;0;0;0;0;12.3;1;1.0;0.2;0.98;0
RPR-00158;SYN-003;2026-06-21;2026-06-21T20:00:00-04:00;;NORMAL;Reparador;8.1;Cansado/Con Sueño;Desregulación Frecuente;Óptimo (Regulado);False;Normal;estable_con_apoyo|cansancio|respuesta_a_evento_excepcional;True;Hiporreactivo Propioceptivo y Visual;1;1;1;0;0;1;0;13.3;3;1.0;0.565;0.98;0
RPR-00159;SYN-003;2026-06-22;2026-06-22T20:00:00-04:00;;NORMAL;Reparador;7.9;Cansado/Con Sueño;Estable con Apoyo;Óptimo (Regulado);False;Estreñimiento;estable_con_apoyo|cansancio;False;Hiporreactivo Propioceptivo y Visual;1;2;1;0;1;1;0;14.3;2;1.0;0.66;0.98;0
RPR-00160;SYN-003;2026-06-23;2026-06-23T20:00:00-04:00;;NORMAL;Interrumpido;8.0;Tranquilo/Alegre;Excelente;Óptimo (Regulado);False;Normal;regulado;False;Hiporreactivo Propioceptivo y Visual;1;2;1;0;1;1;0;15.3;1;1.0;0.62;0.98;0
RPR-00161;SYN-003;2026-06-24;2026-06-24T20:00:00-04:00;;NORMAL;Reparador;8.7;Tranquilo/Alegre;Estable con Apoyo;Óptimo (Regulado);False;Normal;estable_con_apoyo;False;Hiporreactivo Propioceptivo y Visual;1;1;0;0;1;0;0;16.3;0;1.0;0.295;0.98;0
RPR-00162;SYN-003;2026-06-25;2026-06-25T20:00:00-04:00;;NORMAL;Interrumpido;8.4;Tranquilo/Alegre;Excelente;Óptimo (Regulado);False;Normal;regulado;False;Hiporreactivo Propioceptivo y Visual;2;0;0;0;0;0;0;17.3;1;1.0;0.3;0.98;0
RPR-00163;SYN-003;2026-06-26;2026-06-26T20:00:00-04:00;;NORMAL;Reparador;9.5;Tranquilo/Alegre;Excelente;Óptimo (Regulado);False;Normal;regulado;False;Hiporreactivo Propioceptivo y Visual;1;0;0;0;0;0;0;18.3;0;1.0;0.16;0.98;0
RPR-00164;SYN-003;2026-06-27;2026-06-27T20:00:00-04:00;;NORMAL;Reparador;8.3;Tranquilo/Alegre;Estable con Apoyo;Óptimo (Regulado);False;Normal;estable_con_apoyo;False;Hiporreactivo Propioceptivo y Visual;1;0;0;0;0;0;0;19.3;0;1.0;0.16;0.98;0
RPR-00165;SYN-003;2026-06-28;2026-06-28T20:00:00-04:00;;NORMAL;Reparador;8.3;Tranquilo/Alegre;Estable con Apoyo;Alto (Sobreexcitado);False;Normal;estable_con_apoyo|mayor_actividad;False;Hiporreactivo Propioceptivo y Visual;0;0;0;0;0;0;0;20.3;1;1.0;0.1;0.98;0
RPR-00166;SYN-004;2026-05-05;2026-05-05T20:00:00-04:00;;NORMAL;Reparador;10.2;Tranquilo/Alegre;Excelente;Alto (Sobreexcitado);False;Diarrea;regulado|mayor_actividad;False;Hipersensible Gustativo y Olfativo;0;0;0;0;1;0;0;;2;0.775;0.2;0.639;0
RPR-00167;SYN-004;2026-05-06;2026-05-06T20:00:00-04:00;;NORMAL;Reparador;10.2;Tranquilo/Alegre;Estable con Apoyo;Óptimo (Regulado);True;Normal;estable_con_apoyo;False;Hipersensible Gustativo y Olfativo;0;0;0;1;1;0;0;;1;0.8;0.24;0.688;0
RPR-00168;SYN-004;2026-05-07;2026-05-07T20:00:00-04:00;;NORMAL;Interrumpido;9.2;Tranquilo/Alegre;Estable con Apoyo;Óptimo (Regulado);False;Normal;estable_con_apoyo;False;Hipersensible Gustativo y Olfativo;1;0;0;1;1;0;0;;1;0.825;0.34;0.738;0
RPR-00169;SYN-004;2026-05-08;2026-05-08T20:00:00-04:00;;NORMAL;Reparador;9.6;Irritable/Llorando;Estable con Apoyo;Óptimo (Regulado);False;Estreñimiento;estable_con_apoyo|irritabilidad;False;Hipersensible Gustativo y Olfativo;1;1;0;1;1;0;0;;2;0.85;0.455;0.79;0
RPR-00170;SYN-004;2026-05-09;2026-05-09T20:00:00-04:00;;NORMAL;Reparador;9.3;Tranquilo/Alegre;Excelente;Óptimo (Regulado);False;Normal;regulado;False;Hipersensible Gustativo y Olfativo;1;1;0;0;1;0;0;;0;0.875;0.295;0.844;0
RPR-00171;SYN-004;2026-05-10;2026-05-10T20:00:00-04:00;;NORMAL;Reparador;10.1;Tranquilo/Alegre;Estable con Apoyo;Óptimo (Regulado);False;Normal;estable_con_apoyo;False;Hipersensible Gustativo y Olfativo;0;1;0;0;1;0;0;;0;0.9;0.195;0.9;0
RPR-00172;SYN-004;2026-05-11;2026-05-11T20:00:00-04:00;;NORMAL;Reparador;10.0;Tranquilo/Alegre;Excelente;Óptimo (Regulado);False;Normal;regulado;False;Hipersensible Gustativo y Olfativo;0;0;0;0;0;0;0;;0;0.925;0.06;0.925;0
RPR-00173;SYN-004;2026-05-12;2026-05-12T20:00:00-04:00;;INCOMPLETE;;;;;;;;;;Hipersensible Gustativo y Olfativo;0;0;0;0;0;0;0;;0;0.275;0.06;0.275;0
RPR-00174;SYN-004;2026-05-13;2026-05-13T20:00:00-04:00;SCN-007;INCOMPLETE_WITH_EVENT;Interrumpido;9.1;;;Óptimo (Regulado);False;;estable_con_apoyo|irritabilidad;False;Hipersensible Gustativo y Olfativo;1;0;0;0;0;0;0;;1;0.733;0.2;0.733;0
RPR-00175;SYN-004;2026-05-14;2026-05-14T20:00:00-04:00;SCN-007;INCOMPLETE_WITH_EVENT;Interrumpido;;Irritable/Llorando;Estable con Apoyo;Bajo (Letárgico);False;;regulado|irritabilidad;;Hipersensible Gustativo y Olfativo;2;1;0;0;0;0;0;;3;0.758;0.455;0.758;0
RPR-00176;SYN-004;2026-05-15;2026-05-15T20:00:00-04:00;SCN-007;INCOMPLETE_WITH_EVENT;;;Irritable/Llorando;;Óptimo (Regulado);True;Normal;estable_con_apoyo|irritabilidad;False;Hipersensible Gustativo y Olfativo;2;2;0;1;0;0;0;;2;0.758;0.65;0.758;1
RPR-00177;SYN-004;2026-05-16;2026-05-16T20:00:00-04:00;;NORMAL;Reparador;9.8;Tranquilo/Alegre;Estable con Apoyo;Óptimo (Regulado);False;Normal;estable_con_apoyo;False;Hipersensible Gustativo y Olfativo;1;2;0;1;0;0;1;0.4;0;0.975;0.445;0.975;0
RPR-00178;SYN-004;2026-05-17;2026-05-17T20:00:00-04:00;;NORMAL;Reparador;9.8;Irritable/Llorando;Estable con Apoyo;Bajo (Letárgico);False;Normal;estable_con_apoyo|irritabilidad;False;Hipersensible Gustativo y Olfativo;0;2;0;1;0;0;1;1.4;2;0.975;0.425;0.975;0
RPR-00179;SYN-004;2026-05-18;2026-05-18T20:00:00-04:00;;NORMAL;Reparador;9.4;Tranquilo/Alegre;Estable con Apoyo;Alto (Sobreexcitado);False;Normal;estable_con_apoyo|mayor_actividad;False;Hipersensible Gustativo y Olfativo;0;1;0;0;0;0;1;2.4;1;0.975;0.23;0.975;0
RPR-00180;SYN-004;2026-05-19;2026-05-19T20:00:00-04:00;;NORMAL;Reparador;8.4;Tranquilo/Alegre;Estable con Apoyo;Óptimo (Regulado);False;Diarrea;estable_con_apoyo;False;Hipersensible Gustativo y Olfativo;0;1;0;0;1;0;1;3.4;1;0.975;0.29;0.975;0
RPR-00181;SYN-004;2026-05-20;2026-05-20T20:00:00-04:00;;NORMAL;Interrumpido;9.2;Tranquilo/Alegre;Desregulación Frecuente;Alto (Sobreexcitado);False;Normal;estable_con_apoyo|mayor_actividad;False;Hipersensible Gustativo y Olfativo;1;0;1;0;1;0;1;4.4;3;0.975;0.505;0.975;0
RPR-00182;SYN-004;2026-05-21;2026-05-21T20:00:00-04:00;;NORMAL;Reparador;9.8;Tranquilo/Alegre;Estable con Apoyo;Óptimo (Regulado);False;Diarrea;estable_con_apoyo;False;Hipersensible Gustativo y Olfativo;1;0;1;0;2;0;1;5.4;1;0.975;0.485;0.975;0
RPR-00183;SYN-004;2026-05-22;2026-05-22T20:00:00-04:00;;NORMAL;Reparador;8.4;Tranquilo/Alegre;Excelente;Óptimo (Regulado);False;Normal;regulado;False;Hipersensible Gustativo y Olfativo;1;0;1;0;1;0;1;6.4;0;0.975;0.385;0.975;0
RPR-00184;SYN-004;2026-05-23;2026-05-23T20:00:00-04:00;;NORMAL;Reparador;10.0;Tranquilo/Alegre;Estable con Apoyo;Óptimo (Regulado);False;Normal;estable_con_apoyo;False;Hipersensible Gustativo y Olfativo;0;0;0;0;1;0;0;7.4;0;0.975;0.12;0.975;0
RPR-00185;SYN-004;2026-05-24;2026-05-24T20:00:00-04:00;;NORMAL;Reparador;9.4;Tranquilo/Alegre;Desregulación Frecuente;Óptimo (Regulado);False;Normal;estable_con_apoyo;False;Hipersensible Gustativo y Olfativo;0;0;1;0;0;0;0;8.4;1;0.975;0.21;0.975;0
RPR-00186;SYN-004;2026-05-25;2026-05-25T20:00:00-04:00;;NORMAL;Reparador;9.7;Irritable/Llorando;Estable con Apoyo;Alto (Sobreexcitado);True;Normal;estable_con_apoyo|irritabilidad|mayor_actividad;False;Hipersensible Gustativo y Olfativo;0;1;1;1;0;0;0;9.4;3;0.975;0.445;0.975;0
RPR-00187;SYN-004;2026-05-26;2026-05-26T20:00:00-04:00;;NORMAL;Reparador;9.9;Tranquilo/Alegre;Estable con Apoyo;Óptimo (Regulado);False;Normal;estable_con_apoyo;False;Hipersensible Gustativo y Olfativo;0;1;1;1;0;0;0;10.4;0;1.0;0.325;0.98;0
RPR-00188;SYN-004;2026-05-27;2026-05-27T20:00:00-04:00;;NORMAL;Reparador;10.3;Tranquilo/Alegre;Estable con Apoyo;Óptimo (Regulado);False;Estreñimiento;estable_con_apoyo;False;Hipersensible Gustativo y Olfativo;0;1;0;1;1;0;0;11.4;1;1.0;0.315;0.98;0
RPR-00189;SYN-004;2026-05-28;2026-05-28T20:00:00-04:00;;NORMAL;Reparador;8.8;Tranquilo/Alegre;Estable con Apoyo;Óptimo (Regulado);False;Normal;estable_con_apoyo;False;Hipersensible Gustativo y Olfativo;0;0;0;0;1;0;0;12.4;0;1.0;0.12;0.98;0
RPR-00190;SYN-004;2026-05-29;2026-05-29T20:00:00-04:00;;NORMAL;Reparador;9.3;Tranquilo/Alegre;Estable con Apoyo;Óptimo (Regulado);False;Normal;estable_con_apoyo;False;Hipersensible Gustativo y Olfativo;0;0;0;0;1;0;0;13.4;0;1.0;0.12;0.98;0
RPR-00191;SYN-004;2026-05-30;2026-05-30T20:00:00-04:00;;NORMAL;Reparador;8.9;Tranquilo/Alegre;Desregulación Frecuente;Óptimo (Regulado);False;Estreñimiento;estable_con_apoyo;False;Hipersensible Gustativo y Olfativo;0;0;1;0;1;0;0;14.4;2;1.0;0.31;0.98;0
RPR-00192;SYN-004;2026-05-31;2026-05-31T20:00:00-04:00;;NORMAL;Reparador;9.5;Tranquilo/Alegre;Estable con Apoyo;Bajo (Letárgico);False;Normal;estable_con_apoyo;False;Hipersensible Gustativo y Olfativo;0;0;1;0;1;0;0;15.4;1;1.0;0.27;0.98;0
RPR-00193;SYN-004;2026-06-01;2026-06-01T20:00:00-04:00;;NORMAL;Reparador;8.3;Tranquilo/Alegre;Estable con Apoyo;Bajo (Letárgico);False;Normal;estable_con_apoyo;False;Hipersensible Gustativo y Olfativo;0;0;1;0;1;0;0;16.4;1;1.0;0.27;0.98;0
RPR-00194;SYN-004;2026-06-02;2026-06-02T20:00:00-04:00;;NORMAL;Reparador;11.1;Tranquilo/Alegre;Estable con Apoyo;Bajo (Letárgico);False;Normal;estable_con_apoyo;False;Hipersensible Gustativo y Olfativo;0;0;0;0;0;0;0;17.4;1;1.0;0.1;0.98;0
RPR-00195;SYN-004;2026-06-03;2026-06-03T20:00:00-04:00;;NORMAL;Reparador;10.1;Tranquilo/Alegre;Estable con Apoyo;Óptimo (Regulado);False;Normal;estable_con_apoyo;False;Hipersensible Gustativo y Olfativo;0;0;0;0;0;0;0;18.4;0;1.0;0.06;0.98;0
RPR-00196;SYN-004;2026-06-04;2026-06-04T20:00:00-04:00;;NORMAL;Reparador;9.2;Tranquilo/Alegre;Estable con Apoyo;Óptimo (Regulado);False;Normal;estable_con_apoyo;False;Hipersensible Gustativo y Olfativo;0;0;0;0;0;0;0;19.4;0;1.0;0.06;0.98;0
RPR-00197;SYN-004;2026-06-05;2026-06-05T20:00:00-04:00;;NORMAL;Reparador;10.1;Tranquilo/Alegre;Estable con Apoyo;Óptimo (Regulado);False;Normal;estable_con_apoyo;False;Hipersensible Gustativo y Olfativo;0;0;0;0;0;0;0;20.4;0;1.0;0.06;0.98;0
RPR-00198;SYN-004;2026-06-06;2026-06-06T20:00:00-04:00;;NORMAL;Reparador;9.0;Tranquilo/Alegre;Estable con Apoyo;Óptimo (Regulado);False;Normal;estable_con_apoyo;False;Hipersensible Gustativo y Olfativo;0;0;0;0;0;0;0;21.4;0;1.0;0.06;0.98;0
RPR-00199;SYN-004;2026-06-07;2026-06-07T20:00:00-04:00;;NORMAL;Dificultad de Conciliación;9.8;Tranquilo/Alegre;Excelente;Óptimo (Regulado);False;Normal;regulado;False;Hipersensible Gustativo y Olfativo;1;0;0;0;0;0;0;22.4;1;1.0;0.2;0.98;0
RPR-00200;SYN-004;2026-06-08;2026-06-08T20:00:00-04:00;;NORMAL;Interrumpido;9.2;Tranquilo/Alegre;Estable con Apoyo;Bajo (Letárgico);False;;estable_con_apoyo;False;Hipersensible Gustativo y Olfativo;2;0;0;0;0;0;0;23.4;2;0.928;0.34;0.928;0
RPR-00201;SYN-004;2026-06-09;2026-06-09T20:00:00-04:00;;NORMAL;Reparador;9.2;Cansado/Con Sueño;Desregulación Frecuente;Óptimo (Regulado);False;Normal;estable_con_apoyo|cansancio;False;Hipersensible Gustativo y Olfativo;2;1;1;0;0;0;0;24.4;2;1.0;0.525;0.98;0
RPR-00202;SYN-004;2026-06-10;2026-06-10T20:00:00-04:00;;NORMAL;Reparador;9.5;Irritable/Llorando;Estable con Apoyo;Óptimo (Regulado);False;Normal;estable_con_apoyo|irritabilidad;False;Hipersensible Gustativo y Olfativo;1;2;1;0;0;0;0;25.4;1;1.0;0.46;0.98;0
RPR-00203;SYN-004;2026-06-11;2026-06-11T20:00:00-04:00;;NORMAL;Reparador;10.4;Tranquilo/Alegre;Estable con Apoyo;Óptimo (Regulado);False;Normal;estable_con_apoyo;False;Hipersensible Gustativo y Olfativo;0;2;1;0;0;0;0;26.4;0;1.0;0.32;0.98;0
RPR-00204;SYN-004;2026-06-12;2026-06-12T20:00:00-04:00;;NORMAL;Dificultad de Conciliación;9.8;Tranquilo/Alegre;Estable con Apoyo;Óptimo (Regulado);False;Normal;estable_con_apoyo;False;Hipersensible Gustativo y Olfativo;1;1;0;0;0;0;0;27.4;1;1.0;0.275;0.98;0
RPR-00205;SYN-004;2026-06-13;2026-06-13T20:00:00-04:00;;NORMAL;Reparador;9.3;Tranquilo/Alegre;Estable con Apoyo;Óptimo (Regulado);False;Normal;estable_con_apoyo;False;Hipersensible Gustativo y Olfativo;1;0;0;0;0;0;0;28.4;0;1.0;0.16;0.98;0
RPR-00206;SYN-004;2026-06-14;2026-06-14T20:00:00-04:00;;NORMAL;Reparador;9.0;Irritable/Llorando;Estable con Apoyo;Óptimo (Regulado);False;Diarrea;estable_con_apoyo|irritabilidad|respuesta_a_evento_excepcional;True;Hipersensible Gustativo y Olfativo;1;1;0;0;1;1;0;29.4;3;1.0;0.515;0.98;0
RPR-00207;SYN-004;2026-06-15;2026-06-15T20:00:00-04:00;;NORMAL;Reparador;9.6;Tranquilo/Alegre;Desregulación Frecuente;Alto (Sobreexcitado);False;Normal;estable_con_apoyo|mayor_actividad;False;Hipersensible Gustativo y Olfativo;0;1;1;0;1;1;0;30.4;2;1.0;0.485;0.98;0
RPR-00208;SYN-004;2026-06-16;2026-06-16T20:00:00-04:00;;INCOMPLETE;;;;;;;;;;Hipersensible Gustativo y Olfativo;0;1;1;0;1;1;0;31.4;0;0.325;0.405;0.325;0
RPR-00209;SYN-004;2026-06-17;2026-06-17T20:00:00-04:00;;NORMAL;Reparador;9.8;Tranquilo/Alegre;Estable con Apoyo;Óptimo (Regulado);False;Normal;estable_con_apoyo;False;Hipersensible Gustativo y Olfativo;0;0;1;0;0;0;0;32.4;0;0.975;0.17;0.975;0
RPR-00210;SYN-004;2026-06-18;2026-06-18T20:00:00-04:00;;NORMAL;Reparador;9.1;Cansado/Con Sueño;Estable con Apoyo;Óptimo (Regulado);False;Estreñimiento;estable_con_apoyo|cansancio;False;Hipersensible Gustativo y Olfativo;0;1;0;0;1;0;0;33.4;2;0.975;0.275;0.975;0
RPR-00211;SYN-004;2026-06-19;2026-06-19T20:00:00-04:00;;NORMAL;Interrumpido;8.6;Tranquilo/Alegre;Excelente;Óptimo (Regulado);False;Normal;regulado;False;Hipersensible Gustativo y Olfativo;1;1;0;0;1;0;0;34.4;1;0.975;0.335;0.975;0
RPR-00212;SYN-004;2026-06-20;2026-06-20T20:00:00-04:00;;NORMAL;Dificultad de Conciliación;10.3;Tranquilo/Alegre;Excelente;Óptimo (Regulado);False;Diarrea;regulado;False;Hipersensible Gustativo y Olfativo;2;1;0;0;2;0;0;35.4;2;0.975;0.535;0.975;0
RPR-00213;SYN-004;2026-06-21;2026-06-21T20:00:00-04:00;;NORMAL;Reparador;9.4;Tranquilo/Alegre;Estable con Apoyo;Óptimo (Regulado);False;Normal;estable_con_apoyo;False;Hipersensible Gustativo y Olfativo;2;0;0;0;1;0;0;36.4;0;0.975;0.32;0.975;0
RPR-00214;SYN-004;2026-06-22;2026-06-22T20:00:00-04:00;;NORMAL;Reparador;8.9;Irritable/Llorando;Estable con Apoyo;Óptimo (Regulado);False;Normal;estable_con_apoyo|irritabilidad;False;Hipersensible Gustativo y Olfativo;1;1;0;0;1;0;0;37.4;1;0.975;0.335;0.975;0
RPR-00215;SYN-004;2026-06-23;2026-06-23T20:00:00-04:00;;NORMAL;Reparador;9.9;Tranquilo/Alegre;Estable con Apoyo;Óptimo (Regulado);False;Normal;estable_con_apoyo;False;Hipersensible Gustativo y Olfativo;0;1;0;0;0;0;0;38.4;0;0.975;0.135;0.975;0
RPR-00216;SYN-004;2026-06-24;2026-06-24T20:00:00-04:00;;NORMAL;Reparador;8.6;Tranquilo/Alegre;Estable con Apoyo;Óptimo (Regulado);False;Normal;estable_con_apoyo;False;Hipersensible Gustativo y Olfativo;0;1;0;0;0;0;0;39.4;0;0.975;0.135;0.975;0
RPR-00217;SYN-004;2026-06-25;2026-06-25T20:00:00-04:00;;NORMAL;Reparador;10.5;Tranquilo/Alegre;Excelente;Óptimo (Regulado);False;Normal;regulado;False;Hipersensible Gustativo y Olfativo;0;0;0;0;0;0;0;40.4;0;0.975;0.06;0.975;0
RPR-00218;SYN-004;2026-06-26;2026-06-26T20:00:00-04:00;;NORMAL;Dificultad de Conciliación;9.6;Cansado/Con Sueño;Estable con Apoyo;Óptimo (Regulado);False;Normal;estable_con_apoyo|cansancio;False;Hipersensible Gustativo y Olfativo;1;1;0;0;0;0;0;41.4;2;0.975;0.315;0.975;0
RPR-00219;SYN-004;2026-06-27;2026-06-27T20:00:00-04:00;;NORMAL;Reparador;9.0;Irritable/Llorando;Desregulación Frecuente;Óptimo (Regulado);True;Normal;estable_con_apoyo|irritabilidad;False;Hipersensible Gustativo y Olfativo;1;2;1;1;0;0;0;42.4;3;0.975;0.62;0.975;0
RPR-00220;SYN-004;2026-06-28;2026-06-28T20:00:00-04:00;;NORMAL;Reparador;9.3;Tranquilo/Alegre;Estable con Apoyo;Óptimo (Regulado);False;Normal;estable_con_apoyo;False;Hipersensible Gustativo y Olfativo;1;2;1;1;0;0;0;43.4;0;0.975;0.5;0.975;0
RPR-00221;SYN-005;2026-05-05;2026-05-05T20:00:00-04:00;;INCOMPLETE;;;;;;;;;;Hipersensible Auditivo y Buscador Propioceptivo;0;0;0;0;0;0;0;;0;0.1;0.06;0.15;0
RPR-00222;SYN-005;2026-05-06;2026-05-06T20:00:00-04:00;;NORMAL;Dificultad de Conciliación;8.7;Cansado/Con Sueño;Estable con Apoyo;;False;Normal;estable_con_apoyo|cansancio;False;Hipersensible Auditivo y Buscador Propioceptivo;1;1;0;0;0;0;0;;2;0.703;0.315;0.58;0
RPR-00223;SYN-005;2026-05-07;2026-05-07T20:00:00-04:00;;NORMAL;Reparador;8.7;Tranquilo/Alegre;Estable con Apoyo;Óptimo (Regulado);False;Diarrea;estable_con_apoyo;False;Hipersensible Auditivo y Buscador Propioceptivo;1;1;0;0;1;0;0;;1;0.8;0.335;0.688;0
RPR-00224;SYN-005;2026-05-08;2026-05-08T20:00:00-04:00;;NORMAL;Reparador;9.1;Cansado/Con Sueño;Excelente;Óptimo (Regulado);False;Normal;regulado|cansancio;False;Hipersensible Auditivo y Buscador Propioceptivo;1;2;0;0;1;0;0;;1;0.825;0.41;0.738;0
RPR-00225;SYN-005;2026-05-09;2026-05-09T20:00:00-04:00;;NORMAL;Reparador;8.8;Tranquilo/Alegre;Estable con Apoyo;Bajo (Letárgico);True;Normal;estable_con_apoyo;False;Hipersensible Auditivo y Buscador Propioceptivo;0;1;0;1;1;0;0;;2;0.85;0.355;0.79;0
RPR-00226;SYN-005;2026-05-10;2026-05-10T20:00:00-04:00;;NORMAL;Reparador;9.6;Tranquilo/Alegre;Excelente;Óptimo (Regulado);False;Normal;regulado;False;Hipersensible Auditivo y Buscador Propioceptivo;0;1;0;1;0;0;0;;0;0.875;0.215;0.844;0
RPR-00227;SYN-005;2026-05-11;2026-05-11T20:00:00-04:00;;NORMAL;Reparador;8.8;Irritable/Llorando;Estable con Apoyo;Óptimo (Regulado);False;Estreñimiento;estable_con_apoyo|irritabilidad;False;Hipersensible Auditivo y Buscador Propioceptivo;0;1;0;1;1;0;0;;2;0.9;0.355;0.9;0
RPR-00228;SYN-005;2026-05-12;2026-05-12T20:00:00-04:00;;NORMAL;Interrumpido;9.6;Irritable/Llorando;Estable con Apoyo;Óptimo (Regulado);False;Estreñimiento;estable_con_apoyo|irritabilidad;False;Hipersensible Auditivo y Buscador Propioceptivo;1;2;0;0;2;0;0;;3;0.925;0.55;0.925;0
RPR-00229;SYN-005;2026-05-13;2026-05-13T20:00:00-04:00;;NORMAL;Reparador;9.0;Irritable/Llorando;Estable con Apoyo;Óptimo (Regulado);False;Normal;estable_con_apoyo|irritabilidad;False;Hipersensible Auditivo y Buscador Propioceptivo;1;3;0;0;2;0;0;;1;0.95;0.545;0.95;0
RPR-00230;SYN-005;2026-05-14;2026-05-14T20:00:00-04:00;;NORMAL;Reparador;9.6;Tranquilo/Alegre;Estable con Apoyo;Alto (Sobreexcitado);False;Normal;estable_con_apoyo|mayor_actividad;False;Hipersensible Auditivo y Buscador Propioceptivo;1;2;0;0;1;0;0;;1;0.975;0.41;0.975;0
RPR-00231;SYN-005;2026-05-15;2026-05-15T20:00:00-04:00;;NORMAL;Reparador;8.7;Tranquilo/Alegre;Estable con Apoyo;Óptimo (Regulado);False;Estreñimiento;estable_con_apoyo;False;Hipersensible Auditivo y Buscador Propioceptivo;0;1;0;0;1;0;0;;1;0.975;0.235;0.975;0
RPR-00232;SYN-005;2026-05-16;2026-05-16T20:00:00-04:00;;NORMAL;Interrumpido;9.3;Tranquilo/Alegre;Estable con Apoyo;Óptimo (Regulado);False;Normal;estable_con_apoyo;False;Hipersensible Auditivo y Buscador Propioceptivo;1;0;0;0;1;0;0;;1;0.975;0.26;0.975;0
RPR-00233;SYN-005;2026-05-17;2026-05-17T20:00:00-04:00;;NORMAL;Reparador;9.9;Cansado/Con Sueño;Excelente;Óptimo (Regulado);False;Normal;regulado|cansancio;False;Hipersensible Auditivo y Buscador Propioceptivo;1;1;0;0;1;0;0;;1;0.975;0.335;0.975;0
RPR-00234;SYN-005;2026-05-18;2026-05-18T20:00:00-04:00;;NORMAL;Reparador;9.9;Tranquilo/Alegre;Excelente;Óptimo (Regulado);False;Normal;regulado;False;Hipersensible Auditivo y Buscador Propioceptivo;1;1;0;0;0;0;0;;0;0.975;0.235;0.975;0
RPR-00235;SYN-005;2026-05-19;2026-05-19T20:00:00-04:00;;NORMAL;Reparador;8.9;Irritable/Llorando;Estable con Apoyo;Óptimo (Regulado);False;Normal;estable_con_apoyo|irritabilidad;False;Hipersensible Auditivo y Buscador Propioceptivo;0;2;0;0;0;0;0;;1;1.0;0.25;0.98;0
RPR-00236;SYN-005;2026-05-20;2026-05-20T20:00:00-04:00;;NORMAL;Reparador;8.2;Tranquilo/Alegre;Excelente;Óptimo (Regulado);False;Normal;regulado;False;Hipersensible Auditivo y Buscador Propioceptivo;0;1;0;0;0;0;0;;0;1.0;0.135;0.98;0
RPR-00237;SYN-005;2026-05-21;2026-05-21T20:00:00-04:00;;NORMAL;Reparador;8.4;Tranquilo/Alegre;Estable con Apoyo;Óptimo (Regulado);False;Normal;estable_con_apoyo;False;Hipersensible Auditivo y Buscador Propioceptivo;0;1;0;0;0;0;0;;0;1.0;0.135;0.98;0
RPR-00238;SYN-005;2026-05-22;2026-05-22T20:00:00-04:00;;NORMAL;Reparador;9.5;Tranquilo/Alegre;Excelente;Bajo (Letárgico);False;Diarrea;regulado;False;Hipersensible Auditivo y Buscador Propioceptivo;0;0;0;0;1;0;0;;2;1.0;0.2;0.98;0
RPR-00239;SYN-005;2026-05-23;2026-05-23T20:00:00-04:00;;NORMAL;Reparador;8.5;Tranquilo/Alegre;Estable con Apoyo;Óptimo (Regulado);False;Normal;estable_con_apoyo;False;Hipersensible Auditivo y Buscador Propioceptivo;0;0;0;0;1;0;0;;0;1.0;0.12;0.98;0
RPR-00240;SYN-005;2026-05-24;2026-05-24T20:00:00-04:00;;NORMAL;Reparador;9.2;Tranquilo/Alegre;Estable con Apoyo;Óptimo (Regulado);False;Normal;estable_con_apoyo;False;Hipersensible Auditivo y Buscador Propioceptivo;0;0;0;0;1;0;0;;0;1.0;0.12;0.98;0
RPR-00241;SYN-005;2026-05-25;2026-05-25T20:00:00-04:00;SCN-008;GRADUAL_DETERIORATION_NO_EVENT;Dificultad de Conciliación;8.0;Tranquilo/Alegre;Estable con Apoyo;Óptimo (Regulado);False;Normal;estable_con_apoyo;False;Hipersensible Auditivo y Buscador Propioceptivo;1;0;0;0;0;0;0;;1;1.0;0.2;0.98;0
RPR-00242;SYN-005;2026-05-26;2026-05-26T20:00:00-04:00;SCN-008;GRADUAL_DETERIORATION_NO_EVENT;Interrumpido;7.0;Tranquilo/Alegre;Excelente;Óptimo (Regulado);False;Normal;regulado;False;Hipersensible Auditivo y Buscador Propioceptivo;2;0;0;0;0;0;0;;1;1.0;0.3;0.98;0
RPR-00243;SYN-005;2026-05-27;2026-05-27T20:00:00-04:00;SCN-008;GRADUAL_DETERIORATION_NO_EVENT;Interrumpido;7.4;Cansado/Con Sueño;Excelente;Bajo (Letárgico);False;Diarrea;regulado|cansancio;False;Hipersensible Auditivo y Buscador Propioceptivo;3;1;0;0;1;0;0;;4;1.0;0.775;0.98;0
RPR-00244;SYN-005;2026-05-28;2026-05-28T20:00:00-04:00;SCN-008;GRADUAL_DETERIORATION_NO_EVENT;Interrumpido;7.7;Irritable/Llorando;Estable con Apoyo;Bajo (Letárgico);True;Normal;estable_con_apoyo|cansancio|irritabilidad|menor_tolerancia_frustracion;False;Hipersensible Auditivo y Buscador Propioceptivo;3;2;0;1;1;0;0;;4;1.0;0.94;0.98;0
RPR-00245;SYN-005;2026-05-29;2026-05-29T20:00:00-04:00;;INCOMPLETE;;;;;;;;;;Hipersensible Auditivo y Buscador Propioceptivo;2;2;0;1;1;0;0;;0;0.325;0.63;0.325;0
RPR-00246;SYN-005;2026-05-30;2026-05-30T20:00:00-04:00;;NORMAL;Reparador;9.7;Tranquilo/Alegre;Estable con Apoyo;Óptimo (Regulado);False;Normal;estable_con_apoyo;False;Hipersensible Auditivo y Buscador Propioceptivo;1;1;0;1;0;0;0;;0;0.975;0.315;0.975;0
RPR-00247;SYN-005;2026-05-31;2026-05-31T20:00:00-04:00;;NORMAL;Reparador;9.4;Tranquilo/Alegre;Excelente;Bajo (Letárgico);False;Normal;regulado;False;Hipersensible Auditivo y Buscador Propioceptivo;0;0;0;0;0;0;0;;1;0.975;0.1;0.975;0
RPR-00248;SYN-005;2026-06-01;2026-06-01T20:00:00-04:00;;NORMAL;Dificultad de Conciliación;9.4;Cansado/Con Sueño;Excelente;Óptimo (Regulado);False;Normal;regulado|cansancio;False;Hipersensible Auditivo y Buscador Propioceptivo;1;1;0;0;0;0;0;;2;0.975;0.315;0.975;1
RPR-00249;SYN-005;2026-06-02;2026-06-02T20:00:00-04:00;;NORMAL;Reparador;9.3;Tranquilo/Alegre;Excelente;Óptimo (Regulado);False;Normal;regulado;False;Hipersensible Auditivo y Buscador Propioceptivo;1;1;0;0;0;0;1;0.3;0;0.975;0.29;0.975;0
RPR-00250;SYN-005;2026-06-03;2026-06-03T20:00:00-04:00;;NORMAL;Reparador;9.7;Cansado/Con Sueño;Excelente;Óptimo (Regulado);False;Normal;regulado|cansancio;False;Hipersensible Auditivo y Buscador Propioceptivo;1;2;0;0;0;0;1;1.3;1;0.975;0.405;0.975;0
RPR-00251;SYN-005;2026-06-04;2026-06-04T20:00:00-04:00;;NORMAL;Reparador;9.5;Tranquilo/Alegre;Excelente;Óptimo (Regulado);False;Normal;regulado|respuesta_a_evento_excepcional;True;Hipersensible Auditivo y Buscador Propioceptivo;0;1;0;0;0;1;1;2.3;1;0.975;0.33;0.975;0
RPR-00252;SYN-005;2026-06-05;2026-06-05T20:00:00-04:00;;NORMAL;Reparador;9.5;Tranquilo/Alegre;Estable con Apoyo;Óptimo (Regulado);False;Diarrea;estable_con_apoyo;False;Hipersensible Auditivo y Buscador Propioceptivo;0;1;0;0;1;1;1;3.3;1;0.975;0.39;0.975;0
RPR-00253;SYN-005;2026-06-06;2026-06-06T20:00:00-04:00;;NORMAL;Reparador;9.4;Cansado/Con Sueño;Estable con Apoyo;Óptimo (Regulado);False;Normal;estable_con_apoyo|cansancio;False;Hipersensible Auditivo y Buscador Propioceptivo;0;1;0;0;1;1;1;4.3;1;0.975;0.39;0.975;0
RPR-00254;SYN-005;2026-06-07;2026-06-07T20:00:00-04:00;;NORMAL;Interrumpido;9.2;Cansado/Con Sueño;Estable con Apoyo;Óptimo (Regulado);False;Normal;estable_con_apoyo|cansancio;False;Hipersensible Auditivo y Buscador Propioceptivo;1;2;0;0;1;0;1;5.3;2;0.975;0.505;0.975;0
RPR-00255;SYN-005;2026-06-08;2026-06-08T20:00:00-04:00;;NORMAL;Reparador;8.1;Tranquilo/Alegre;Excelente;Óptimo (Regulado);False;Normal;regulado;False;Hipersensible Auditivo y Buscador Propioceptivo;1;2;0;0;0;0;1;6.3;0;0.975;0.365;0.975;0
RPR-00256;SYN-005;2026-06-09;2026-06-09T20:00:00-04:00;;NORMAL;Interrumpido;8.5;Tranquilo/Alegre;Estable con Apoyo;Óptimo (Regulado);False;Normal;estable_con_apoyo;False;Hipersensible Auditivo y Buscador Propioceptivo;2;1;0;0;0;0;0;7.3;1;0.975;0.375;0.975;0
RPR-00257;SYN-005;2026-06-10;2026-06-10T20:00:00-04:00;;NORMAL;Reparador;8.9;Tranquilo/Alegre;Estable con Apoyo;Óptimo (Regulado);False;Normal;estable_con_apoyo;False;Hipersensible Auditivo y Buscador Propioceptivo;1;0;0;0;0;0;0;8.3;0;0.975;0.16;0.975;0
RPR-00258;SYN-005;2026-06-11;2026-06-11T20:00:00-04:00;;NORMAL;Reparador;9.0;Cansado/Con Sueño;Estable con Apoyo;Bajo (Letárgico);False;Normal;estable_con_apoyo|cansancio;False;Hipersensible Auditivo y Buscador Propioceptivo;1;1;0;0;0;0;0;9.3;2;0.975;0.315;0.975;0
RPR-00259;SYN-005;2026-06-12;2026-06-12T20:00:00-04:00;;NORMAL;Reparador;8.8;Tranquilo/Alegre;Estable con Apoyo;Alto (Sobreexcitado);False;Normal;estable_con_apoyo|mayor_actividad;False;Hipersensible Auditivo y Buscador Propioceptivo;0;1;0;0;0;0;0;10.3;1;1.0;0.175;0.98;0
RPR-00260;SYN-005;2026-06-13;2026-06-13T20:00:00-04:00;;NORMAL;Reparador;8.6;Tranquilo/Alegre;Estable con Apoyo;Alto (Sobreexcitado);False;Normal;estable_con_apoyo|mayor_actividad;False;Hipersensible Auditivo y Buscador Propioceptivo;0;1;0;0;0;0;0;11.3;1;1.0;0.175;0.98;0
RPR-00261;SYN-005;2026-06-14;2026-06-14T20:00:00-04:00;;NORMAL;Reparador;8.5;Tranquilo/Alegre;Estable con Apoyo;Alto (Sobreexcitado);False;Normal;estable_con_apoyo|mayor_actividad;False;Hipersensible Auditivo y Buscador Propioceptivo;0;0;0;0;0;0;0;12.3;1;1.0;0.1;0.98;0
RPR-00262;SYN-005;2026-06-15;2026-06-15T20:00:00-04:00;;NORMAL;Interrumpido;8.9;Cansado/Con Sueño;Estable con Apoyo;Óptimo (Regulado);False;Normal;estable_con_apoyo|cansancio;False;Hipersensible Auditivo y Buscador Propioceptivo;1;1;0;0;0;0;0;13.3;2;1.0;0.315;0.98;0
RPR-00263;SYN-005;2026-06-16;2026-06-16T20:00:00-04:00;;NORMAL;Reparador;9.3;Tranquilo/Alegre;Estable con Apoyo;Óptimo (Regulado);False;Normal;estable_con_apoyo;False;Hipersensible Auditivo y Buscador Propioceptivo;1;1;0;0;0;0;0;14.3;0;1.0;0.235;0.98;0
RPR-00264;SYN-005;2026-06-17;2026-06-17T20:00:00-04:00;;NORMAL;Interrumpido;8.9;Irritable/Llorando;Estable con Apoyo;Alto (Sobreexcitado);False;Normal;estable_con_apoyo|irritabilidad|mayor_actividad;False;Hipersensible Auditivo y Buscador Propioceptivo;2;2;0;0;0;0;0;15.3;3;1.0;0.53;0.98;0
RPR-00265;SYN-005;2026-06-18;2026-06-18T20:00:00-04:00;;NORMAL;Interrumpido;9.8;Cansado/Con Sueño;Estable con Apoyo;Óptimo (Regulado);False;Normal;estable_con_apoyo|cansancio;False;Hipersensible Auditivo y Buscador Propioceptivo;2;2;0;0;0;0;0;16.3;2;1.0;0.49;0.98;0
RPR-00266;SYN-005;2026-06-19;2026-06-19T20:00:00-04:00;SCN-009;ACCUMULATION_WITH_EVENT;Interrumpido;7.9;Cansado/Con Sueño;Estable con Apoyo;Óptimo (Regulado);False;Normal;estable_con_apoyo|mayor_actividad|irritabilidad|menor_tolerancia_frustracion;False;Hipersensible Auditivo y Buscador Propioceptivo;3;3;0;0;0;0;0;17.3;2;1.0;0.665;0.98;0
RPR-00267;SYN-005;2026-06-20;2026-06-20T20:00:00-04:00;SCN-009;ACCUMULATION_WITH_EVENT;Interrumpido;7.6;Irritable/Llorando;Estable con Apoyo;Óptimo (Regulado);True;Normal;estable_con_apoyo|irritabilidad|menor_tolerancia_frustracion;False;Hipersensible Auditivo y Buscador Propioceptivo;3;3;0;1;0;0;0;18.3;3;1.0;0.865;0.98;0
RPR-00268;SYN-005;2026-06-21;2026-06-21T20:00:00-04:00;SCN-009;ACCUMULATION_WITH_EVENT;Interrumpido;7.3;Irritable/Llorando;Estable con Apoyo;Alto (Sobreexcitado);True;Estreñimiento;estable_con_apoyo|mayor_actividad|irritabilidad|menor_tolerancia_frustracion;False;Hipersensible Auditivo y Buscador Propioceptivo;3;3;0;2;1;0;0;19.3;5;1.0;0.94;0.98;0
RPR-00269;SYN-005;2026-06-22;2026-06-22T20:00:00-04:00;SCN-009;ACCUMULATION_WITH_EVENT;Interrumpido;7.0;Irritable/Llorando;Desregulación Frecuente;Alto (Sobreexcitado);True;Estreñimiento;regulado|cansancio|irritabilidad|menor_tolerancia_frustracion|respuesta_a_evento_excepcional;True;Hipersensible Auditivo y Buscador Propioceptivo;3;3;1;3;2;1;0;20.3;7;1.0;0.94;0.98;0
RPR-00270;SYN-005;2026-06-23;2026-06-23T20:00:00-04:00;SCN-009;ACCUMULATION_WITH_EVENT;Dificultad de Conciliación;6.7;Irritable/Llorando;Desregulación Frecuente;Alto (Sobreexcitado);True;Estreñimiento;estable_con_apoyo|cansancio|irritabilidad|menor_tolerancia_frustracion;False;Hipersensible Auditivo y Buscador Propioceptivo;3;3;2;3;3;1;0;21.3;6;1.0;0.94;0.98;1
RPR-00271;SYN-005;2026-06-24;2026-06-24T20:00:00-04:00;;NORMAL;Reparador;8.9;Tranquilo/Alegre;Estable con Apoyo;Óptimo (Regulado);False;Normal;estable_con_apoyo;False;Hipersensible Auditivo y Buscador Propioceptivo;2;2;2;2;2;1;1;0.4;0;1.0;0.94;0.98;0
RPR-00272;SYN-005;2026-06-25;2026-06-25T20:00:00-04:00;;NORMAL;Dificultad de Conciliación;7.6;Tranquilo/Alegre;Excelente;Óptimo (Regulado);False;Normal;regulado;False;Hipersensible Auditivo y Buscador Propioceptivo;2;1;1;1;1;0;1;1.4;1;1.0;0.76;0.98;0
RPR-00273;SYN-005;2026-06-26;2026-06-26T20:00:00-04:00;;INCOMPLETE;;;;;;;;;;Hipersensible Auditivo y Buscador Propioceptivo;1;0;0;0;0;0;1;2.4;0;0.325;0.215;0.325;0
RPR-00274;SYN-005;2026-06-27;2026-06-27T20:00:00-04:00;;NORMAL;Reparador;8.9;Cansado/Con Sueño;Excelente;Óptimo (Regulado);False;Normal;regulado|cansancio;False;Hipersensible Auditivo y Buscador Propioceptivo;1;1;0;0;0;0;1;3.4;1;0.975;0.33;0.975;0
RPR-00275;SYN-005;2026-06-28;2026-06-28T20:00:00-04:00;;INCOMPLETE;;;;;;;;;;Hipersensible Auditivo y Buscador Propioceptivo;0;1;0;0;0;0;1;4.4;0;0.3;0.19;0.3;0
RPR-00276;SYN-006;2026-05-05;2026-05-05T20:00:00-04:00;;NORMAL;Reparador;8.1;Tranquilo/Alegre;Excelente;Óptimo (Regulado);False;Normal;regulado;False;Buscador Vestibular y Sensibilidad Táctil;1;1;0;0;0;0;0;;0;0.775;0.235;0.639;0
RPR-00277;SYN-006;2026-05-06;2026-05-06T20:00:00-04:00;;NORMAL;Reparador;9.4;Tranquilo/Alegre;Estable con Apoyo;Óptimo (Regulado);False;Estreñimiento;estable_con_apoyo;False;Buscador Vestibular y Sensibilidad Táctil;0;1;0;0;1;0;0;;1;0.8;0.235;0.688;0
RPR-00278;SYN-006;2026-05-07;2026-05-07T20:00:00-04:00;;NORMAL;Reparador;7.9;Tranquilo/Alegre;Estable con Apoyo;Óptimo (Regulado);False;Normal;estable_con_apoyo;False;Buscador Vestibular y Sensibilidad Táctil;0;0;0;0;1;0;0;;0;0.825;0.12;0.738;0
RPR-00279;SYN-006;2026-05-08;2026-05-08T20:00:00-04:00;SCN-010;SLEEP_ALTERED_WITH_EVENT;Dificultad de Conciliación;7.2;Cansado/Con Sueño;Estable con Apoyo;Bajo (Letárgico);False;Normal;regulado|cansancio;False;Buscador Vestibular y Sensibilidad Táctil;1;1;0;0;1;0;0;;3;0.85;0.415;0.79;0
RPR-00280;SYN-006;2026-05-09;2026-05-09T20:00:00-04:00;SCN-010;SLEEP_ALTERED_WITH_EVENT;Dificultad de Conciliación;6.7;Cansado/Con Sueño;Estable con Apoyo;Bajo (Letárgico);False;Normal;estable_con_apoyo|cansancio;False;Buscador Vestibular y Sensibilidad Táctil;2;2;0;0;0;0;0;;3;0.875;0.53;0.844;0
RPR-00281;SYN-006;2026-05-10;2026-05-10T20:00:00-04:00;SCN-010;SLEEP_ALTERED_WITH_EVENT;Interrumpido;6.2;Cansado/Con Sueño;Estable con Apoyo;Bajo (Letárgico);False;Normal;estable_con_apoyo|cansancio;False;Buscador Vestibular y Sensibilidad Táctil;3;3;0;0;0;0;0;;3;0.9;0.705;0.9;0
RPR-00282;SYN-006;2026-05-11;2026-05-11T20:00:00-04:00;SCN-010;SLEEP_ALTERED_WITH_EVENT;Interrumpido;5.9;Irritable/Llorando;Estable con Apoyo;Alto (Sobreexcitado);False;Normal;regulado|cansancio|irritabilidad;False;Buscador Vestibular y Sensibilidad Táctil;3;3;0;0;0;0;0;;3;0.925;0.705;0.925;1
RPR-00283;SYN-006;2026-05-12;2026-05-12T20:00:00-04:00;;NORMAL;Reparador;8.3;Tranquilo/Alegre;Excelente;Óptimo (Regulado);False;Normal;regulado;False;Buscador Vestibular y Sensibilidad Táctil;2;2;0;0;0;0;1;0.3;0;0.95;0.465;0.95;0
RPR-00284;SYN-006;2026-05-13;2026-05-13T20:00:00-04:00;;NORMAL;Interrumpido;8.7;Tranquilo/Alegre;Excelente;Óptimo (Regulado);False;Diarrea;regulado;False;Buscador Vestibular y Sensibilidad Táctil;2;1;0;0;1;0;1;1.3;2;0.975;0.53;0.975;0
RPR-00285;SYN-006;2026-05-14;2026-05-14T20:00:00-04:00;;NORMAL;Reparador;8.4;Tranquilo/Alegre;Estable con Apoyo;Óptimo (Regulado);False;Normal;estable_con_apoyo;False;Buscador Vestibular y Sensibilidad Táctil;1;0;0;0;1;0;1;2.3;0;1.0;0.275;0.98;0
RPR-00286;SYN-006;2026-05-15;2026-05-15T20:00:00-04:00;;NORMAL;Reparador;8.0;Tranquilo/Alegre;Excelente;Óptimo (Regulado);False;Diarrea;regulado;False;Buscador Vestibular y Sensibilidad Táctil;1;0;0;0;2;0;1;3.3;1;1.0;0.375;0.98;0
RPR-00287;SYN-006;2026-05-16;2026-05-16T20:00:00-04:00;;NORMAL;Reparador;9.2;Tranquilo/Alegre;Excelente;Bajo (Letárgico);False;Normal;regulado;False;Buscador Vestibular y Sensibilidad Táctil;0;0;0;0;1;0;1;4.3;1;1.0;0.215;0.98;0
RPR-00288;SYN-006;2026-05-17;2026-05-17T20:00:00-04:00;;NORMAL;Reparador;7.7;Tranquilo/Alegre;Estable con Apoyo;Óptimo (Regulado);False;Normal;estable_con_apoyo;False;Buscador Vestibular y Sensibilidad Táctil;0;0;0;0;1;0;1;5.3;0;1.0;0.175;0.98;0
RPR-00289;SYN-006;2026-05-18;2026-05-18T20:00:00-04:00;;NORMAL;Reparador;8.3;Tranquilo/Alegre;Estable con Apoyo;Óptimo (Regulado);False;Normal;estable_con_apoyo;False;Buscador Vestibular y Sensibilidad Táctil;0;0;0;0;0;0;1;6.3;0;1.0;0.115;0.98;0
RPR-00290;SYN-006;2026-05-19;2026-05-19T20:00:00-04:00;;NORMAL;Reparador;8.4;Tranquilo/Alegre;Estable con Apoyo;Óptimo (Regulado);False;Normal;estable_con_apoyo;False;Buscador Vestibular y Sensibilidad Táctil;0;0;0;0;0;0;0;7.3;0;1.0;0.06;0.98;0
RPR-00291;SYN-006;2026-05-20;2026-05-20T20:00:00-04:00;;NORMAL;Reparador;8.5;Tranquilo/Alegre;Estable con Apoyo;Óptimo (Regulado);False;Normal;estable_con_apoyo;False;Buscador Vestibular y Sensibilidad Táctil;0;0;0;0;0;0;0;8.3;0;1.0;0.06;0.98;0
RPR-00292;SYN-006;2026-05-21;2026-05-21T20:00:00-04:00;;NORMAL;Reparador;8.1;Cansado/Con Sueño;Desregulación Frecuente;Óptimo (Regulado);False;Normal;estable_con_apoyo|cansancio;False;Buscador Vestibular y Sensibilidad Táctil;0;1;1;0;0;0;0;9.3;2;1.0;0.325;0.98;0
RPR-00293;SYN-006;2026-05-22;2026-05-22T20:00:00-04:00;;NORMAL;Reparador;8.5;Irritable/Llorando;Estable con Apoyo;Óptimo (Regulado);False;Normal;estable_con_apoyo|irritabilidad;False;Buscador Vestibular y Sensibilidad Táctil;0;2;1;0;0;0;0;10.3;1;1.0;0.36;0.98;0
RPR-00294;SYN-006;2026-05-23;2026-05-23T20:00:00-04:00;;NORMAL;Reparador;8.8;Cansado/Con Sueño;Estable con Apoyo;Bajo (Letárgico);True;Normal;estable_con_apoyo|cansancio;False;Buscador Vestibular y Sensibilidad Táctil;0;3;1;1;0;0;0;11.3;3;1.0;0.595;0.98;0
RPR-00295;SYN-006;2026-05-24;2026-05-24T20:00:00-04:00;;NORMAL;Reparador;8.2;Tranquilo/Alegre;Estable con Apoyo;Óptimo (Regulado);True;Normal;estable_con_apoyo;False;Buscador Vestibular y Sensibilidad Táctil;0;2;0;2;0;0;0;12.3;1;1.0;0.41;0.98;0
RPR-00296;SYN-006;2026-05-25;2026-05-25T20:00:00-04:00;;NORMAL;Reparador;8.2;Tranquilo/Alegre;Desregulación Frecuente;Óptimo (Regulado);False;Normal;estable_con_apoyo;False;Buscador Vestibular y Sensibilidad Táctil;0;1;1;2;0;0;0;13.3;1;1.0;0.445;0.98;0
RPR-00297;SYN-006;2026-05-26;2026-05-26T20:00:00-04:00;;NORMAL;Reparador;9.7;Tranquilo/Alegre;Estable con Apoyo;Óptimo (Regulado);False;Estreñimiento;estable_con_apoyo;False;Buscador Vestibular y Sensibilidad Táctil;0;0;1;1;1;0;0;14.3;1;1.0;0.35;0.98;0
RPR-00298;SYN-006;2026-05-27;2026-05-27T20:00:00-04:00;;NORMAL;Reparador;9.3;Tranquilo/Alegre;Estable con Apoyo;Óptimo (Regulado);False;Normal;estable_con_apoyo;False;Buscador Vestibular y Sensibilidad Táctil;0;0;1;0;1;0;0;15.3;0;1.0;0.23;0.98;0
RPR-00299;SYN-006;2026-05-28;2026-05-28T20:00:00-04:00;;NORMAL;Interrumpido;8.6;Irritable/Llorando;Estable con Apoyo;Óptimo (Regulado);False;Normal;estable_con_apoyo|irritabilidad;False;Buscador Vestibular y Sensibilidad Táctil;1;1;0;0;1;0;0;16.3;2;1.0;0.375;0.98;0
RPR-00300;SYN-006;2026-05-29;2026-05-29T20:00:00-04:00;;NORMAL;Reparador;8.4;Tranquilo/Alegre;Estable con Apoyo;Óptimo (Regulado);False;Estreñimiento;estable_con_apoyo;False;Buscador Vestibular y Sensibilidad Táctil;1;1;0;0;1;0;0;17.3;1;1.0;0.335;0.98;0
RPR-00301;SYN-006;2026-05-30;2026-05-30T20:00:00-04:00;SCN-011;ROUTINE_CHANGE_NO_EVENT;Reparador;9.6;Tranquilo/Alegre;Estable con Apoyo;Óptimo (Regulado);True;Normal;estable_con_apoyo|anticipacion_cambio;False;Buscador Vestibular y Sensibilidad Táctil;1;1;0;1;1;0;0;18.3;1;1.0;0.415;0.98;0
RPR-00302;SYN-006;2026-05-31;2026-05-31T20:00:00-04:00;SCN-011;ROUTINE_CHANGE_NO_EVENT;Dificultad de Conciliación;8.8;Irritable/Llorando;Desregulación Frecuente;Óptimo (Regulado);True;Normal;regulado|irritabilidad|dificultad_transicion;False;Buscador Vestibular y Sensibilidad Táctil;1;1;1;2;1;0;0;19.3;4;1.0;0.845;0.98;0
RPR-00303;SYN-006;2026-06-01;2026-06-01T20:00:00-04:00;SCN-011;ROUTINE_CHANGE_NO_EVENT;Reparador;8.4;Irritable/Llorando;Desregulación Frecuente;Óptimo (Regulado);True;Normal;estable_con_apoyo|cansancio|dificultad_transicion;False;Buscador Vestibular y Sensibilidad Táctil;1;2;2;3;0;0;0;20.3;3;1.0;0.89;0.98;0
RPR-00304;SYN-006;2026-06-02;2026-06-02T20:00:00-04:00;;NORMAL;Reparador;9.0;Tranquilo/Alegre;Estable con Apoyo;Óptimo (Regulado);False;Normal;estable_con_apoyo;False;Buscador Vestibular y Sensibilidad Táctil;1;2;2;2;0;0;0;21.3;0;1.0;0.69;0.98;0
RPR-00305;SYN-006;2026-06-03;2026-06-03T20:00:00-04:00;;NORMAL;Reparador;9.8;Tranquilo/Alegre;Excelente;Bajo (Letárgico);False;Normal;regulado;False;Buscador Vestibular y Sensibilidad Táctil;0;1;1;1;0;0;0;22.3;1;1.0;0.365;0.98;0
RPR-00306;SYN-006;2026-06-04;2026-06-04T20:00:00-04:00;;NORMAL;Reparador;7.9;Cansado/Con Sueño;Estable con Apoyo;Óptimo (Regulado);True;Normal;estable_con_apoyo|cansancio|respuesta_a_evento_excepcional;True;Buscador Vestibular y Sensibilidad Táctil;0;1;0;1;0;1;0;23.3;3;1.0;0.435;0.98;0
RPR-00307;SYN-006;2026-06-05;2026-06-05T20:00:00-04:00;;NORMAL;Reparador;8.2;Tranquilo/Alegre;Estable con Apoyo;Óptimo (Regulado);False;Normal;estable_con_apoyo;False;Buscador Vestibular y Sensibilidad Táctil;0;1;0;1;0;1;0;24.3;0;1.0;0.315;0.98;0
RPR-00308;SYN-006;2026-06-06;2026-06-06T20:00:00-04:00;;NORMAL;Dificultad de Conciliación;8.2;Irritable/Llorando;Estable con Apoyo;Óptimo (Regulado);False;Normal;estable_con_apoyo|irritabilidad;False;Buscador Vestibular y Sensibilidad Táctil;1;2;0;1;0;1;0;25.3;2;1.0;0.57;0.98;0
RPR-00309;SYN-006;2026-06-07;2026-06-07T20:00:00-04:00;;NORMAL;Reparador;8.0;Tranquilo/Alegre;Estable con Apoyo;Óptimo (Regulado);False;Normal;estable_con_apoyo;False;Buscador Vestibular y Sensibilidad Táctil;1;1;0;0;0;0;0;26.3;0;1.0;0.235;0.98;0
RPR-00310;SYN-006;2026-06-08;2026-06-08T20:00:00-04:00;;NORMAL;Reparador;8.4;Tranquilo/Alegre;Estable con Apoyo;Óptimo (Regulado);False;Normal;estable_con_apoyo;False;Buscador Vestibular y Sensibilidad Táctil;1;1;0;0;0;0;0;27.3;0;1.0;0.235;0.98;0
RPR-00311;SYN-006;2026-06-09;2026-06-09T20:00:00-04:00;;NORMAL;Interrumpido;8.8;Irritable/Llorando;Excelente;Óptimo (Regulado);False;Normal;regulado|irritabilidad;False;Buscador Vestibular y Sensibilidad Táctil;1;1;0;0;0;0;0;28.3;2;1.0;0.315;0.98;0
RPR-00312;SYN-006;2026-06-10;2026-06-10T20:00:00-04:00;;NORMAL;Reparador;8.9;Tranquilo/Alegre;Estable con Apoyo;Óptimo (Regulado);False;Normal;estable_con_apoyo;False;Buscador Vestibular y Sensibilidad Táctil;1;1;0;0;0;0;0;29.3;0;1.0;0.235;0.98;0
RPR-00313;SYN-006;2026-06-11;2026-06-11T20:00:00-04:00;;NORMAL;Reparador;8.5;Tranquilo/Alegre;Estable con Apoyo;Óptimo (Regulado);False;Normal;estable_con_apoyo;False;Buscador Vestibular y Sensibilidad Táctil;1;1;0;0;0;0;0;30.3;0;1.0;0.235;0.98;0
RPR-00314;SYN-006;2026-06-12;2026-06-12T20:00:00-04:00;;NORMAL;Reparador;7.8;Tranquilo/Alegre;Estable con Apoyo;Óptimo (Regulado);False;Normal;estable_con_apoyo;False;Buscador Vestibular y Sensibilidad Táctil;0;0;0;0;0;0;0;31.3;0;1.0;0.06;0.98;0
RPR-00315;SYN-006;2026-06-13;2026-06-13T20:00:00-04:00;;NORMAL;Reparador;9.4;Tranquilo/Alegre;Desregulación Frecuente;Óptimo (Regulado);False;Normal;estable_con_apoyo;False;Buscador Vestibular y Sensibilidad Táctil;0;0;1;0;0;0;0;32.3;1;1.0;0.21;0.98;0
RPR-00316;SYN-006;2026-06-14;2026-06-14T20:00:00-04:00;;NORMAL;Reparador;8.4;Tranquilo/Alegre;Estable con Apoyo;Alto (Sobreexcitado);True;Normal;estable_con_apoyo|mayor_actividad;False;Buscador Vestibular y Sensibilidad Táctil;0;0;1;1;0;0;0;33.3;2;1.0;0.33;0.98;0
RPR-00317;SYN-006;2026-06-15;2026-06-15T20:00:00-04:00;;NORMAL;Reparador;8.0;Tranquilo/Alegre;Estable con Apoyo;Óptimo (Regulado);False;Normal;estable_con_apoyo|respuesta_a_evento_excepcional;True;Buscador Vestibular y Sensibilidad Táctil;0;0;1;1;0;1;0;34.3;1;1.0;0.39;0.98;0
RPR-00318;SYN-006;2026-06-16;2026-06-16T20:00:00-04:00;;NORMAL;Reparador;8.0;Tranquilo/Alegre;Estable con Apoyo;Óptimo (Regulado);False;Normal;estable_con_apoyo;False;Buscador Vestibular y Sensibilidad Táctil;0;0;0;1;0;1;0;35.3;0;1.0;0.24;0.98;0
RPR-00319;SYN-006;2026-06-17;2026-06-17T20:00:00-04:00;;NORMAL;Reparador;8.7;Tranquilo/Alegre;Estable con Apoyo;Alto (Sobreexcitado);False;Normal;estable_con_apoyo|mayor_actividad;False;Buscador Vestibular y Sensibilidad Táctil;0;0;0;0;0;1;0;36.3;1;1.0;0.2;0.98;0
RPR-00320;SYN-006;2026-06-18;2026-06-18T20:00:00-04:00;;NORMAL;Interrumpido;8.0;Tranquilo/Alegre;Estable con Apoyo;Óptimo (Regulado);False;Estreñimiento;estable_con_apoyo;False;Buscador Vestibular y Sensibilidad Táctil;1;0;0;0;1;0;0;37.3;2;1.0;0.3;0.98;0
RPR-00321;SYN-006;2026-06-19;2026-06-19T20:00:00-04:00;;NORMAL;Reparador;8.9;Cansado/Con Sueño;Estable con Apoyo;Óptimo (Regulado);False;Normal;estable_con_apoyo|cansancio;False;Buscador Vestibular y Sensibilidad Táctil;1;1;0;0;1;0;0;38.3;1;1.0;0.335;0.98;0
RPR-00322;SYN-006;2026-06-20;2026-06-20T20:00:00-04:00;;NORMAL;Interrumpido;9.2;Tranquilo/Alegre;Estable con Apoyo;Óptimo (Regulado);False;Normal;estable_con_apoyo;False;Buscador Vestibular y Sensibilidad Táctil;2;1;0;0;1;0;0;39.3;1;1.0;0.435;0.98;0
RPR-00323;SYN-006;2026-06-21;2026-06-21T20:00:00-04:00;;NORMAL;Reparador;;Tranquilo/Alegre;Excelente;Óptimo (Regulado);False;Normal;regulado|respuesta_a_evento_excepcional;True;Buscador Vestibular y Sensibilidad Táctil;1;1;0;0;0;1;0;40.3;1;0.928;0.375;0.928;0
RPR-00324;SYN-006;2026-06-22;2026-06-22T20:00:00-04:00;;NORMAL;Reparador;8.9;Tranquilo/Alegre;Estable con Apoyo;;False;Normal;estable_con_apoyo;False;Buscador Vestibular y Sensibilidad Táctil;1;0;0;0;0;1;0;41.3;0;0.928;0.26;0.928;0
RPR-00325;SYN-006;2026-06-23;2026-06-23T20:00:00-04:00;;INCOMPLETE;;;;;;;;;;Buscador Vestibular y Sensibilidad Táctil;0;0;0;0;0;1;0;42.3;0;0.325;0.16;0.325;0
RPR-00326;SYN-006;2026-06-24;2026-06-24T20:00:00-04:00;;NORMAL;Interrumpido;8.9;Tranquilo/Alegre;Estable con Apoyo;Óptimo (Regulado);False;Normal;estable_con_apoyo;False;Buscador Vestibular y Sensibilidad Táctil;1;0;0;0;0;0;0;43.3;1;0.975;0.2;0.975;0
RPR-00327;SYN-006;2026-06-25;2026-06-25T20:00:00-04:00;;NORMAL;Reparador;;Tranquilo/Alegre;Excelente;Óptimo (Regulado);False;Normal;regulado;False;Buscador Vestibular y Sensibilidad Táctil;1;0;0;0;0;0;0;44.3;0;0.903;0.16;0.903;0
RPR-00328;SYN-006;2026-06-26;2026-06-26T20:00:00-04:00;;NORMAL;Interrumpido;9.1;Tranquilo/Alegre;Estable con Apoyo;Óptimo (Regulado);False;Normal;estable_con_apoyo;False;Buscador Vestibular y Sensibilidad Táctil;2;0;0;0;0;0;0;45.3;1;0.975;0.3;0.975;0
RPR-00329;SYN-006;2026-06-27;2026-06-27T20:00:00-04:00;;NORMAL;Interrumpido;10.3;Tranquilo/Alegre;Excelente;Óptimo (Regulado);False;Normal;regulado;False;Buscador Vestibular y Sensibilidad Táctil;2;0;0;0;0;0;0;46.3;1;0.975;0.3;0.975;0
RPR-00330;SYN-006;2026-06-28;2026-06-28T20:00:00-04:00;;NORMAL;Dificultad de Conciliación;9.4;Tranquilo/Alegre;Estable con Apoyo;Óptimo (Regulado);False;Normal;estable_con_apoyo;False;Buscador Vestibular y Sensibilidad Táctil;3;0;0;0;0;0;0;47.3;1;0.975;0.4;0.975;0
RPR-00331;SYN-007;2026-05-05;2026-05-05T20:00:00-04:00;;NORMAL;Reparador;9.4;Irritable/Llorando;Excelente;Óptimo (Regulado);False;Normal;regulado|irritabilidad;False;Buscador Sensorial Vestibular y Propioceptivo;1;1;1;0;0;0;0;;1;0.75;0.385;0.593;0
RPR-00332;SYN-007;2026-05-06;2026-05-06T20:00:00-04:00;;NORMAL;Reparador;9.0;Tranquilo/Alegre;Estable con Apoyo;Óptimo (Regulado);False;Normal;estable_con_apoyo;False;Buscador Sensorial Vestibular y Propioceptivo;1;1;0;0;0;0;0;;0;0.775;0.235;0.639;0
RPR-00333;SYN-007;2026-05-07;2026-05-07T20:00:00-04:00;;NORMAL;Reparador;9.2;Tranquilo/Alegre;Excelente;Óptimo (Regulado);False;Estreñimiento;regulado;False;Buscador Sensorial Vestibular y Propioceptivo;0;1;0;0;1;0;0;;1;0.8;0.235;0.688;0
RPR-00334;SYN-007;2026-05-08;2026-05-08T20:00:00-04:00;;NORMAL;Reparador;9.0;Tranquilo/Alegre;Excelente;Óptimo (Regulado);False;Normal;regulado;False;Buscador Sensorial Vestibular y Propioceptivo;0;0;0;0;1;0;0;;0;0.825;0.12;0.738;0
RPR-00335;SYN-007;2026-05-09;2026-05-09T20:00:00-04:00;;NORMAL;Dificultad de Conciliación;8.6;Tranquilo/Alegre;Estable con Apoyo;Óptimo (Regulado);False;Normal;estable_con_apoyo;False;Buscador Sensorial Vestibular y Propioceptivo;1;0;0;0;1;0;0;;1;0.85;0.26;0.79;0
RPR-00336;SYN-007;2026-05-10;2026-05-10T20:00:00-04:00;;NORMAL;Interrumpido;8.8;Tranquilo/Alegre;Desregulación Frecuente;Óptimo (Regulado);False;Diarrea;estable_con_apoyo;False;Buscador Sensorial Vestibular y Propioceptivo;2;0;1;0;1;0;0;;3;0.875;0.55;0.844;0
RPR-00337;SYN-007;2026-05-11;2026-05-11T20:00:00-04:00;;NORMAL;Reparador;9.6;Tranquilo/Alegre;Estable con Apoyo;Alto (Sobreexcitado);False;Normal;estable_con_apoyo|mayor_actividad;False;Buscador Sensorial Vestibular y Propioceptivo;2;0;1;0;1;0;0;;1;0.9;0.47;0.9;0
RPR-00338;SYN-007;2026-05-12;2026-05-12T20:00:00-04:00;;NORMAL;Reparador;9.7;Tranquilo/Alegre;Estable con Apoyo;Óptimo (Regulado);True;Normal;estable_con_apoyo;False;Buscador Sensorial Vestibular y Propioceptivo;1;0;1;1;1;0;0;;1;0.925;0.45;0.925;0
RPR-00339;SYN-007;2026-05-13;2026-05-13T20:00:00-04:00;;NORMAL;Interrumpido;10.1;Irritable/Llorando;Estable con Apoyo;Óptimo (Regulado);False;Normal;estable_con_apoyo|irritabilidad;False;Buscador Sensorial Vestibular y Propioceptivo;1;1;0;1;0;0;0;;2;0.95;0.395;0.95;0
RPR-00340;SYN-007;2026-05-14;2026-05-14T20:00:00-04:00;;NORMAL;Interrumpido;9.6;Tranquilo/Alegre;Estable con Apoyo;Óptimo (Regulado);False;Estreñimiento;estable_con_apoyo;False;Buscador Sensorial Vestibular y Propioceptivo;2;1;0;1;1;0;0;;2;0.975;0.635;0.975;0
RPR-00341;SYN-007;2026-05-15;2026-05-15T20:00:00-04:00;;NORMAL;Reparador;9.5;Irritable/Llorando;Estable con Apoyo;Óptimo (Regulado);False;Normal;estable_con_apoyo|irritabilidad;False;Buscador Sensorial Vestibular y Propioceptivo;2;2;0;0;1;0;0;;1;0.975;0.51;0.975;0
RPR-00342;SYN-007;2026-05-16;2026-05-16T20:00:00-04:00;;NORMAL;Dificultad de Conciliación;10.0;Tranquilo/Alegre;Desregulación Frecuente;Alto (Sobreexcitado);False;Estreñimiento;estable_con_apoyo|mayor_actividad;False;Buscador Sensorial Vestibular y Propioceptivo;2;1;1;0;2;0;0;;4;1.0;0.845;0.98;0
RPR-00343;SYN-007;2026-05-17;2026-05-17T20:00:00-04:00;;NORMAL;Reparador;10.0;Irritable/Llorando;Estable con Apoyo;Bajo (Letárgico);False;Normal;estable_con_apoyo|irritabilidad;False;Buscador Sensorial Vestibular y Propioceptivo;1;2;1;0;1;0;0;;2;1.0;0.56;0.98;0
RPR-00344;SYN-007;2026-05-18;2026-05-18T20:00:00-04:00;SCN-012;ACCUMULATION_NO_EVENT;Interrumpido;8.4;Cansado/Con Sueño;Estable con Apoyo;Óptimo (Regulado);False;Normal;estable_con_apoyo|irritabilidad|menor_tolerancia_frustracion;False;Buscador Sensorial Vestibular y Propioceptivo;2;2;1;0;1;0;0;;2;1.0;0.66;0.98;0
RPR-00345;SYN-007;2026-05-19;2026-05-19T20:00:00-04:00;SCN-012;ACCUMULATION_NO_EVENT;Interrumpido;8.1;Irritable/Llorando;Estable con Apoyo;Óptimo (Regulado);True;Normal;regulado|cansancio|irritabilidad|menor_tolerancia_frustracion;False;Buscador Sensorial Vestibular y Propioceptivo;2;3;0;1;0;0;0;;3;1.0;0.765;0.98;0
RPR-00346;SYN-007;2026-05-20;2026-05-20T20:00:00-04:00;SCN-012;ACCUMULATION_NO_EVENT;Interrumpido;7.8;Irritable/Llorando;Estable con Apoyo;Alto (Sobreexcitado);True;Estreñimiento;regulado|cansancio|irritabilidad|menor_tolerancia_frustracion;False;Buscador Sensorial Vestibular y Propioceptivo;3;3;0;2;1;0;0;;5;1.0;0.94;0.98;0
RPR-00347;SYN-007;2026-05-21;2026-05-21T20:00:00-04:00;SCN-012;ACCUMULATION_NO_EVENT;Interrumpido;7.5;Irritable/Llorando;Desregulación Frecuente;Alto (Sobreexcitado);True;Estreñimiento;estable_con_apoyo|irritabilidad|menor_tolerancia_frustracion|respuesta_a_evento_excepcional;True;Buscador Sensorial Vestibular y Propioceptivo;3;3;1;3;2;1;0;;7;1.0;0.94;0.98;0
RPR-00348;SYN-007;2026-05-22;2026-05-22T20:00:00-04:00;SCN-012;ACCUMULATION_NO_EVENT;Dificultad de Conciliación;7.2;Irritable/Llorando;Desregulación Frecuente;Alto (Sobreexcitado);True;Estreñimiento;regulado|irritabilidad|menor_tolerancia_frustracion;False;Buscador Sensorial Vestibular y Propioceptivo;3;3;2;3;3;1;0;;6;1.0;0.94;0.98;0
RPR-00349;SYN-007;2026-05-23;2026-05-23T20:00:00-04:00;;NORMAL;Reparador;8.4;Tranquilo/Alegre;Excelente;Óptimo (Regulado);False;Normal;regulado;False;Buscador Sensorial Vestibular y Propioceptivo;2;2;2;2;2;1;0;;0;1.0;0.94;0.98;0
RPR-00350;SYN-007;2026-05-24;2026-05-24T20:00:00-04:00;;NORMAL;Reparador;9.6;Tranquilo/Alegre;Excelente;Bajo (Letárgico);False;Normal;regulado;False;Buscador Sensorial Vestibular y Propioceptivo;1;1;1;1;1;0;0;;1;1.0;0.525;0.98;0
RPR-00351;SYN-007;2026-05-25;2026-05-25T20:00:00-04:00;;NORMAL;Reparador;10.0;Tranquilo/Alegre;Excelente;Óptimo (Regulado);False;Normal;regulado;False;Buscador Sensorial Vestibular y Propioceptivo;0;0;0;0;0;0;0;;0;1.0;0.06;0.98;0
RPR-00352;SYN-007;2026-05-26;2026-05-26T20:00:00-04:00;;NORMAL;Dificultad de Conciliación;10.5;Cansado/Con Sueño;Estable con Apoyo;Bajo (Letárgico);False;Normal;estable_con_apoyo|cansancio;False;Buscador Sensorial Vestibular y Propioceptivo;1;1;0;0;0;0;0;;3;1.0;0.355;0.98;0
RPR-00353;SYN-007;2026-05-27;2026-05-27T20:00:00-04:00;;NORMAL;Reparador;10.4;Tranquilo/Alegre;Estable con Apoyo;Óptimo (Regulado);False;Normal;estable_con_apoyo;False;Buscador Sensorial Vestibular y Propioceptivo;1;1;0;0;0;0;0;;0;1.0;0.235;0.98;0
RPR-00354;SYN-007;2026-05-28;2026-05-28T20:00:00-04:00;;NORMAL;Reparador;8.4;Tranquilo/Alegre;Estable con Apoyo;Bajo (Letárgico);False;Normal;estable_con_apoyo;False;Buscador Sensorial Vestibular y Propioceptivo;1;1;0;0;0;0;0;;1;1.0;0.275;0.98;0
RPR-00355;SYN-007;2026-05-29;2026-05-29T20:00:00-04:00;;NORMAL;Reparador;9.4;Tranquilo/Alegre;Excelente;Óptimo (Regulado);False;Normal;regulado;False;Buscador Sensorial Vestibular y Propioceptivo;0;0;0;0;0;0;0;;0;1.0;0.06;0.98;0
RPR-00356;SYN-007;2026-05-30;2026-05-30T20:00:00-04:00;;NORMAL;Reparador;10.1;Irritable/Llorando;Estable con Apoyo;Óptimo (Regulado);False;Normal;estable_con_apoyo|irritabilidad;False;Buscador Sensorial Vestibular y Propioceptivo;0;1;0;0;0;0;0;;1;1.0;0.175;0.98;0
RPR-00357;SYN-007;2026-05-31;2026-05-31T20:00:00-04:00;;NORMAL;Reparador;8.9;Cansado/Con Sueño;Estable con Apoyo;Óptimo (Regulado);False;Estreñimiento;estable_con_apoyo|cansancio;False;Buscador Sensorial Vestibular y Propioceptivo;0;2;0;0;1;0;0;;2;1.0;0.35;0.98;0
RPR-00358;SYN-007;2026-06-01;2026-06-01T20:00:00-04:00;;NORMAL;Reparador;9.7;Tranquilo/Alegre;Estable con Apoyo;Óptimo (Regulado);False;Normal;estable_con_apoyo;False;Buscador Sensorial Vestibular y Propioceptivo;0;2;0;0;1;0;0;;0;1.0;0.27;0.98;0
RPR-00359;SYN-007;2026-06-02;2026-06-02T20:00:00-04:00;;NORMAL;Interrumpido;9.2;Cansado/Con Sueño;Excelente;Óptimo (Regulado);False;Normal;regulado|cansancio;False;Buscador Sensorial Vestibular y Propioceptivo;1;2;0;0;1;0;0;;2;1.0;0.45;0.98;0
RPR-00360;SYN-007;2026-06-03;2026-06-03T20:00:00-04:00;;NORMAL;Reparador;9.7;Tranquilo/Alegre;Estable con Apoyo;Alto (Sobreexcitado);False;Normal;estable_con_apoyo|mayor_actividad;False;Buscador Sensorial Vestibular y Propioceptivo;1;1;0;0;0;0;0;;1;1.0;0.275;0.98;0
RPR-00361;SYN-007;2026-06-04;2026-06-04T20:00:00-04:00;;NORMAL;Reparador;10.0;Cansado/Con Sueño;Excelente;Óptimo (Regulado);False;Normal;regulado|cansancio;False;Buscador Sensorial Vestibular y Propioceptivo;1;2;0;0;0;0;0;;1;1.0;0.35;0.98;0
RPR-00362;SYN-007;2026-06-05;2026-06-05T20:00:00-04:00;;NORMAL;Interrumpido;9.5;Irritable/Llorando;Excelente;Óptimo (Regulado);False;Normal;regulado|irritabilidad;False;Buscador Sensorial Vestibular y Propioceptivo;1;2;0;0;0;0;0;;2;1.0;0.39;0.98;0
RPR-00363;SYN-007;2026-06-06;2026-06-06T20:00:00-04:00;;NORMAL;Reparador;9.6;Tranquilo/Alegre;Estable con Apoyo;Alto (Sobreexcitado);False;Estreñimiento;estable_con_apoyo|mayor_actividad;False;Buscador Sensorial Vestibular y Propioceptivo;1;2;0;0;1;0;0;;2;1.0;0.45;0.98;0
RPR-00364;SYN-007;2026-06-07;2026-06-07T20:00:00-04:00;;NORMAL;Interrumpido;10.2;Irritable/Llorando;Desregulación Frecuente;Óptimo (Regulado);False;Normal;estable_con_apoyo|irritabilidad;False;Buscador Sensorial Vestibular y Propioceptivo;2;2;1;0;1;0;0;;3;1.0;0.7;0.98;0
RPR-00365;SYN-007;2026-06-08;2026-06-08T20:00:00-04:00;;NORMAL;Dificultad de Conciliación;9.3;Tranquilo/Alegre;Estable con Apoyo;Óptimo (Regulado);False;Normal;estable_con_apoyo;False;Buscador Sensorial Vestibular y Propioceptivo;2;1;1;0;1;0;0;;1;1.0;0.545;0.98;0
RPR-00366;SYN-007;2026-06-09;2026-06-09T20:00:00-04:00;;NORMAL;Reparador;9.6;Tranquilo/Alegre;Desregulación Frecuente;Óptimo (Regulado);False;Normal;estable_con_apoyo;False;Buscador Sensorial Vestibular y Propioceptivo;2;1;2;0;0;0;0;;1;1.0;0.595;0.98;0
RPR-00367;SYN-007;2026-06-10;2026-06-10T20:00:00-04:00;;NORMAL;Reparador;9.6;Tranquilo/Alegre;Excelente;Óptimo (Regulado);False;Normal;regulado;False;Buscador Sensorial Vestibular y Propioceptivo;1;0;1;0;0;0;0;;0;1.0;0.27;0.98;0
RPR-00368;SYN-007;2026-06-11;2026-06-11T20:00:00-04:00;;NORMAL;Reparador;9.2;Tranquilo/Alegre;Estable con Apoyo;Óptimo (Regulado);False;Normal;estable_con_apoyo;False;Buscador Sensorial Vestibular y Propioceptivo;0;0;1;0;0;0;0;;0;1.0;0.17;0.98;0
RPR-00369;SYN-007;2026-06-12;2026-06-12T20:00:00-04:00;SCN-013;ROUTINE_CHANGE_WITH_EVENT;Dificultad de Conciliación;9.7;Tranquilo/Alegre;Desregulación Frecuente;Alto (Sobreexcitado);True;Normal;estable_con_apoyo|mayor_actividad|anticipacion_cambio;False;Buscador Sensorial Vestibular y Propioceptivo;1;0;1;1;0;0;0;;4;1.0;0.63;0.98;0
RPR-00370;SYN-007;2026-06-13;2026-06-13T20:00:00-04:00;SCN-013;ROUTINE_CHANGE_WITH_EVENT;Reparador;9.7;Irritable/Llorando;Estable con Apoyo;Óptimo (Regulado);True;Normal;estable_con_apoyo|respuesta_a_evento_excepcional|dificultad_transicion;True;Buscador Sensorial Vestibular y Propioceptivo;1;1;1;2;0;1;0;;3;1.0;0.725;0.98;0
RPR-00371;SYN-007;2026-06-14;2026-06-14T20:00:00-04:00;SCN-013;ROUTINE_CHANGE_WITH_EVENT;Reparador;9.0;Tranquilo/Alegre;Estable con Apoyo;Óptimo (Regulado);True;Normal;estable_con_apoyo|cansancio|dificultad_transicion;False;Buscador Sensorial Vestibular y Propioceptivo;1;1;1;3;0;1;0;;1;1.0;0.725;0.98;0
RPR-00372;SYN-007;2026-06-15;2026-06-15T20:00:00-04:00;SCN-013;ROUTINE_CHANGE_WITH_EVENT;Interrumpido;9.7;Irritable/Llorando;Estable con Apoyo;Alto (Sobreexcitado);True;Normal;estable_con_apoyo|mayor_actividad|dificultad_transicion;False;Buscador Sensorial Vestibular y Propioceptivo;1;2;0;3;0;1;0;;4;1.0;0.93;0.98;1
RPR-00373;SYN-007;2026-06-16;2026-06-16T20:00:00-04:00;;NORMAL;Reparador;9.1;Tranquilo/Alegre;Estable con Apoyo;Óptimo (Regulado);False;Normal;estable_con_apoyo;False;Buscador Sensorial Vestibular y Propioceptivo;1;1;0;2;0;0;1;0.0;0;1.0;0.45;0.98;0
RPR-00374;SYN-007;2026-06-17;2026-06-17T20:00:00-04:00;;NORMAL;Reparador;9.6;Tranquilo/Alegre;Estable con Apoyo;Óptimo (Regulado);False;Normal;estable_con_apoyo;False;Buscador Sensorial Vestibular y Propioceptivo;1;1;0;1;0;0;1;1.0;0;1.0;0.37;0.98;0
RPR-00375;SYN-007;2026-06-18;2026-06-18T20:00:00-04:00;;NORMAL;Reparador;10.0;Tranquilo/Alegre;Estable con Apoyo;Alto (Sobreexcitado);False;Estreñimiento;estable_con_apoyo|mayor_actividad;False;Buscador Sensorial Vestibular y Propioceptivo;0;0;0;0;1;0;1;2.0;2;1.0;0.255;0.98;0
RPR-00376;SYN-007;2026-06-19;2026-06-19T20:00:00-04:00;;NORMAL;Reparador;8.2;Tranquilo/Alegre;Excelente;Óptimo (Regulado);False;Normal;regulado;False;Buscador Sensorial Vestibular y Propioceptivo;0;0;0;0;1;0;1;3.0;0;1.0;0.175;0.98;0
RPR-00377;SYN-007;2026-06-20;2026-06-20T20:00:00-04:00;;NORMAL;Reparador;9.3;Tranquilo/Alegre;Desregulación Frecuente;Óptimo (Regulado);False;Normal;estable_con_apoyo;False;Buscador Sensorial Vestibular y Propioceptivo;0;0;1;0;1;0;1;4.0;1;1.0;0.325;0.98;0
RPR-00378;SYN-007;2026-06-21;2026-06-21T20:00:00-04:00;;NORMAL;Reparador;8.8;Tranquilo/Alegre;Estable con Apoyo;Óptimo (Regulado);False;Normal;estable_con_apoyo;False;Buscador Sensorial Vestibular y Propioceptivo;0;0;1;0;0;0;1;5.0;0;1.0;0.225;0.98;0
RPR-00379;SYN-007;2026-06-22;2026-06-22T20:00:00-04:00;;NORMAL;Reparador;9.8;Tranquilo/Alegre;Estable con Apoyo;Alto (Sobreexcitado);False;Normal;estable_con_apoyo|mayor_actividad;False;Buscador Sensorial Vestibular y Propioceptivo;0;0;1;0;0;0;1;6.0;1;1.0;0.265;0.98;0
RPR-00380;SYN-007;2026-06-23;2026-06-23T20:00:00-04:00;;NORMAL;Reparador;9.0;Tranquilo/Alegre;Estable con Apoyo;Óptimo (Regulado);False;Normal;estable_con_apoyo;False;Buscador Sensorial Vestibular y Propioceptivo;0;0;0;0;0;0;0;7.0;0;1.0;0.06;0.98;0
RPR-00381;SYN-007;2026-06-24;2026-06-24T20:00:00-04:00;;NORMAL;Reparador;8.8;Tranquilo/Alegre;Estable con Apoyo;Bajo (Letárgico);False;Diarrea;estable_con_apoyo;False;Buscador Sensorial Vestibular y Propioceptivo;0;0;0;0;1;0;0;8.0;2;1.0;0.2;0.98;0
RPR-00382;SYN-007;2026-06-25;2026-06-25T20:00:00-04:00;;NORMAL;Reparador;10.5;Cansado/Con Sueño;Excelente;Óptimo (Regulado);False;Normal;regulado|cansancio;False;Buscador Sensorial Vestibular y Propioceptivo;0;1;0;0;1;0;0;9.0;1;1.0;0.235;0.98;0
RPR-00383;SYN-007;2026-06-26;2026-06-26T20:00:00-04:00;;NORMAL;Reparador;9.3;Irritable/Llorando;Excelente;Óptimo (Regulado);False;Normal;regulado|irritabilidad;False;Buscador Sensorial Vestibular y Propioceptivo;0;2;0;0;1;0;0;10.0;1;1.0;0.31;0.98;0
RPR-00384;SYN-007;2026-06-27;2026-06-27T20:00:00-04:00;;NORMAL;Interrumpido;9.1;Tranquilo/Alegre;Estable con Apoyo;Óptimo (Regulado);False;Normal;estable_con_apoyo;False;Buscador Sensorial Vestibular y Propioceptivo;1;2;0;0;0;0;0;11.0;1;1.0;0.35;0.98;0
RPR-00385;SYN-007;2026-06-28;2026-06-28T20:00:00-04:00;;NORMAL;Reparador;8.8;Cansado/Con Sueño;Desregulación Frecuente;Óptimo (Regulado);False;Normal;estable_con_apoyo|cansancio;False;Buscador Sensorial Vestibular y Propioceptivo;1;2;1;0;0;0;0;12.0;2;1.0;0.5;0.98;0
RPR-00386;SYN-008;2026-05-05;2026-05-05T20:00:00-04:00;;NORMAL;Dificultad de Conciliación;9.2;Tranquilo/Alegre;Excelente;Óptimo (Regulado);False;Normal;regulado;False;Hipersensible Auditivo y Evitador Táctil;2;0;0;0;0;0;0;;1;0.775;0.3;0.639;0
RPR-00387;SYN-008;2026-05-06;2026-05-06T20:00:00-04:00;;NORMAL;Reparador;9.1;Tranquilo/Alegre;Estable con Apoyo;Óptimo (Regulado);True;Normal;estable_con_apoyo;False;Hipersensible Auditivo y Evitador Táctil;1;0;0;1;0;0;0;;1;0.8;0.28;0.688;0
RPR-00388;SYN-008;2026-05-07;2026-05-07T20:00:00-04:00;;NORMAL;Reparador;8.5;Tranquilo/Alegre;Excelente;Óptimo (Regulado);False;Normal;regulado;False;Hipersensible Auditivo y Evitador Táctil;1;0;0;1;0;0;0;;0;0.825;0.24;0.738;0
RPR-00389;SYN-008;2026-05-08;2026-05-08T20:00:00-04:00;;NORMAL;Reparador;9.0;Tranquilo/Alegre;Excelente;Bajo (Letárgico);False;Normal;regulado;False;Hipersensible Auditivo y Evitador Táctil;0;0;0;1;0;0;0;;1;0.85;0.18;0.79;0
RPR-00390;SYN-008;2026-05-09;2026-05-09T20:00:00-04:00;;NORMAL;Reparador;9.5;Tranquilo/Alegre;Estable con Apoyo;Óptimo (Regulado);False;Normal;estable_con_apoyo;False;Hipersensible Auditivo y Evitador Táctil;0;0;0;0;0;0;0;;0;0.875;0.06;0.844;0
RPR-00391;SYN-008;2026-05-10;2026-05-10T20:00:00-04:00;;NORMAL;Reparador;8.7;Tranquilo/Alegre;Excelente;Óptimo (Regulado);False;Normal;regulado;False;Hipersensible Auditivo y Evitador Táctil;0;0;0;0;0;0;0;;0;0.9;0.06;0.9;0
RPR-00392;SYN-008;2026-05-11;2026-05-11T20:00:00-04:00;;NORMAL;Reparador;10.3;Cansado/Con Sueño;Excelente;Alto (Sobreexcitado);False;Normal;regulado|cansancio|mayor_actividad|respuesta_a_evento_excepcional;True;Hipersensible Auditivo y Evitador Táctil;0;1;0;0;0;1;0;;3;0.925;0.355;0.925;0
RPR-00393;SYN-008;2026-05-12;2026-05-12T20:00:00-04:00;;NORMAL;Reparador;9.3;Tranquilo/Alegre;Estable con Apoyo;Alto (Sobreexcitado);False;Estreñimiento;estable_con_apoyo|mayor_actividad;False;Hipersensible Auditivo y Evitador Táctil;0;1;0;0;1;1;0;;2;0.95;0.375;0.95;0
RPR-00394;SYN-008;2026-05-13;2026-05-13T20:00:00-04:00;;NORMAL;Reparador;8.9;Tranquilo/Alegre;Excelente;Óptimo (Regulado);False;Normal;regulado;False;Hipersensible Auditivo y Evitador Táctil;0;1;0;0;1;1;0;;0;0.975;0.295;0.975;0
RPR-00395;SYN-008;2026-05-14;2026-05-14T20:00:00-04:00;;NORMAL;Reparador;9.6;Tranquilo/Alegre;Estable con Apoyo;Óptimo (Regulado);False;Normal;estable_con_apoyo;False;Hipersensible Auditivo y Evitador Táctil;0;0;0;0;1;0;0;;0;1.0;0.12;0.98;0
RPR-00396;SYN-008;2026-05-15;2026-05-15T20:00:00-04:00;SCN-014;ROUTINE_CHANGE_WITH_EVENT;Reparador;8.3;Tranquilo/Alegre;Estable con Apoyo;Óptimo (Regulado);True;Normal;estable_con_apoyo|anticipacion_cambio;False;Hipersensible Auditivo y Evitador Táctil;0;0;0;1;0;0;0;;1;1.0;0.18;0.98;0
RPR-00397;SYN-008;2026-05-16;2026-05-16T20:00:00-04:00;SCN-014;ROUTINE_CHANGE_WITH_EVENT;Reparador;8.5;Tranquilo/Alegre;Estable con Apoyo;Óptimo (Regulado);True;Normal;estable_con_apoyo|dificultad_transicion;False;Hipersensible Auditivo y Evitador Táctil;0;0;0;2;0;0;0;;1;1.0;0.26;0.98;0
RPR-00398;SYN-008;2026-05-17;2026-05-17T20:00:00-04:00;SCN-014;ROUTINE_CHANGE_WITH_EVENT;Reparador;8.8;Irritable/Llorando;Desregulación Frecuente;Óptimo (Regulado);True;Normal;regulado|dificultad_transicion;False;Hipersensible Auditivo y Evitador Táctil;0;1;1;3;0;0;0;;3;1.0;0.605;0.98;0
RPR-00399;SYN-008;2026-05-18;2026-05-18T20:00:00-04:00;SCN-014;ROUTINE_CHANGE_WITH_EVENT;Reparador;8.8;Irritable/Llorando;Estable con Apoyo;Óptimo (Regulado);True;Normal;estable_con_apoyo|dificultad_transicion;False;Hipersensible Auditivo y Evitador Táctil;0;2;1;3;0;0;0;;2;1.0;0.64;0.98;1
RPR-00400;SYN-008;2026-05-19;2026-05-19T20:00:00-04:00;;NORMAL;Reparador;8.9;Tranquilo/Alegre;Estable con Apoyo;Óptimo (Regulado);False;Diarrea;estable_con_apoyo;False;Hipersensible Auditivo y Evitador Táctil;0;2;1;2;1;0;1;0.1;1;1.0;0.635;0.98;0
RPR-00401;SYN-008;2026-05-20;2026-05-20T20:00:00-04:00;;NORMAL;Reparador;;Cansado/Con Sueño;Estable con Apoyo;Óptimo (Regulado);False;Normal;estable_con_apoyo|cansancio;False;Hipersensible Auditivo y Evitador Táctil;0;2;0;1;1;0;1;1.1;1;0.928;0.445;0.928;0
RPR-00402;SYN-008;2026-05-21;2026-05-21T20:00:00-04:00;;NORMAL;Reparador;9.2;Tranquilo/Alegre;Excelente;Óptimo (Regulado);False;Normal;regulado;False;Hipersensible Auditivo y Evitador Táctil;0;1;0;0;1;0;1;2.1;0;1.0;0.25;0.98;0
RPR-00403;SYN-008;2026-05-22;2026-05-22T20:00:00-04:00;;NORMAL;Reparador;9.0;Irritable/Llorando;Estable con Apoyo;Bajo (Letárgico);True;Normal;estable_con_apoyo|irritabilidad;False;Hipersensible Auditivo y Evitador Táctil;0;2;0;1;0;0;1;3.1;3;1.0;0.465;0.98;0
RPR-00404;SYN-008;2026-05-23;2026-05-23T20:00:00-04:00;;NORMAL;Reparador;8.9;Tranquilo/Alegre;Estable con Apoyo;Óptimo (Regulado);False;Normal;estable_con_apoyo;False;Hipersensible Auditivo y Evitador Táctil;0;1;0;1;0;0;1;4.1;0;1.0;0.27;0.98;0
RPR-00405;SYN-008;2026-05-24;2026-05-24T20:00:00-04:00;;NORMAL;Interrumpido;8.8;Tranquilo/Alegre;Estable con Apoyo;Óptimo (Regulado);False;Normal;estable_con_apoyo;False;Hipersensible Auditivo y Evitador Táctil;1;1;0;1;0;0;1;5.1;1;1.0;0.41;0.98;0
RPR-00406;SYN-008;2026-05-25;2026-05-25T20:00:00-04:00;;NORMAL;Reparador;8.7;Tranquilo/Alegre;Estable con Apoyo;Óptimo (Regulado);False;Normal;estable_con_apoyo;False;Hipersensible Auditivo y Evitador Táctil;1;0;0;0;0;0;1;6.1;0;1.0;0.215;0.98;0
RPR-00407;SYN-008;2026-05-26;2026-05-26T20:00:00-04:00;;NORMAL;Reparador;9.6;Irritable/Llorando;Desregulación Frecuente;Alto (Sobreexcitado);False;Normal;estable_con_apoyo|irritabilidad|mayor_actividad;False;Hipersensible Auditivo y Evitador Táctil;1;1;1;0;0;0;0;7.1;3;1.0;0.465;0.98;0
RPR-00408;SYN-008;2026-05-27;2026-05-27T20:00:00-04:00;;NORMAL;Reparador;8.9;Tranquilo/Alegre;Excelente;Bajo (Letárgico);False;Normal;regulado;False;Hipersensible Auditivo y Evitador Táctil;0;1;1;0;0;0;0;8.1;1;1.0;0.285;0.98;0
RPR-00409;SYN-008;2026-05-28;2026-05-28T20:00:00-04:00;;NORMAL;Reparador;8.9;Tranquilo/Alegre;Desregulación Frecuente;Bajo (Letárgico);False;Normal;estable_con_apoyo;False;Hipersensible Auditivo y Evitador Táctil;0;1;2;0;0;0;0;9.1;2;1.0;0.435;0.98;0
RPR-00410;SYN-008;2026-05-29;2026-05-29T20:00:00-04:00;;NORMAL;Reparador;9.3;Tranquilo/Alegre;Excelente;Óptimo (Regulado);False;Normal;regulado;False;Hipersensible Auditivo y Evitador Táctil;0;0;1;0;0;0;0;10.1;0;1.0;0.17;0.98;0
RPR-00411;SYN-008;2026-05-30;2026-05-30T20:00:00-04:00;;NORMAL;Reparador;8.7;Tranquilo/Alegre;Estable con Apoyo;Alto (Sobreexcitado);False;Normal;estable_con_apoyo|mayor_actividad;False;Hipersensible Auditivo y Evitador Táctil;0;0;1;0;0;0;0;11.1;1;1.0;0.21;0.98;0
RPR-00412;SYN-008;2026-05-31;2026-05-31T20:00:00-04:00;;NORMAL;Reparador;8.6;Tranquilo/Alegre;Estable con Apoyo;Bajo (Letárgico);False;Normal;estable_con_apoyo;False;Hipersensible Auditivo y Evitador Táctil;0;0;0;0;0;0;0;12.1;1;1.0;0.1;0.98;0
RPR-00413;SYN-008;2026-06-01;2026-06-01T20:00:00-04:00;;NORMAL;Reparador;8.3;Tranquilo/Alegre;Estable con Apoyo;Óptimo (Regulado);False;Normal;estable_con_apoyo;False;Hipersensible Auditivo y Evitador Táctil;0;0;0;0;0;0;0;13.1;0;1.0;0.06;0.98;0
RPR-00414;SYN-008;2026-06-02;2026-06-02T20:00:00-04:00;;NORMAL;Reparador;8.6;Irritable/Llorando;Estable con Apoyo;Óptimo (Regulado);True;Normal;estable_con_apoyo|irritabilidad;False;Hipersensible Auditivo y Evitador Táctil;0;1;0;1;0;0;0;14.1;2;1.0;0.295;0.98;0
RPR-00415;SYN-008;2026-06-03;2026-06-03T20:00:00-04:00;;NORMAL;Interrumpido;8.7;Cansado/Con Sueño;Estable con Apoyo;Óptimo (Regulado);False;Normal;estable_con_apoyo|cansancio;False;Hipersensible Auditivo y Evitador Táctil;1;2;0;1;0;0;0;15.1;2;1.0;0.47;0.98;0
RPR-00416;SYN-008;2026-06-04;2026-06-04T20:00:00-04:00;;NORMAL;Reparador;8.8;Tranquilo/Alegre;Estable con Apoyo;Alto (Sobreexcitado);False;Normal;estable_con_apoyo|mayor_actividad;False;Hipersensible Auditivo y Evitador Táctil;1;2;0;1;0;0;0;16.1;1;1.0;0.43;0.98;0
RPR-00417;SYN-008;2026-06-05;2026-06-05T20:00:00-04:00;;NORMAL;Reparador;8.5;Tranquilo/Alegre;Excelente;Óptimo (Regulado);False;Estreñimiento;regulado;False;Hipersensible Auditivo y Evitador Táctil;1;1;0;0;1;0;0;17.1;1;1.0;0.335;0.98;0
RPR-00418;SYN-008;2026-06-06;2026-06-06T20:00:00-04:00;;NORMAL;Interrumpido;9.2;Tranquilo/Alegre;Estable con Apoyo;Óptimo (Regulado);False;Normal;estable_con_apoyo;False;Hipersensible Auditivo y Evitador Táctil;1;0;0;0;1;0;0;18.1;1;1.0;0.26;0.98;0
RPR-00419;SYN-008;2026-06-07;2026-06-07T20:00:00-04:00;;NORMAL;Interrumpido;9.2;Tranquilo/Alegre;Excelente;Óptimo (Regulado);False;Estreñimiento;regulado;False;Hipersensible Auditivo y Evitador Táctil;2;0;0;0;2;0;0;19.1;2;1.0;0.46;0.98;0
RPR-00420;SYN-008;2026-06-08;2026-06-08T20:00:00-04:00;;NORMAL;Reparador;7.9;Tranquilo/Alegre;Estable con Apoyo;Óptimo (Regulado);False;Normal;estable_con_apoyo;False;Hipersensible Auditivo y Evitador Táctil;2;0;0;0;1;0;0;20.1;0;1.0;0.32;0.98;0
RPR-00421;SYN-008;2026-06-09;2026-06-09T20:00:00-04:00;SCN-015;SLEEP_ALTERED_NO_EVENT;Dificultad de Conciliación;7.5;Cansado/Con Sueño;Estable con Apoyo;Bajo (Letárgico);False;Normal;estable_con_apoyo|cansancio|mayor_actividad;False;Hipersensible Auditivo y Evitador Táctil;2;1;0;0;1;0;0;21.1;3;1.0;0.515;0.98;1
RPR-00422;SYN-008;2026-06-10;2026-06-10T20:00:00-04:00;SCN-015;SLEEP_ALTERED_NO_EVENT;Dificultad de Conciliación;7.2;Cansado/Con Sueño;Estable con Apoyo;Bajo (Letárgico);False;Normal;estable_con_apoyo|cansancio;False;Hipersensible Auditivo y Evitador Táctil;2;2;0;0;0;0;1;0.4;3;1.0;0.585;0.98;0
RPR-00423;SYN-008;2026-06-11;2026-06-11T20:00:00-04:00;SCN-015;SLEEP_ALTERED_NO_EVENT;Interrumpido;6.9;Cansado/Con Sueño;Estable con Apoyo;Bajo (Letárgico);False;Normal;estable_con_apoyo|cansancio;False;Hipersensible Auditivo y Evitador Táctil;3;3;0;0;0;0;1;1.4;3;1.0;0.76;0.98;0
RPR-00424;SYN-008;2026-06-12;2026-06-12T20:00:00-04:00;SCN-015;SLEEP_ALTERED_NO_EVENT;Interrumpido;6.4;Irritable/Llorando;Estable con Apoyo;Alto (Sobreexcitado);False;Normal;estable_con_apoyo|cansancio|irritabilidad;False;Hipersensible Auditivo y Evitador Táctil;3;3;0;0;0;0;1;2.4;3;1.0;0.76;0.98;0
RPR-00425;SYN-008;2026-06-13;2026-06-13T20:00:00-04:00;;NORMAL;Reparador;8.8;Cansado/Con Sueño;Estable con Apoyo;Alto (Sobreexcitado);False;Normal;estable_con_apoyo|cansancio|mayor_actividad;False;Hipersensible Auditivo y Evitador Táctil;2;3;0;0;0;0;1;3.4;2;1.0;0.62;0.98;0
RPR-00426;SYN-008;2026-06-14;2026-06-14T20:00:00-04:00;;NORMAL;Reparador;9.5;Tranquilo/Alegre;Excelente;Óptimo (Regulado);False;Normal;regulado;False;Hipersensible Auditivo y Evitador Táctil;1;2;0;0;0;0;1;4.4;0;1.0;0.365;0.98;0
RPR-00427;SYN-008;2026-06-15;2026-06-15T20:00:00-04:00;;NORMAL;Dificultad de Conciliación;9.8;Tranquilo/Alegre;Estable con Apoyo;Óptimo (Regulado);False;Normal;estable_con_apoyo;False;Hipersensible Auditivo y Evitador Táctil;1;1;0;0;0;0;1;5.4;1;1.0;0.33;0.98;0
RPR-00428;SYN-008;2026-06-16;2026-06-16T20:00:00-04:00;;NORMAL;Reparador;9.1;Tranquilo/Alegre;Excelente;Alto (Sobreexcitado);False;Normal;regulado|mayor_actividad;False;Hipersensible Auditivo y Evitador Táctil;1;0;0;0;0;0;1;6.4;1;1.0;0.255;0.98;0
RPR-00429;SYN-008;2026-06-17;2026-06-17T20:00:00-04:00;;NORMAL;Interrumpido;8.0;Tranquilo/Alegre;Estable con Apoyo;Bajo (Letárgico);False;Normal;estable_con_apoyo;False;Hipersensible Auditivo y Evitador Táctil;2;0;0;0;0;0;0;7.4;2;1.0;0.34;0.98;0
RPR-00430;SYN-008;2026-06-18;2026-06-18T20:00:00-04:00;;NORMAL;Reparador;8.7;Tranquilo/Alegre;Excelente;Óptimo (Regulado);False;Normal;regulado;False;Hipersensible Auditivo y Evitador Táctil;1;0;0;0;0;0;0;8.4;0;1.0;0.16;0.98;0
RPR-00431;SYN-008;2026-06-19;2026-06-19T20:00:00-04:00;;NORMAL;Reparador;8.5;Cansado/Con Sueño;Excelente;Óptimo (Regulado);False;Normal;regulado|cansancio;False;Hipersensible Auditivo y Evitador Táctil;1;1;0;0;0;0;0;9.4;1;1.0;0.275;0.98;0
RPR-00432;SYN-008;2026-06-20;2026-06-20T20:00:00-04:00;;NORMAL;Reparador;8.6;Tranquilo/Alegre;Estable con Apoyo;Óptimo (Regulado);False;Normal;estable_con_apoyo;False;Hipersensible Auditivo y Evitador Táctil;0;1;0;0;0;0;0;10.4;0;1.0;0.135;0.98;0
RPR-00433;SYN-008;2026-06-21;2026-06-21T20:00:00-04:00;;NORMAL;Reparador;9.2;Irritable/Llorando;Estable con Apoyo;Óptimo (Regulado);False;Normal;estable_con_apoyo|irritabilidad;False;Hipersensible Auditivo y Evitador Táctil;0;2;0;0;0;0;0;11.4;1;1.0;0.25;0.98;0
RPR-00434;SYN-008;2026-06-22;2026-06-22T20:00:00-04:00;;NORMAL;Interrumpido;9.5;Tranquilo/Alegre;Desregulación Frecuente;Óptimo (Regulado);False;;estable_con_apoyo;False;Hipersensible Auditivo y Evitador Táctil;1;1;1;0;0;0;0;12.4;2;0.928;0.425;0.928;0
RPR-00435;SYN-008;2026-06-23;2026-06-23T20:00:00-04:00;;NORMAL;Reparador;8.6;Tranquilo/Alegre;Estable con Apoyo;Alto (Sobreexcitado);False;Normal;estable_con_apoyo|mayor_actividad;False;Hipersensible Auditivo y Evitador Táctil;1;1;1;0;0;0;0;13.4;1;1.0;0.385;0.98;0
RPR-00436;SYN-008;2026-06-24;2026-06-24T20:00:00-04:00;;NORMAL;Reparador;9.6;Tranquilo/Alegre;Estable con Apoyo;Óptimo (Regulado);False;Normal;estable_con_apoyo;False;Hipersensible Auditivo y Evitador Táctil;1;0;1;0;0;0;0;14.4;0;1.0;0.27;0.98;0
RPR-00437;SYN-008;2026-06-25;2026-06-25T20:00:00-04:00;;NORMAL;Reparador;7.4;Tranquilo/Alegre;Excelente;Óptimo (Regulado);False;Normal;regulado;False;Hipersensible Auditivo y Evitador Táctil;0;0;0;0;0;0;0;15.4;0;1.0;0.06;0.98;0
RPR-00438;SYN-008;2026-06-26;2026-06-26T20:00:00-04:00;;NORMAL;Reparador;8.6;Tranquilo/Alegre;Estable con Apoyo;Óptimo (Regulado);False;Normal;estable_con_apoyo;False;Hipersensible Auditivo y Evitador Táctil;0;0;0;0;0;0;0;16.4;0;1.0;0.06;0.98;0
RPR-00439;SYN-008;2026-06-27;2026-06-27T20:00:00-04:00;;NORMAL;Reparador;8.8;Tranquilo/Alegre;Estable con Apoyo;Óptimo (Regulado);False;Normal;estable_con_apoyo;False;Hipersensible Auditivo y Evitador Táctil;0;0;0;0;0;0;0;17.4;0;1.0;0.06;0.98;0
RPR-00440;SYN-008;2026-06-28;2026-06-28T20:00:00-04:00;;NORMAL;Reparador;9.0;Tranquilo/Alegre;Estable con Apoyo;Alto (Sobreexcitado);False;Normal;estable_con_apoyo|mayor_actividad;False;Hipersensible Auditivo y Evitador Táctil;0;0;0;0;0;0;0;18.4;1;1.0;0.1;0.98;0
RPR-00441;SYN-009;2026-05-05;2026-05-05T20:00:00-04:00;SCN-016;INCOMPLETE_NO_EVENT;Interrumpido;;Tranquilo/Alegre;Estable con Apoyo;;False;Normal;estable_con_apoyo;False;Hiporreactivo Propioceptivo y Visual;1;1;0;0;0;0;0;;1;0.631;0.275;0.521;0
RPR-00442;SYN-009;2026-05-06;2026-05-06T20:00:00-04:00;;INCOMPLETE;;;;;;;;;;Hiporreactivo Propioceptivo y Visual;1;0;0;0;0;0;0;;0;0.125;0.16;0.15;0
RPR-00443;SYN-009;2026-05-07;2026-05-07T20:00:00-04:00;SCN-016;INCOMPLETE_NO_EVENT;Interrumpido;;Irritable/Llorando;Estable con Apoyo;Óptimo (Regulado);False;Normal;estable_con_apoyo|irritabilidad;;Hiporreactivo Propioceptivo y Visual;2;1;0;0;0;0;0;;2;0.656;0.415;0.564;0
RPR-00444;SYN-009;2026-05-08;2026-05-08T20:00:00-04:00;SCN-016;INCOMPLETE_NO_EVENT;Interrumpido;9.1;Irritable/Llorando;Estable con Apoyo;Óptimo (Regulado);;Normal;;False;Hiporreactivo Propioceptivo y Visual;2;2;0;0;0;0;0;;2;0.681;0.49;0.609;0
RPR-00445;SYN-009;2026-05-09;2026-05-09T20:00:00-04:00;;NORMAL;Interrumpido;8.5;Cansado/Con Sueño;Estable con Apoyo;Óptimo (Regulado);False;Normal;estable_con_apoyo|cansancio;False;Hiporreactivo Propioceptivo y Visual;3;3;0;0;0;0;0;;2;0.85;0.665;0.79;0
RPR-00446;SYN-009;2026-05-10;2026-05-10T20:00:00-04:00;;NORMAL;Reparador;8.5;Tranquilo/Alegre;Estable con Apoyo;Óptimo (Regulado);False;Normal;estable_con_apoyo;False;Hiporreactivo Propioceptivo y Visual;2;2;0;0;0;0;0;;0;0.875;0.41;0.844;0
RPR-00447;SYN-009;2026-05-11;2026-05-11T20:00:00-04:00;;NORMAL;Reparador;8.3;Tranquilo/Alegre;Estable con Apoyo;Óptimo (Regulado);False;Diarrea;estable_con_apoyo;False;Hiporreactivo Propioceptivo y Visual;1;1;0;0;1;0;0;;1;0.9;0.335;0.9;0
RPR-00448;SYN-009;2026-05-12;2026-05-12T20:00:00-04:00;;NORMAL;Reparador;9.5;Tranquilo/Alegre;Estable con Apoyo;Óptimo (Regulado);False;Normal;estable_con_apoyo;False;Hiporreactivo Propioceptivo y Visual;0;0;0;0;1;0;0;;0;0.925;0.12;0.925;0
RPR-00449;SYN-009;2026-05-13;2026-05-13T20:00:00-04:00;;NORMAL;Reparador;8.6;Tranquilo/Alegre;Estable con Apoyo;Bajo (Letárgico);False;Normal;estable_con_apoyo;False;Hiporreactivo Propioceptivo y Visual;0;0;0;0;1;0;0;;1;0.95;0.16;0.95;0
RPR-00450;SYN-009;2026-05-14;2026-05-14T20:00:00-04:00;;NORMAL;Interrumpido;8.1;Tranquilo/Alegre;Excelente;;False;Normal;regulado;False;Hiporreactivo Propioceptivo y Visual;1;0;0;0;0;0;0;;1;0.903;0.2;0.903;0
RPR-00451;SYN-009;2026-05-15;2026-05-15T20:00:00-04:00;;NORMAL;Dificultad de Conciliación;8.3;Tranquilo/Alegre;Estable con Apoyo;Óptimo (Regulado);False;Normal;estable_con_apoyo;False;Hiporreactivo Propioceptivo y Visual;2;0;0;0;0;0;0;;1;0.975;0.3;0.975;0
RPR-00452;SYN-009;2026-05-16;2026-05-16T20:00:00-04:00;;INCOMPLETE;;;;;;;;;;Hiporreactivo Propioceptivo y Visual;2;0;0;0;0;0;0;;0;0.3;0.26;0.3;0
RPR-00453;SYN-009;2026-05-17;2026-05-17T20:00:00-04:00;;NORMAL;Reparador;9.1;Tranquilo/Alegre;Estable con Apoyo;Óptimo (Regulado);False;Normal;estable_con_apoyo;False;Hiporreactivo Propioceptivo y Visual;1;0;0;0;0;0;0;;0;0.95;0.16;0.95;0
RPR-00454;SYN-009;2026-05-18;2026-05-18T20:00:00-04:00;;NORMAL;Reparador;9.0;Tranquilo/Alegre;Excelente;Óptimo (Regulado);False;Normal;regulado;False;Hiporreactivo Propioceptivo y Visual;0;0;0;0;0;0;0;;0;0.95;0.06;0.95;0
RPR-00455;SYN-009;2026-05-19;2026-05-19T20:00:00-04:00;;NORMAL;Reparador;9.4;Tranquilo/Alegre;Estable con Apoyo;Óptimo (Regulado);False;Normal;estable_con_apoyo;False;Hiporreactivo Propioceptivo y Visual;0;0;0;0;0;0;0;;0;0.95;0.06;0.95;0
RPR-00456;SYN-009;2026-05-20;2026-05-20T20:00:00-04:00;;NORMAL;Reparador;8.5;Irritable/Llorando;Excelente;Óptimo (Regulado);False;Normal;regulado|irritabilidad;False;Hiporreactivo Propioceptivo y Visual;0;1;0;0;0;0;0;;1;0.975;0.175;0.975;0
RPR-00457;SYN-009;2026-05-21;2026-05-21T20:00:00-04:00;;NORMAL;Interrumpido;8.4;Irritable/Llorando;Excelente;Óptimo (Regulado);False;Normal;regulado|irritabilidad;False;Hiporreactivo Propioceptivo y Visual;1;2;0;0;0;0;0;;2;0.975;0.39;0.975;0
RPR-00458;SYN-009;2026-05-22;2026-05-22T20:00:00-04:00;;NORMAL;Reparador;8.5;Tranquilo/Alegre;Estable con Apoyo;Óptimo (Regulado);False;Normal;estable_con_apoyo;False;Hiporreactivo Propioceptivo y Visual;1;2;0;0;0;0;0;;0;0.975;0.31;0.975;0
RPR-00459;SYN-009;2026-05-23;2026-05-23T20:00:00-04:00;;NORMAL;Reparador;9.5;Tranquilo/Alegre;Excelente;Bajo (Letárgico);False;Estreñimiento;regulado;False;Hiporreactivo Propioceptivo y Visual;1;1;0;0;1;0;0;;2;0.975;0.375;0.975;0
RPR-00460;SYN-009;2026-05-24;2026-05-24T20:00:00-04:00;;NORMAL;Reparador;8.3;Tranquilo/Alegre;Estable con Apoyo;Bajo (Letárgico);False;Normal;estable_con_apoyo;False;Hiporreactivo Propioceptivo y Visual;0;0;0;0;1;0;0;;1;0.975;0.16;0.975;0
RPR-00461;SYN-009;2026-05-25;2026-05-25T20:00:00-04:00;;NORMAL;Reparador;8.1;Tranquilo/Alegre;Desregulación Frecuente;Óptimo (Regulado);False;Normal;estable_con_apoyo;False;Hiporreactivo Propioceptivo y Visual;0;0;1;0;1;0;0;;1;0.975;0.27;0.975;0
RPR-00462;SYN-009;2026-05-26;2026-05-26T20:00:00-04:00;;NORMAL;Reparador;9.6;Tranquilo/Alegre;Excelente;Óptimo (Regulado);False;Normal;regulado;False;Hiporreactivo Propioceptivo y Visual;0;0;1;0;0;0;0;;0;0.975;0.17;0.975;0
RPR-00463;SYN-009;2026-05-27;2026-05-27T20:00:00-04:00;;NORMAL;Reparador;8.5;Irritable/Llorando;Excelente;Bajo (Letárgico);False;Normal;regulado|irritabilidad;False;Hiporreactivo Propioceptivo y Visual;0;1;1;0;0;0;0;;2;0.975;0.325;0.975;0
RPR-00464;SYN-009;2026-05-28;2026-05-28T20:00:00-04:00;SCN-017;GRADUAL_DETERIORATION_WITH_EVENT;Interrumpido;8.9;Irritable/Llorando;Excelente;Bajo (Letárgico);False;Estreñimiento;regulado|irritabilidad;False;Hiporreactivo Propioceptivo y Visual;1;2;0;0;1;0;0;;4;0.975;0.65;0.975;0
RPR-00465;SYN-009;2026-05-29;2026-05-29T20:00:00-04:00;SCN-017;GRADUAL_DETERIORATION_WITH_EVENT;Interrumpido;6.7;Tranquilo/Alegre;Excelente;Óptimo (Regulado);False;Normal;regulado;False;Hiporreactivo Propioceptivo y Visual;2;2;0;0;1;0;0;;1;0.975;0.51;0.975;0
RPR-00466;SYN-009;2026-05-30;2026-05-30T20:00:00-04:00;SCN-017;GRADUAL_DETERIORATION_WITH_EVENT;Interrumpido;6.9;Cansado/Con Sueño;Excelente;Bajo (Letárgico);False;Normal;regulado|irritabilidad|cansancio;False;Hiporreactivo Propioceptivo y Visual;3;2;0;0;1;0;0;;3;1.0;0.69;0.98;0
RPR-00467;SYN-009;2026-05-31;2026-05-31T20:00:00-04:00;SCN-017;GRADUAL_DETERIORATION_WITH_EVENT;Interrumpido;7.2;Irritable/Llorando;Estable con Apoyo;Bajo (Letárgico);False;Normal;estable_con_apoyo|cansancio|irritabilidad|menor_tolerancia_frustracion;False;Hiporreactivo Propioceptivo y Visual;3;2;0;0;0;0;0;;3;1.0;0.63;0.98;0
RPR-00468;SYN-009;2026-06-01;2026-06-01T20:00:00-04:00;SCN-017;GRADUAL_DETERIORATION_WITH_EVENT;Interrumpido;7.1;Irritable/Llorando;Desregulación Frecuente;Alto (Sobreexcitado);False;Normal;estable_con_apoyo|cansancio|irritabilidad|menor_tolerancia_frustracion|mayor_actividad;False;Hiporreactivo Propioceptivo y Visual;3;3;1;0;0;0;0;;4;1.0;0.94;0.98;1
RPR-00469;SYN-009;2026-06-02;2026-06-02T20:00:00-04:00;;NORMAL;Interrumpido;8.5;Cansado/Con Sueño;Excelente;Óptimo (Regulado);False;Normal;regulado|cansancio;False;Hiporreactivo Propioceptivo y Visual;3;3;1;0;0;0;1;0.4;2;1.0;0.83;0.98;0
RPR-00470;SYN-009;2026-06-03;2026-06-03T20:00:00-04:00;;NORMAL;Reparador;8.3;Tranquilo/Alegre;Estable con Apoyo;Óptimo (Regulado);False;Diarrea;estable_con_apoyo;False;Hiporreactivo Propioceptivo y Visual;2;2;1;0;1;0;1;1.4;1;1.0;0.675;0.98;0
RPR-00471;SYN-009;2026-06-04;2026-06-04T20:00:00-04:00;;NORMAL;Reparador;8.2;Tranquilo/Alegre;Estable con Apoyo;Alto (Sobreexcitado);False;Normal;estable_con_apoyo|mayor_actividad;False;Hiporreactivo Propioceptivo y Visual;1;1;0;0;1;0;1;2.4;1;1.0;0.39;0.98;0
RPR-00472;SYN-009;2026-06-05;2026-06-05T20:00:00-04:00;;NORMAL;Reparador;8.8;Tranquilo/Alegre;Excelente;Óptimo (Regulado);False;Normal;regulado;False;Hiporreactivo Propioceptivo y Visual;0;0;0;0;1;0;1;3.4;0;1.0;0.175;0.98;0
RPR-00473;SYN-009;2026-06-06;2026-06-06T20:00:00-04:00;;NORMAL;Reparador;8.1;Tranquilo/Alegre;Desregulación Frecuente;Óptimo (Regulado);False;Normal;estable_con_apoyo;False;Hiporreactivo Propioceptivo y Visual;0;0;1;0;0;0;1;4.4;1;1.0;0.265;0.98;0
RPR-00474;SYN-009;2026-06-07;2026-06-07T20:00:00-04:00;;NORMAL;Dificultad de Conciliación;8.5;Tranquilo/Alegre;Excelente;Óptimo (Regulado);False;Normal;regulado;False;Hiporreactivo Propioceptivo y Visual;1;0;1;0;0;0;1;5.4;1;1.0;0.365;0.98;0
RPR-00475;SYN-009;2026-06-08;2026-06-08T20:00:00-04:00;;NORMAL;Reparador;8.3;Tranquilo/Alegre;Excelente;Óptimo (Regulado);False;Normal;regulado;False;Hiporreactivo Propioceptivo y Visual;1;0;1;0;0;0;1;6.4;0;1.0;0.325;0.98;0
RPR-00476;SYN-009;2026-06-09;2026-06-09T20:00:00-04:00;;NORMAL;Reparador;7.7;Cansado/Con Sueño;Excelente;Óptimo (Regulado);False;Normal;regulado|cansancio;False;Hiporreactivo Propioceptivo y Visual;1;1;0;0;0;0;0;7.4;1;1.0;0.275;0.98;0
RPR-00477;SYN-009;2026-06-10;2026-06-10T20:00:00-04:00;;NORMAL;Reparador;8.9;Tranquilo/Alegre;Excelente;Óptimo (Regulado);False;Normal;regulado;False;Hiporreactivo Propioceptivo y Visual;0;1;0;0;0;0;0;8.4;0;1.0;0.135;0.98;0
RPR-00478;SYN-009;2026-06-11;2026-06-11T20:00:00-04:00;;NORMAL;Interrumpido;8.4;Tranquilo/Alegre;Estable con Apoyo;Óptimo (Regulado);False;Normal;estable_con_apoyo;False;Hiporreactivo Propioceptivo y Visual;1;1;0;0;0;0;0;9.4;1;1.0;0.275;0.98;0
RPR-00479;SYN-009;2026-06-12;2026-06-12T20:00:00-04:00;;NORMAL;Reparador;9.0;Tranquilo/Alegre;Estable con Apoyo;Alto (Sobreexcitado);False;Normal;estable_con_apoyo|mayor_actividad;False;Hiporreactivo Propioceptivo y Visual;1;0;0;0;0;0;0;10.4;1;1.0;0.2;0.98;0
RPR-00480;SYN-009;2026-06-13;2026-06-13T20:00:00-04:00;;NORMAL;Dificultad de Conciliación;7.9;Tranquilo/Alegre;Estable con Apoyo;Óptimo (Regulado);True;Normal;estable_con_apoyo;False;Hiporreactivo Propioceptivo y Visual;2;0;0;1;0;0;0;11.4;2;1.0;0.5;0.98;0
RPR-00481;SYN-009;2026-06-14;2026-06-14T20:00:00-04:00;;NORMAL;Reparador;8.7;Tranquilo/Alegre;Estable con Apoyo;Óptimo (Regulado);False;Normal;estable_con_apoyo|respuesta_a_evento_excepcional;True;Hiporreactivo Propioceptivo y Visual;1;0;0;1;0;1;0;12.4;1;1.0;0.38;0.98;0
RPR-00482;SYN-009;2026-06-15;2026-06-15T20:00:00-04:00;;NORMAL;Reparador;8.4;Tranquilo/Alegre;Desregulación Frecuente;Óptimo (Regulado);False;Normal;estable_con_apoyo;False;Hiporreactivo Propioceptivo y Visual;1;0;1;1;0;1;0;13.4;1;1.0;0.49;0.98;0
RPR-00483;SYN-009;2026-06-16;2026-06-16T20:00:00-04:00;;NORMAL;Interrumpido;8.5;Cansado/Con Sueño;Estable con Apoyo;Bajo (Letárgico);False;Normal;estable_con_apoyo|cansancio;False;Hiporreactivo Propioceptivo y Visual;1;1;1;0;0;1;0;14.4;3;1.0;0.565;0.98;0
RPR-00484;SYN-009;2026-06-17;2026-06-17T20:00:00-04:00;;NORMAL;Reparador;9.0;Cansado/Con Sueño;Excelente;Óptimo (Regulado);False;Normal;regulado|cansancio;False;Hiporreactivo Propioceptivo y Visual;1;2;1;0;0;0;0;15.4;1;1.0;0.46;0.98;0
RPR-00485;SYN-009;2026-06-18;2026-06-18T20:00:00-04:00;;NORMAL;Interrumpido;8.5;Tranquilo/Alegre;Estable con Apoyo;Bajo (Letárgico);False;Normal;estable_con_apoyo;False;Hiporreactivo Propioceptivo y Visual;2;2;0;0;0;0;0;16.4;2;1.0;0.49;0.98;0
RPR-00486;SYN-009;2026-06-19;2026-06-19T20:00:00-04:00;;NORMAL;Reparador;7.6;Irritable/Llorando;Excelente;Óptimo (Regulado);False;Estreñimiento;regulado|irritabilidad;False;Hiporreactivo Propioceptivo y Visual;1;2;0;0;1;0;0;17.4;2;1.0;0.45;0.98;0
RPR-00487;SYN-009;2026-06-20;2026-06-20T20:00:00-04:00;;NORMAL;Reparador;8.9;Tranquilo/Alegre;Excelente;Alto (Sobreexcitado);False;Normal;regulado|mayor_actividad;False;Hiporreactivo Propioceptivo y Visual;1;1;0;0;1;0;0;18.4;1;1.0;0.335;0.98;0
RPR-00488;SYN-009;2026-06-21;2026-06-21T20:00:00-04:00;;NORMAL;Reparador;8.8;Irritable/Llorando;Excelente;Alto (Sobreexcitado);False;;regulado|irritabilidad|mayor_actividad;False;Hiporreactivo Propioceptivo y Visual;0;2;0;0;1;0;0;19.4;2;0.928;0.35;0.928;0
RPR-00489;SYN-009;2026-06-22;2026-06-22T20:00:00-04:00;;NORMAL;Reparador;8.6;Tranquilo/Alegre;Excelente;Bajo (Letárgico);False;Normal;regulado;False;Hiporreactivo Propioceptivo y Visual;0;1;0;0;0;0;0;20.4;1;1.0;0.175;0.98;0
RPR-00490;SYN-009;2026-06-23;2026-06-23T20:00:00-04:00;;NORMAL;Dificultad de Conciliación;8.8;Tranquilo/Alegre;Estable con Apoyo;Óptimo (Regulado);False;Normal;estable_con_apoyo;False;Hiporreactivo Propioceptivo y Visual;1;1;0;0;0;0;0;21.4;1;1.0;0.275;0.98;0
RPR-00491;SYN-009;2026-06-24;2026-06-24T20:00:00-04:00;;NORMAL;Reparador;9.1;Tranquilo/Alegre;Estable con Apoyo;Alto (Sobreexcitado);False;Normal;estable_con_apoyo|mayor_actividad;False;Hiporreactivo Propioceptivo y Visual;1;0;0;0;0;0;0;22.4;1;1.0;0.2;0.98;0
RPR-00492;SYN-009;2026-06-25;2026-06-25T20:00:00-04:00;;NORMAL;Reparador;9.5;Irritable/Llorando;Estable con Apoyo;Óptimo (Regulado);False;Normal;estable_con_apoyo|irritabilidad;False;Hiporreactivo Propioceptivo y Visual;1;1;0;0;0;0;0;23.4;1;1.0;0.275;0.98;0
RPR-00493;SYN-009;2026-06-26;2026-06-26T20:00:00-04:00;;NORMAL;Reparador;7.6;Tranquilo/Alegre;Excelente;Óptimo (Regulado);False;Normal;regulado;False;Hiporreactivo Propioceptivo y Visual;0;1;0;0;0;0;0;24.4;0;1.0;0.135;0.98;0
RPR-00494;SYN-009;2026-06-27;2026-06-27T20:00:00-04:00;;NORMAL;Reparador;8.2;Tranquilo/Alegre;Excelente;Óptimo (Regulado);False;Normal;regulado;False;Hiporreactivo Propioceptivo y Visual;0;1;0;0;0;0;0;25.4;0;1.0;0.135;0.98;0
RPR-00495;SYN-009;2026-06-28;2026-06-28T20:00:00-04:00;;NORMAL;Reparador;8.5;Tranquilo/Alegre;Excelente;Óptimo (Regulado);False;Normal;regulado;False;Hiporreactivo Propioceptivo y Visual;0;0;0;0;0;0;0;26.4;0;1.0;0.06;0.98;0
RPR-00496;SYN-010;2026-05-05;2026-05-05T20:00:00-04:00;;NORMAL;Dificultad de Conciliación;9.9;Tranquilo/Alegre;Excelente;Óptimo (Regulado);False;Normal;regulado;False;Hipersensible Gustativo y Olfativo;2;0;0;1;0;0;0;;1;0.75;0.46;0.593;0
RPR-00497;SYN-010;2026-05-06;2026-05-06T20:00:00-04:00;;NORMAL;Reparador;10.0;Tranquilo/Alegre;Desregulación Frecuente;Óptimo (Regulado);False;Normal;estable_con_apoyo;False;Hipersensible Gustativo y Olfativo;2;0;1;0;0;0;0;;1;0.775;0.41;0.639;0
RPR-00498;SYN-010;2026-05-07;2026-05-07T20:00:00-04:00;;NORMAL;Reparador;8.7;Tranquilo/Alegre;Estable con Apoyo;Alto (Sobreexcitado);False;Normal;estable_con_apoyo|mayor_actividad;False;Hipersensible Gustativo y Olfativo;1;0;1;0;0;0;0;;1;0.8;0.31;0.688;0
RPR-00499;SYN-010;2026-05-08;2026-05-08T20:00:00-04:00;;NORMAL;Reparador;10.8;Tranquilo/Alegre;Estable con Apoyo;Óptimo (Regulado);False;Normal;estable_con_apoyo;False;Hipersensible Gustativo y Olfativo;0;0;1;0;0;0;0;;0;0.825;0.17;0.738;0
RPR-00500;SYN-010;2026-05-09;2026-05-09T20:00:00-04:00;;NORMAL;Interrumpido;9.6;Tranquilo/Alegre;Estable con Apoyo;Óptimo (Regulado);False;Normal;estable_con_apoyo;False;Hipersensible Gustativo y Olfativo;1;0;0;0;0;0;0;;1;0.85;0.2;0.79;0
RPR-00501;SYN-010;2026-05-10;2026-05-10T20:00:00-04:00;;NORMAL;Reparador;9.6;Tranquilo/Alegre;Excelente;Óptimo (Regulado);False;Normal;regulado;False;Hipersensible Gustativo y Olfativo;1;0;0;0;0;0;0;;0;0.875;0.16;0.844;0
RPR-00502;SYN-010;2026-05-11;2026-05-11T20:00:00-04:00;;NORMAL;Interrumpido;10.0;Tranquilo/Alegre;Excelente;Óptimo (Regulado);False;Normal;regulado;False;Hipersensible Gustativo y Olfativo;2;0;0;0;0;0;0;;1;0.9;0.3;0.9;0
RPR-00503;SYN-010;2026-05-12;2026-05-12T20:00:00-04:00;;NORMAL;Interrumpido;9.1;Tranquilo/Alegre;Excelente;Alto (Sobreexcitado);False;Normal;regulado|mayor_actividad|respuesta_a_evento_excepcional;True;Hipersensible Gustativo y Olfativo;2;0;0;0;0;1;0;;3;0.925;0.48;0.925;0
RPR-00504;SYN-010;2026-05-13;2026-05-13T20:00:00-04:00;;NORMAL;Reparador;9.3;Tranquilo/Alegre;Estable con Apoyo;Óptimo (Regulado);False;Normal;estable_con_apoyo;False;Hipersensible Gustativo y Olfativo;2;0;0;0;0;1;0;;0;0.95;0.36;0.95;0
RPR-00505;SYN-010;2026-05-14;2026-05-14T20:00:00-04:00;;NORMAL;Reparador;9.5;Tranquilo/Alegre;Excelente;Óptimo (Regulado);False;Normal;regulado;False;Hipersensible Gustativo y Olfativo;1;0;0;0;0;1;0;;0;0.975;0.26;0.975;0
RPR-00506;SYN-010;2026-05-15;2026-05-15T20:00:00-04:00;;NORMAL;Reparador;9.1;Tranquilo/Alegre;Excelente;Bajo (Letárgico);False;Normal;regulado;False;Hipersensible Gustativo y Olfativo;0;0;0;0;0;0;0;;1;1.0;0.1;0.98;0
RPR-00507;SYN-010;2026-05-16;2026-05-16T20:00:00-04:00;;NORMAL;Reparador;8.3;Cansado/Con Sueño;Estable con Apoyo;Óptimo (Regulado);False;Normal;estable_con_apoyo|cansancio;False;Hipersensible Gustativo y Olfativo;0;1;0;0;0;0;0;;1;1.0;0.175;0.98;0
RPR-00508;SYN-010;2026-05-17;2026-05-17T20:00:00-04:00;;NORMAL;Interrumpido;9.2;Cansado/Con Sueño;Desregulación Frecuente;Alto (Sobreexcitado);True;Normal;estable_con_apoyo|cansancio|mayor_actividad;False;Hipersensible Gustativo y Olfativo;1;2;1;1;0;0;0;;5;1.0;0.82;0.98;0
RPR-00509;SYN-010;2026-05-18;2026-05-18T20:00:00-04:00;;NORMAL;Reparador;9.1;Tranquilo/Alegre;Desregulación Frecuente;Óptimo (Regulado);False;Normal;estable_con_apoyo|respuesta_a_evento_excepcional;True;Hipersensible Gustativo y Olfativo;1;2;2;1;0;1;0;;2;1.0;0.79;0.98;0
RPR-00510;SYN-010;2026-05-19;2026-05-19T20:00:00-04:00;;NORMAL;Reparador;9.9;Irritable/Llorando;Estable con Apoyo;Óptimo (Regulado);False;Normal;estable_con_apoyo|irritabilidad;False;Hipersensible Gustativo y Olfativo;1;2;2;1;0;1;0;;1;1.0;0.75;0.98;0
RPR-00511;SYN-010;2026-05-20;2026-05-20T20:00:00-04:00;;NORMAL;Reparador;10.1;Tranquilo/Alegre;Estable con Apoyo;Bajo (Letárgico);False;Normal;estable_con_apoyo;False;Hipersensible Gustativo y Olfativo;0;1;1;0;0;1;0;;1;1.0;0.385;0.98;0
RPR-00512;SYN-010;2026-05-21;2026-05-21T20:00:00-04:00;;NORMAL;Reparador;8.6;Tranquilo/Alegre;Excelente;Óptimo (Regulado);False;Normal;regulado;False;Hipersensible Gustativo y Olfativo;0;1;0;0;0;0;0;;0;1.0;0.135;0.98;0
RPR-00513;SYN-010;2026-05-22;2026-05-22T20:00:00-04:00;SCN-018;SLEEP_ALTERED_WITH_EVENT;Dificultad de Conciliación;7.9;Cansado/Con Sueño;Estable con Apoyo;Bajo (Letárgico);False;Estreñimiento;estable_con_apoyo|cansancio;False;Hipersensible Gustativo y Olfativo;1;1;0;0;1;0;0;;4;1.0;0.575;0.98;0
RPR-00514;SYN-010;2026-05-23;2026-05-23T20:00:00-04:00;SCN-018;SLEEP_ALTERED_WITH_EVENT;Dificultad de Conciliación;7.7;Cansado/Con Sueño;Estable con Apoyo;Bajo (Letárgico);False;Normal;regulado|irritabilidad|cansancio;False;Hipersensible Gustativo y Olfativo;2;2;0;0;1;0;0;;3;1.0;0.59;0.98;0
RPR-00515;SYN-010;2026-05-24;2026-05-24T20:00:00-04:00;SCN-018;SLEEP_ALTERED_WITH_EVENT;Interrumpido;7.4;Cansado/Con Sueño;Estable con Apoyo;Bajo (Letárgico);False;Normal;estable_con_apoyo|mayor_actividad|cansancio;False;Hipersensible Gustativo y Olfativo;3;3;0;0;1;0;0;;3;1.0;0.765;0.98;0
RPR-00516;SYN-010;2026-05-25;2026-05-25T20:00:00-04:00;;INCOMPLETE;;;;;;;;;;Hipersensible Gustativo y Olfativo;2;2;0;0;0;0;0;;0;0.325;0.41;0.325;1
RPR-00517;SYN-010;2026-05-26;2026-05-26T20:00:00-04:00;;NORMAL;Reparador;8.7;Cansado/Con Sueño;Estable con Apoyo;Óptimo (Regulado);False;;estable_con_apoyo|cansancio;False;Hipersensible Gustativo y Olfativo;1;2;0;0;0;0;1;0.2;1;0.903;0.405;0.903;0
RPR-00518;SYN-010;2026-05-27;2026-05-27T20:00:00-04:00;;NORMAL;Interrumpido;9.1;Tranquilo/Alegre;Estable con Apoyo;Óptimo (Regulado);False;Normal;estable_con_apoyo;False;Hipersensible Gustativo y Olfativo;1;1;0;0;0;0;1;1.2;1;0.975;0.33;0.975;0
RPR-00519;SYN-010;2026-05-28;2026-05-28T20:00:00-04:00;;NORMAL;Reparador;10.2;Tranquilo/Alegre;Estable con Apoyo;Óptimo (Regulado);False;Normal;estable_con_apoyo;False;Hipersensible Gustativo y Olfativo;1;1;0;0;0;0;1;2.2;0;0.975;0.29;0.975;0
RPR-00520;SYN-010;2026-05-29;2026-05-29T20:00:00-04:00;;NORMAL;Reparador;9.1;Tranquilo/Alegre;Excelente;Óptimo (Regulado);False;Normal;regulado;False;Hipersensible Gustativo y Olfativo;1;0;0;0;0;0;1;3.2;0;0.975;0.215;0.975;0
RPR-00521;SYN-010;2026-05-30;2026-05-30T20:00:00-04:00;;NORMAL;Reparador;8.6;Tranquilo/Alegre;Estable con Apoyo;Bajo (Letárgico);False;Normal;estable_con_apoyo;False;Hipersensible Gustativo y Olfativo;0;0;0;0;0;0;1;4.2;1;0.975;0.155;0.975;0
RPR-00522;SYN-010;2026-05-31;2026-05-31T20:00:00-04:00;;NORMAL;Reparador;9.3;Tranquilo/Alegre;Excelente;Óptimo (Regulado);False;Normal;regulado;False;Hipersensible Gustativo y Olfativo;0;0;0;0;0;0;1;5.2;0;0.975;0.115;0.975;0
RPR-00523;SYN-010;2026-06-01;2026-06-01T20:00:00-04:00;;NORMAL;Reparador;8.7;Tranquilo/Alegre;Excelente;Óptimo (Regulado);False;Normal;regulado;False;Hipersensible Gustativo y Olfativo;0;0;0;0;0;0;1;6.2;0;0.975;0.115;0.975;1
RPR-00524;SYN-010;2026-06-02;2026-06-02T20:00:00-04:00;;NORMAL;Reparador;9.7;Cansado/Con Sueño;Estable con Apoyo;Bajo (Letárgico);False;Normal;estable_con_apoyo|cansancio;False;Hipersensible Gustativo y Olfativo;0;1;0;0;0;0;1;0.1;2;0.975;0.27;0.975;0
RPR-00525;SYN-010;2026-06-03;2026-06-03T20:00:00-04:00;;NORMAL;Reparador;9.8;Tranquilo/Alegre;Estable con Apoyo;Bajo (Letárgico);False;Normal;estable_con_apoyo;False;Hipersensible Gustativo y Olfativo;0;1;0;0;0;0;1;1.1;1;0.975;0.23;0.975;0
RPR-00526;SYN-010;2026-06-04;2026-06-04T20:00:00-04:00;;NORMAL;Reparador;9.6;Cansado/Con Sueño;Estable con Apoyo;Óptimo (Regulado);False;;estable_con_apoyo|cansancio;False;Hipersensible Gustativo y Olfativo;0;2;0;0;0;0;1;2.1;1;0.903;0.305;0.903;0
RPR-00527;SYN-010;2026-06-05;2026-06-05T20:00:00-04:00;;NORMAL;Interrumpido;9.2;Tranquilo/Alegre;Estable con Apoyo;Óptimo (Regulado);False;Normal;estable_con_apoyo;False;Hipersensible Gustativo y Olfativo;1;1;0;0;0;0;1;3.1;1;0.975;0.33;0.975;0
RPR-00528;SYN-010;2026-06-06;2026-06-06T20:00:00-04:00;;NORMAL;Reparador;10.2;Cansado/Con Sueño;Estable con Apoyo;Bajo (Letárgico);False;Estreñimiento;estable_con_apoyo|cansancio;False;Hipersensible Gustativo y Olfativo;1;2;0;0;1;0;1;4.1;3;0.975;0.545;0.975;0
RPR-00529;SYN-010;2026-06-07;2026-06-07T20:00:00-04:00;;NORMAL;Reparador;9.9;Cansado/Con Sueño;Estable con Apoyo;Bajo (Letárgico);False;Normal;estable_con_apoyo|cansancio;False;Hipersensible Gustativo y Olfativo;1;2;0;0;1;0;1;5.1;2;0.975;0.505;0.975;0
RPR-00530;SYN-010;2026-06-08;2026-06-08T20:00:00-04:00;;NORMAL;Reparador;9.1;Irritable/Llorando;Estable con Apoyo;Óptimo (Regulado);False;Normal;estable_con_apoyo|irritabilidad;False;Hipersensible Gustativo y Olfativo;0;3;0;0;1;0;1;6.1;1;1.0;0.44;0.98;0
RPR-00531;SYN-010;2026-06-09;2026-06-09T20:00:00-04:00;;NORMAL;Reparador;9.4;Irritable/Llorando;Estable con Apoyo;Óptimo (Regulado);False;Normal;estable_con_apoyo|irritabilidad;False;Hipersensible Gustativo y Olfativo;0;3;0;0;0;0;0;7.1;1;1.0;0.325;0.98;0
RPR-00532;SYN-010;2026-06-10;2026-06-10T20:00:00-04:00;;NORMAL;Reparador;9.3;Tranquilo/Alegre;Estable con Apoyo;Alto (Sobreexcitado);False;Normal;estable_con_apoyo|mayor_actividad;False;Hipersensible Gustativo y Olfativo;0;2;0;0;0;0;0;8.1;1;1.0;0.25;0.98;0
RPR-00533;SYN-010;2026-06-11;2026-06-11T20:00:00-04:00;;NORMAL;Reparador;9.6;Tranquilo/Alegre;Estable con Apoyo;Bajo (Letárgico);False;Normal;estable_con_apoyo;False;Hipersensible Gustativo y Olfativo;0;1;0;0;0;0;0;9.1;1;1.0;0.175;0.98;0
RPR-00534;SYN-010;2026-06-12;2026-06-12T20:00:00-04:00;;NORMAL;Reparador;9.6;Tranquilo/Alegre;Estable con Apoyo;Óptimo (Regulado);False;Estreñimiento;estable_con_apoyo;False;Hipersensible Gustativo y Olfativo;0;0;0;0;1;0;0;10.1;1;1.0;0.16;0.98;0
RPR-00535;SYN-010;2026-06-13;2026-06-13T20:00:00-04:00;;NORMAL;Interrumpido;9.5;Tranquilo/Alegre;Estable con Apoyo;Óptimo (Regulado);False;Normal;estable_con_apoyo;False;Hipersensible Gustativo y Olfativo;1;0;0;0;1;0;0;11.1;1;1.0;0.26;0.98;0
RPR-00536;SYN-010;2026-06-14;2026-06-14T20:00:00-04:00;;NORMAL;Reparador;9.8;Tranquilo/Alegre;Estable con Apoyo;Óptimo (Regulado);False;Normal;estable_con_apoyo;False;Hipersensible Gustativo y Olfativo;1;0;0;0;1;0;0;12.1;0;1.0;0.22;0.98;0
RPR-00537;SYN-010;2026-06-15;2026-06-15T20:00:00-04:00;;NORMAL;Reparador;10.3;Tranquilo/Alegre;Estable con Apoyo;Óptimo (Regulado);False;;estable_con_apoyo;False;Hipersensible Gustativo y Olfativo;1;0;0;0;0;0;0;13.1;0;0.928;0.16;0.928;0
RPR-00538;SYN-010;2026-06-16;2026-06-16T20:00:00-04:00;SCN-019;ACCUMULATION_NO_EVENT;Interrumpido;8.4;Cansado/Con Sueño;Estable con Apoyo;Óptimo (Regulado);False;Normal;regulado|irritabilidad|menor_tolerancia_frustracion;False;Hipersensible Gustativo y Olfativo;1;1;0;0;0;0;0;14.1;2;1.0;0.315;0.98;0
RPR-00539;SYN-010;2026-06-17;2026-06-17T20:00:00-04:00;SCN-019;ACCUMULATION_NO_EVENT;Interrumpido;8.1;Irritable/Llorando;Estable con Apoyo;Óptimo (Regulado);True;Normal;regulado|irritabilidad|menor_tolerancia_frustracion;False;Hipersensible Gustativo y Olfativo;2;2;0;1;0;0;0;15.1;3;1.0;0.69;0.98;0
RPR-00540;SYN-010;2026-06-18;2026-06-18T20:00:00-04:00;SCN-019;ACCUMULATION_NO_EVENT;Interrumpido;7.8;Irritable/Llorando;Estable con Apoyo;Alto (Sobreexcitado);True;Estreñimiento;regulado|irritabilidad|menor_tolerancia_frustracion;False;Hipersensible Gustativo y Olfativo;3;3;0;2;1;0;0;16.1;5;1.0;0.94;0.98;0
RPR-00541;SYN-010;2026-06-19;2026-06-19T20:00:00-04:00;SCN-019;ACCUMULATION_NO_EVENT;Interrumpido;7.5;Irritable/Llorando;Desregulación Frecuente;Alto (Sobreexcitado);True;Estreñimiento;regulado|irritabilidad|menor_tolerancia_frustracion|respuesta_a_evento_excepcional;True;Hipersensible Gustativo y Olfativo;3;3;1;3;2;1;0;17.1;7;1.0;0.94;0.98;0
RPR-00542;SYN-010;2026-06-20;2026-06-20T20:00:00-04:00;SCN-019;ACCUMULATION_NO_EVENT;Dificultad de Conciliación;7.2;Irritable/Llorando;Desregulación Frecuente;Alto (Sobreexcitado);True;Estreñimiento;estable_con_apoyo|irritabilidad|menor_tolerancia_frustracion;False;Hipersensible Gustativo y Olfativo;3;3;2;3;3;1;0;18.1;6;1.0;0.94;0.98;0
RPR-00543;SYN-010;2026-06-21;2026-06-21T20:00:00-04:00;;NORMAL;Interrumpido;7.8;Tranquilo/Alegre;Excelente;Óptimo (Regulado);False;Normal;regulado;False;Hipersensible Gustativo y Olfativo;3;2;2;2;2;1;0;19.1;1;1.0;0.94;0.98;0
RPR-00544;SYN-010;2026-06-22;2026-06-22T20:00:00-04:00;;NORMAL;Reparador;9.7;Tranquilo/Alegre;Excelente;Óptimo (Regulado);False;Normal;regulado;False;Hipersensible Gustativo y Olfativo;2;1;1;1;1;0;0;20.1;0;1.0;0.665;0.98;0
RPR-00545;SYN-010;2026-06-23;2026-06-23T20:00:00-04:00;;NORMAL;Reparador;9.6;Tranquilo/Alegre;Excelente;Óptimo (Regulado);False;Estreñimiento;regulado;False;Hipersensible Gustativo y Olfativo;1;0;0;0;1;0;0;21.1;1;1.0;0.26;0.98;0
RPR-00546;SYN-010;2026-06-24;2026-06-24T20:00:00-04:00;;NORMAL;Reparador;9.3;Tranquilo/Alegre;Excelente;Óptimo (Regulado);False;Normal;regulado|respuesta_a_evento_excepcional;True;Hipersensible Gustativo y Olfativo;0;0;0;0;1;1;0;22.1;1;1.0;0.26;0.98;0
RPR-00547;SYN-010;2026-06-25;2026-06-25T20:00:00-04:00;;NORMAL;Reparador;8.5;Tranquilo/Alegre;Estable con Apoyo;Óptimo (Regulado);False;Normal;estable_con_apoyo;False;Hipersensible Gustativo y Olfativo;0;0;0;0;1;1;0;23.1;0;1.0;0.22;0.98;0
RPR-00548;SYN-010;2026-06-26;2026-06-26T20:00:00-04:00;;NORMAL;Reparador;10.0;Tranquilo/Alegre;Desregulación Frecuente;Óptimo (Regulado);False;Normal;estable_con_apoyo;False;Hipersensible Gustativo y Olfativo;0;0;1;0;0;1;0;24.1;1;1.0;0.31;0.98;0
RPR-00549;SYN-010;2026-06-27;2026-06-27T20:00:00-04:00;;NORMAL;Reparador;8.8;Tranquilo/Alegre;Excelente;Óptimo (Regulado);False;Estreñimiento;regulado;False;Hipersensible Gustativo y Olfativo;0;0;1;0;1;0;0;25.1;1;1.0;0.27;0.98;0
RPR-00550;SYN-010;2026-06-28;2026-06-28T20:00:00-04:00;;NORMAL;Reparador;8.8;Tranquilo/Alegre;Estable con Apoyo;Bajo (Letárgico);False;Normal;estable_con_apoyo;False;Hipersensible Gustativo y Olfativo;0;0;1;0;1;0;0;26.1;1;1.0;0.27;0.98;0
RPR-00551;SYN-011;2026-05-05;2026-05-05T20:00:00-04:00;;NORMAL;Interrumpido;8.5;Tranquilo/Alegre;Estable con Apoyo;Óptimo (Regulado);False;Normal;estable_con_apoyo;False;Hipersensible Auditivo y Buscador Propioceptivo;2;0;0;0;1;0;0;;1;0.775;0.36;0.639;0
RPR-00552;SYN-011;2026-05-06;2026-05-06T20:00:00-04:00;;INCOMPLETE;;;;;;;;;;Hipersensible Auditivo y Buscador Propioceptivo;1;0;0;0;0;0;0;;0;0.125;0.16;0.15;0
RPR-00553;SYN-011;2026-05-07;2026-05-07T20:00:00-04:00;;NORMAL;Reparador;8.6;Tranquilo/Alegre;Excelente;Óptimo (Regulado);False;Normal;regulado;False;Hipersensible Auditivo y Buscador Propioceptivo;1;0;0;0;0;0;0;;0;0.8;0.16;0.688;0
RPR-00554;SYN-011;2026-05-08;2026-05-08T20:00:00-04:00;;NORMAL;Reparador;9.3;Tranquilo/Alegre;Desregulación Frecuente;Óptimo (Regulado);False;Normal;estable_con_apoyo;False;Hipersensible Auditivo y Buscador Propioceptivo;0;0;1;0;0;0;0;;1;0.825;0.21;0.738;0
RPR-00555;SYN-011;2026-05-09;2026-05-09T20:00:00-04:00;;NORMAL;Reparador;9.3;Tranquilo/Alegre;Estable con Apoyo;Óptimo (Regulado);False;Normal;estable_con_apoyo;False;Hipersensible Auditivo y Buscador Propioceptivo;0;0;1;0;0;0;0;;0;0.85;0.17;0.79;0
RPR-00556;SYN-011;2026-05-10;2026-05-10T20:00:00-04:00;SCN-020;GRADUAL_DETERIORATION_NO_EVENT;Reparador;9.8;Tranquilo/Alegre;Estable con Apoyo;Óptimo (Regulado);False;Normal;estable_con_apoyo;False;Hipersensible Auditivo y Buscador Propioceptivo;0;0;1;0;0;0;0;;0;0.875;0.17;0.844;0
RPR-00557;SYN-011;2026-05-11;2026-05-11T20:00:00-04:00;;INCOMPLETE;;;;;;;;;;Hipersensible Auditivo y Buscador Propioceptivo;0;0;0;0;0;0;0;;0;0.225;0.06;0.217;0
RPR-00558;SYN-011;2026-05-12;2026-05-12T20:00:00-04:00;SCN-020;GRADUAL_DETERIORATION_NO_EVENT;Interrumpido;8.2;Cansado/Con Sueño;Excelente;Bajo (Letárgico);False;Normal;regulado|cansancio;False;Hipersensible Auditivo y Buscador Propioceptivo;1;1;0;0;0;0;0;;3;0.9;0.355;0.9;0
RPR-00559;SYN-011;2026-05-13;2026-05-13T20:00:00-04:00;SCN-020;GRADUAL_DETERIORATION_NO_EVENT;Interrumpido;7.4;Irritable/Llorando;Estable con Apoyo;Bajo (Letárgico);False;Normal;estable_con_apoyo|cansancio|irritabilidad|menor_tolerancia_frustracion;False;Hipersensible Auditivo y Buscador Propioceptivo;2;2;0;0;0;0;0;;3;0.925;0.53;0.925;0
RPR-00560;SYN-011;2026-05-14;2026-05-14T20:00:00-04:00;SCN-020;GRADUAL_DETERIORATION_NO_EVENT;Interrumpido;6.4;Irritable/Llorando;Desregulación Frecuente;Alto (Sobreexcitado);False;Normal;regulado|irritabilidad|cansancio|menor_tolerancia_frustracion|mayor_actividad;False;Hipersensible Auditivo y Buscador Propioceptivo;3;3;1;0;0;0;0;;4;0.95;0.94;0.95;0
RPR-00561;SYN-011;2026-05-15;2026-05-15T20:00:00-04:00;;NORMAL;Reparador;8.9;Tranquilo/Alegre;Excelente;Óptimo (Regulado);True;Normal;regulado;False;Hipersensible Auditivo y Buscador Propioceptivo;2;2;1;1;0;0;0;;1;0.95;0.72;0.95;0
RPR-00562;SYN-011;2026-05-16;2026-05-16T20:00:00-04:00;;NORMAL;Reparador;8.2;Cansado/Con Sueño;Estable con Apoyo;Bajo (Letárgico);False;Estreñimiento;estable_con_apoyo|cansancio;False;Hipersensible Auditivo y Buscador Propioceptivo;1;2;1;1;1;0;0;;3;0.95;0.68;0.95;0
RPR-00563;SYN-011;2026-05-17;2026-05-17T20:00:00-04:00;;NORMAL;Reparador;9.3;Tranquilo/Alegre;Estable con Apoyo;Óptimo (Regulado);False;Normal;estable_con_apoyo;False;Hipersensible Auditivo y Buscador Propioceptivo;0;1;0;1;1;0;0;;0;0.95;0.275;0.95;0
RPR-00564;SYN-011;2026-05-18;2026-05-18T20:00:00-04:00;;NORMAL;Reparador;9.4;Irritable/Llorando;Excelente;Óptimo (Regulado);False;Normal;regulado|irritabilidad;False;Hipersensible Auditivo y Buscador Propioceptivo;0;2;0;0;1;0;0;;1;0.95;0.31;0.95;0
RPR-00565;SYN-011;2026-05-19;2026-05-19T20:00:00-04:00;;NORMAL;Reparador;9.4;Tranquilo/Alegre;Excelente;Óptimo (Regulado);False;Normal;regulado;False;Hipersensible Auditivo y Buscador Propioceptivo;0;1;0;0;0;0;0;;0;0.95;0.135;0.95;0
RPR-00566;SYN-011;2026-05-20;2026-05-20T20:00:00-04:00;;NORMAL;Interrumpido;9.3;Tranquilo/Alegre;Estable con Apoyo;Óptimo (Regulado);False;Estreñimiento;estable_con_apoyo;False;Hipersensible Auditivo y Buscador Propioceptivo;1;1;0;0;1;0;0;;2;0.975;0.375;0.975;0
RPR-00567;SYN-011;2026-05-21;2026-05-21T20:00:00-04:00;;NORMAL;Reparador;8.2;Tranquilo/Alegre;Excelente;Óptimo (Regulado);False;Estreñimiento;;False;Hipersensible Auditivo y Buscador Propioceptivo;1;0;0;0;2;0;0;;1;0.903;0.32;0.903;0
RPR-00568;SYN-011;2026-05-22;2026-05-22T20:00:00-04:00;;NORMAL;Reparador;8.9;Tranquilo/Alegre;Estable con Apoyo;Óptimo (Regulado);False;Normal;estable_con_apoyo;False;Hipersensible Auditivo y Buscador Propioceptivo;1;0;0;0;2;0;0;;0;0.975;0.28;0.975;0
RPR-00569;SYN-011;2026-05-23;2026-05-23T20:00:00-04:00;;NORMAL;Reparador;9.0;Irritable/Llorando;Estable con Apoyo;Óptimo (Regulado);False;Normal;estable_con_apoyo|irritabilidad;False;Hipersensible Auditivo y Buscador Propioceptivo;0;1;0;0;1;0;0;;1;0.975;0.235;0.975;0
RPR-00570;SYN-011;2026-05-24;2026-05-24T20:00:00-04:00;;NORMAL;Reparador;8.2;Tranquilo/Alegre;Estable con Apoyo;Óptimo (Regulado);False;Normal;estable_con_apoyo;False;Hipersensible Auditivo y Buscador Propioceptivo;0;1;0;0;0;0;0;;0;0.975;0.135;0.975;0
RPR-00571;SYN-011;2026-05-25;2026-05-25T20:00:00-04:00;;NORMAL;Reparador;9.3;Tranquilo/Alegre;Estable con Apoyo;Óptimo (Regulado);False;Normal;estable_con_apoyo;False;Hipersensible Auditivo y Buscador Propioceptivo;0;1;0;0;0;0;0;;0;1.0;0.135;0.98;0
RPR-00572;SYN-011;2026-05-26;2026-05-26T20:00:00-04:00;;NORMAL;Reparador;8.8;Irritable/Llorando;Estable con Apoyo;Óptimo (Regulado);False;Normal;estable_con_apoyo|irritabilidad;False;Hipersensible Auditivo y Buscador Propioceptivo;0;1;0;0;0;0;0;;1;1.0;0.175;0.98;0
RPR-00573;SYN-011;2026-05-27;2026-05-27T20:00:00-04:00;;NORMAL;Reparador;9.6;Tranquilo/Alegre;Excelente;Óptimo (Regulado);False;Normal;regulado;False;Hipersensible Auditivo y Buscador Propioceptivo;0;1;0;0;0;0;0;;0;1.0;0.135;0.98;0
RPR-00574;SYN-011;2026-05-28;2026-05-28T20:00:00-04:00;;NORMAL;Dificultad de Conciliación;9.4;Tranquilo/Alegre;Excelente;Óptimo (Regulado);False;Normal;regulado;False;Hipersensible Auditivo y Buscador Propioceptivo;1;1;0;0;0;0;0;;1;1.0;0.275;0.98;0
RPR-00575;SYN-011;2026-05-29;2026-05-29T20:00:00-04:00;;NORMAL;Reparador;8.5;Tranquilo/Alegre;Estable con Apoyo;Óptimo (Regulado);False;Normal;estable_con_apoyo;False;Hipersensible Auditivo y Buscador Propioceptivo;1;0;0;0;0;0;0;;0;1.0;0.16;0.98;0
RPR-00576;SYN-011;2026-05-30;2026-05-30T20:00:00-04:00;;NORMAL;Reparador;7.6;Tranquilo/Alegre;Desregulación Frecuente;Óptimo (Regulado);False;Normal;estable_con_apoyo;False;Hipersensible Auditivo y Buscador Propioceptivo;1;0;1;0;0;0;0;;1;1.0;0.31;0.98;0
RPR-00577;SYN-011;2026-05-31;2026-05-31T20:00:00-04:00;;NORMAL;Interrumpido;7.8;Irritable/Llorando;Estable con Apoyo;Bajo (Letárgico);False;Normal;estable_con_apoyo|irritabilidad;False;Hipersensible Auditivo y Buscador Propioceptivo;1;1;1;0;0;0;0;;3;1.0;0.465;0.98;0
RPR-00578;SYN-011;2026-06-01;2026-06-01T20:00:00-04:00;;NORMAL;Reparador;9.4;Tranquilo/Alegre;Estable con Apoyo;Óptimo (Regulado);False;Estreñimiento;estable_con_apoyo;False;Hipersensible Auditivo y Buscador Propioceptivo;1;1;1;0;1;0;0;;1;1.0;0.445;0.98;0
RPR-00579;SYN-011;2026-06-02;2026-06-02T20:00:00-04:00;;NORMAL;Reparador;8.6;Tranquilo/Alegre;Estable con Apoyo;Óptimo (Regulado);False;Normal;estable_con_apoyo;False;Hipersensible Auditivo y Buscador Propioceptivo;1;1;0;0;1;0;0;;0;1.0;0.295;0.98;0
RPR-00580;SYN-011;2026-06-03;2026-06-03T20:00:00-04:00;;NORMAL;Reparador;9.0;Tranquilo/Alegre;Estable con Apoyo;Óptimo (Regulado);False;Normal;estable_con_apoyo;False;Hipersensible Auditivo y Buscador Propioceptivo;0;0;0;0;1;0;0;;0;1.0;0.12;0.98;0
RPR-00581;SYN-011;2026-06-04;2026-06-04T20:00:00-04:00;;NORMAL;Reparador;8.9;Tranquilo/Alegre;Estable con Apoyo;Óptimo (Regulado);False;Normal;estable_con_apoyo;False;Hipersensible Auditivo y Buscador Propioceptivo;0;0;0;0;0;0;0;;0;1.0;0.06;0.98;0
RPR-00582;SYN-011;2026-06-05;2026-06-05T20:00:00-04:00;;INCOMPLETE;;;;;;;;;;Hipersensible Auditivo y Buscador Propioceptivo;0;0;0;0;0;0;0;;0;0.325;0.06;0.325;0
RPR-00583;SYN-011;2026-06-06;2026-06-06T20:00:00-04:00;SCN-021;INCOMPLETE_WITH_EVENT;Interrumpido;9.6;;;Óptimo (Regulado);;Normal;estable_con_apoyo|irritabilidad;False;Hipersensible Auditivo y Buscador Propioceptivo;1;0;0;0;0;0;0;;1;0.758;0.2;0.758;0
RPR-00584;SYN-011;2026-06-07;2026-06-07T20:00:00-04:00;SCN-021;INCOMPLETE_WITH_EVENT;Interrumpido;;;;Óptimo (Regulado);False;Normal;estable_con_apoyo|irritabilidad;False;Hipersensible Auditivo y Buscador Propioceptivo;2;0;0;0;0;0;0;;1;0.758;0.3;0.758;0
RPR-00585;SYN-011;2026-06-08;2026-06-08T20:00:00-04:00;;INCOMPLETE;;;;;;;;;;Hipersensible Auditivo y Buscador Propioceptivo;2;0;0;0;0;0;0;;0;0.3;0.26;0.3;0
RPR-00586;SYN-011;2026-06-09;2026-06-09T20:00:00-04:00;SCN-021;INCOMPLETE_WITH_EVENT;;9.4;Irritable/Llorando;;Óptimo (Regulado);True;Normal;;False;Hipersensible Auditivo y Buscador Propioceptivo;1;1;0;1;0;0;0;;2;0.733;0.395;0.733;1
RPR-00587;SYN-011;2026-06-10;2026-06-10T20:00:00-04:00;;NORMAL;Reparador;9.7;Cansado/Con Sueño;Estable con Apoyo;Óptimo (Regulado);False;Diarrea;estable_con_apoyo|cansancio;False;Hipersensible Auditivo y Buscador Propioceptivo;0;2;0;1;1;0;1;0.4;2;0.95;0.485;0.95;0
RPR-00588;SYN-011;2026-06-11;2026-06-11T20:00:00-04:00;;NORMAL;Reparador;8.7;Tranquilo/Alegre;Desregulación Frecuente;Óptimo (Regulado);False;Estreñimiento;estable_con_apoyo;False;Hipersensible Auditivo y Buscador Propioceptivo;0;2;1;1;2;0;1;1.4;2;0.95;0.655;0.95;0
RPR-00589;SYN-011;2026-06-12;2026-06-12T20:00:00-04:00;;NORMAL;Reparador;8.4;Tranquilo/Alegre;Estable con Apoyo;Óptimo (Regulado);False;Normal;estable_con_apoyo;False;Hipersensible Auditivo y Buscador Propioceptivo;0;1;1;0;2;0;1;2.4;0;0.95;0.42;0.95;0
RPR-00590;SYN-011;2026-06-13;2026-06-13T20:00:00-04:00;;NORMAL;Reparador;9.6;Tranquilo/Alegre;Estable con Apoyo;Óptimo (Regulado);False;Normal;estable_con_apoyo;False;Hipersensible Auditivo y Buscador Propioceptivo;0;0;1;0;1;0;1;3.4;0;0.95;0.285;0.95;0
RPR-00591;SYN-011;2026-06-14;2026-06-14T20:00:00-04:00;;NORMAL;Reparador;9.0;Tranquilo/Alegre;Estable con Apoyo;Óptimo (Regulado);False;Normal;estable_con_apoyo;False;Hipersensible Auditivo y Buscador Propioceptivo;0;0;0;0;0;0;1;4.4;0;0.95;0.115;0.95;0
RPR-00592;SYN-011;2026-06-15;2026-06-15T20:00:00-04:00;;NORMAL;Reparador;8.9;Tranquilo/Alegre;Excelente;Óptimo (Regulado);False;Normal;regulado;False;Hipersensible Auditivo y Buscador Propioceptivo;0;0;0;0;0;0;1;5.4;0;0.95;0.115;0.95;0
RPR-00593;SYN-011;2026-06-16;2026-06-16T20:00:00-04:00;;NORMAL;Reparador;8.0;Tranquilo/Alegre;Estable con Apoyo;Óptimo (Regulado);False;Diarrea;estable_con_apoyo;False;Hipersensible Auditivo y Buscador Propioceptivo;0;0;0;0;1;0;1;6.4;1;0.95;0.215;0.95;0
RPR-00594;SYN-011;2026-06-17;2026-06-17T20:00:00-04:00;;NORMAL;Interrumpido;10.3;Cansado/Con Sueño;Excelente;Óptimo (Regulado);True;Normal;regulado|cansancio;False;Hipersensible Auditivo y Buscador Propioceptivo;1;1;0;1;1;0;0;7.4;3;0.95;0.495;0.95;0
RPR-00595;SYN-011;2026-06-18;2026-06-18T20:00:00-04:00;;NORMAL;Interrumpido;9.0;Tranquilo/Alegre;Estable con Apoyo;Bajo (Letárgico);False;Estreñimiento;estable_con_apoyo;False;Hipersensible Auditivo y Buscador Propioceptivo;2;1;0;1;2;0;0;8.4;3;0.95;0.735;0.95;0
RPR-00596;SYN-011;2026-06-19;2026-06-19T20:00:00-04:00;;NORMAL;Interrumpido;10.0;Tranquilo/Alegre;Estable con Apoyo;Óptimo (Regulado);False;Normal;estable_con_apoyo;False;Hipersensible Auditivo y Buscador Propioceptivo;3;1;0;1;1;0;0;9.4;1;0.975;0.695;0.975;0
RPR-00597;SYN-011;2026-06-20;2026-06-20T20:00:00-04:00;;NORMAL;Reparador;9.0;Tranquilo/Alegre;Excelente;Óptimo (Regulado);False;Normal;regulado;False;Hipersensible Auditivo y Buscador Propioceptivo;2;0;0;0;1;0;0;10.4;0;0.975;0.32;0.975;0
RPR-00598;SYN-011;2026-06-21;2026-06-21T20:00:00-04:00;;NORMAL;Reparador;9.5;Tranquilo/Alegre;Estable con Apoyo;Óptimo (Regulado);False;Normal;estable_con_apoyo;False;Hipersensible Auditivo y Buscador Propioceptivo;1;0;0;0;0;0;0;11.4;0;0.975;0.16;0.975;0
RPR-00599;SYN-011;2026-06-22;2026-06-22T20:00:00-04:00;;NORMAL;Interrumpido;8.7;Irritable/Llorando;Excelente;Óptimo (Regulado);False;Normal;regulado|irritabilidad;False;Hipersensible Auditivo y Buscador Propioceptivo;1;1;0;0;0;0;0;12.4;2;1.0;0.315;0.98;0
RPR-00600;SYN-011;2026-06-23;2026-06-23T20:00:00-04:00;;NORMAL;Dificultad de Conciliación;8.9;Irritable/Llorando;Desregulación Frecuente;Óptimo (Regulado);False;Normal;estable_con_apoyo|irritabilidad;False;Hipersensible Auditivo y Buscador Propioceptivo;2;2;1;0;0;0;0;13.4;3;1.0;0.64;0.98;0
RPR-00601;SYN-011;2026-06-24;2026-06-24T20:00:00-04:00;;NORMAL;Interrumpido;7.3;Tranquilo/Alegre;Excelente;Óptimo (Regulado);False;Normal;regulado;False;Hipersensible Auditivo y Buscador Propioceptivo;3;2;1;0;0;0;0;14.4;1;1.0;0.66;0.98;0
RPR-00602;SYN-011;2026-06-25;2026-06-25T20:00:00-04:00;;NORMAL;Dificultad de Conciliación;9.7;Tranquilo/Alegre;Excelente;Óptimo (Regulado);False;Normal;regulado;False;Hipersensible Auditivo y Buscador Propioceptivo;3;1;1;0;0;0;0;15.4;1;1.0;0.585;0.98;0
RPR-00603;SYN-011;2026-06-26;2026-06-26T20:00:00-04:00;;NORMAL;Reparador;9.6;Tranquilo/Alegre;Excelente;Óptimo (Regulado);True;Normal;regulado;False;Hipersensible Auditivo y Buscador Propioceptivo;2;0;0;1;0;0;0;16.4;1;1.0;0.46;0.98;0
RPR-00604;SYN-011;2026-06-27;2026-06-27T20:00:00-04:00;;NORMAL;Reparador;9.0;Tranquilo/Alegre;Excelente;Óptimo (Regulado);False;Normal;regulado|respuesta_a_evento_excepcional;True;Hipersensible Auditivo y Buscador Propioceptivo;1;0;0;1;0;1;0;17.4;1;1.0;0.38;0.98;0
RPR-00605;SYN-011;2026-06-28;2026-06-28T20:00:00-04:00;;NORMAL;Interrumpido;9.9;Tranquilo/Alegre;Estable con Apoyo;;False;Normal;estable_con_apoyo;False;Hipersensible Auditivo y Buscador Propioceptivo;1;0;0;1;0;1;0;18.4;1;0.928;0.38;0.928;0
RPR-00606;SYN-012;2026-05-05;2026-05-05T20:00:00-04:00;;NORMAL;Reparador;9.4;Tranquilo/Alegre;Estable con Apoyo;Alto (Sobreexcitado);False;Normal;estable_con_apoyo|mayor_actividad;False;Buscador Vestibular y Sensibilidad Táctil;1;0;1;0;0;0;0;;1;0.775;0.31;0.639;0
RPR-00607;SYN-012;2026-05-06;2026-05-06T20:00:00-04:00;SCN-022;ACCUMULATION_WITH_EVENT;Interrumpido;7.4;Cansado/Con Sueño;Estable con Apoyo;Óptimo (Regulado);False;Normal;estable_con_apoyo|irritabilidad|menor_tolerancia_frustracion;False;Buscador Vestibular y Sensibilidad Táctil;2;1;0;0;0;0;0;;2;0.8;0.415;0.688;0
RPR-00608;SYN-012;2026-05-07;2026-05-07T20:00:00-04:00;SCN-022;ACCUMULATION_WITH_EVENT;Interrumpido;7.1;Irritable/Llorando;Estable con Apoyo;Óptimo (Regulado);True;Normal;estable_con_apoyo|irritabilidad|menor_tolerancia_frustracion;False;Buscador Vestibular y Sensibilidad Táctil;2;2;0;1;0;0;0;;3;0.825;0.69;0.738;0
RPR-00609;SYN-012;2026-05-08;2026-05-08T20:00:00-04:00;SCN-022;ACCUMULATION_WITH_EVENT;Interrumpido;6.8;Irritable/Llorando;Estable con Apoyo;Alto (Sobreexcitado);True;Estreñimiento;estable_con_apoyo|irritabilidad|menor_tolerancia_frustracion;False;Buscador Vestibular y Sensibilidad Táctil;3;3;0;2;1;0;0;;5;0.85;0.94;0.79;0
RPR-00610;SYN-012;2026-05-09;2026-05-09T20:00:00-04:00;SCN-022;ACCUMULATION_WITH_EVENT;Interrumpido;6.5;Irritable/Llorando;Desregulación Frecuente;Alto (Sobreexcitado);True;Estreñimiento;regulado|irritabilidad|menor_tolerancia_frustracion|respuesta_a_evento_excepcional;True;Buscador Vestibular y Sensibilidad Táctil;3;3;1;3;2;1;0;;7;0.875;0.94;0.844;0
RPR-00611;SYN-012;2026-05-10;2026-05-10T20:00:00-04:00;SCN-022;ACCUMULATION_WITH_EVENT;Dificultad de Conciliación;6.2;Irritable/Llorando;Desregulación Frecuente;Alto (Sobreexcitado);True;Estreñimiento;estable_con_apoyo|irritabilidad|menor_tolerancia_frustracion;False;Buscador Vestibular y Sensibilidad Táctil;3;3;2;3;3;1;0;;6;0.9;0.94;0.9;1
RPR-00612;SYN-012;2026-05-11;2026-05-11T20:00:00-04:00;;NORMAL;Reparador;9.1;Tranquilo/Alegre;Estable con Apoyo;Bajo (Letárgico);False;Normal;estable_con_apoyo;False;Buscador Vestibular y Sensibilidad Táctil;2;2;2;2;2;1;1;0.3;1;0.925;0.94;0.925;0
RPR-00613;SYN-012;2026-05-12;2026-05-12T20:00:00-04:00;;NORMAL;Reparador;8.5;Tranquilo/Alegre;Estable con Apoyo;Óptimo (Regulado);False;Normal;estable_con_apoyo;False;Buscador Vestibular y Sensibilidad Táctil;1;1;1;1;1;0;1;1.3;0;0.95;0.54;0.95;0
RPR-00614;SYN-012;2026-05-13;2026-05-13T20:00:00-04:00;;NORMAL;Reparador;8.6;Tranquilo/Alegre;Estable con Apoyo;Óptimo (Regulado);True;Normal;estable_con_apoyo;False;Buscador Vestibular y Sensibilidad Táctil;0;0;0;1;0;0;1;2.3;1;0.975;0.235;0.975;0
RPR-00615;SYN-012;2026-05-14;2026-05-14T20:00:00-04:00;;NORMAL;Reparador;9.5;Tranquilo/Alegre;Estable con Apoyo;Óptimo (Regulado);False;Normal;estable_con_apoyo;False;Buscador Vestibular y Sensibilidad Táctil;0;0;0;1;0;0;1;3.3;0;1.0;0.195;0.98;0
RPR-00616;SYN-012;2026-05-15;2026-05-15T20:00:00-04:00;;NORMAL;Reparador;8.6;Tranquilo/Alegre;Estable con Apoyo;Alto (Sobreexcitado);False;Normal;estable_con_apoyo|mayor_actividad;False;Buscador Vestibular y Sensibilidad Táctil;0;0;0;1;0;0;1;4.3;1;1.0;0.235;0.98;0
RPR-00617;SYN-012;2026-05-16;2026-05-16T20:00:00-04:00;;NORMAL;Reparador;8.4;Tranquilo/Alegre;Excelente;Óptimo (Regulado);False;Normal;regulado;False;Buscador Vestibular y Sensibilidad Táctil;0;0;0;0;0;0;1;5.3;0;1.0;0.115;0.98;0
RPR-00618;SYN-012;2026-05-17;2026-05-17T20:00:00-04:00;;NORMAL;Reparador;8.7;Tranquilo/Alegre;Estable con Apoyo;Óptimo (Regulado);False;Normal;estable_con_apoyo;False;Buscador Vestibular y Sensibilidad Táctil;0;0;0;0;0;0;1;6.3;0;1.0;0.115;0.98;0
RPR-00619;SYN-012;2026-05-18;2026-05-18T20:00:00-04:00;;NORMAL;Reparador;8.6;Tranquilo/Alegre;Estable con Apoyo;Bajo (Letárgico);False;Normal;estable_con_apoyo;False;Buscador Vestibular y Sensibilidad Táctil;0;0;0;0;0;0;0;7.3;1;1.0;0.1;0.98;0
RPR-00620;SYN-012;2026-05-19;2026-05-19T20:00:00-04:00;;NORMAL;Reparador;8.3;Cansado/Con Sueño;Estable con Apoyo;Óptimo (Regulado);False;Estreñimiento;estable_con_apoyo|cansancio;False;Buscador Vestibular y Sensibilidad Táctil;0;1;0;0;1;0;0;8.3;2;1.0;0.275;0.98;0
RPR-00621;SYN-012;2026-05-20;2026-05-20T20:00:00-04:00;;NORMAL;Dificultad de Conciliación;8.2;Tranquilo/Alegre;Estable con Apoyo;Óptimo (Regulado);False;Normal;estable_con_apoyo;False;Buscador Vestibular y Sensibilidad Táctil;1;1;0;0;1;0;0;9.3;1;1.0;0.335;0.98;0
RPR-00622;SYN-012;2026-05-21;2026-05-21T20:00:00-04:00;;NORMAL;Interrumpido;8.4;Tranquilo/Alegre;Estable con Apoyo;Óptimo (Regulado);False;Normal;estable_con_apoyo|respuesta_a_evento_excepcional;True;Buscador Vestibular y Sensibilidad Táctil;2;1;0;0;1;1;0;10.3;2;1.0;0.575;0.98;0
RPR-00623;SYN-012;2026-05-22;2026-05-22T20:00:00-04:00;;NORMAL;Reparador;8.5;Tranquilo/Alegre;Estable con Apoyo;Óptimo (Regulado);False;Normal;estable_con_apoyo;False;Buscador Vestibular y Sensibilidad Táctil;2;0;0;0;0;1;0;11.3;0;1.0;0.36;0.98;0
RPR-00624;SYN-012;2026-05-23;2026-05-23T20:00:00-04:00;;INCOMPLETE;;;;;;;;;;Buscador Vestibular y Sensibilidad Táctil;1;0;0;0;0;1;0;12.3;0;0.325;0.26;0.325;0
RPR-00625;SYN-012;2026-05-24;2026-05-24T20:00:00-04:00;;NORMAL;Reparador;9.2;Tranquilo/Alegre;Desregulación Frecuente;Óptimo (Regulado);False;Normal;estable_con_apoyo;False;Buscador Vestibular y Sensibilidad Táctil;0;0;1;0;0;0;0;13.3;1;0.975;0.21;0.975;0
RPR-00626;SYN-012;2026-05-25;2026-05-25T20:00:00-04:00;;NORMAL;Interrumpido;8.6;Tranquilo/Alegre;Estable con Apoyo;Alto (Sobreexcitado);False;Normal;estable_con_apoyo|mayor_actividad;False;Buscador Vestibular y Sensibilidad Táctil;1;0;1;0;0;0;0;14.3;2;0.975;0.35;0.975;0
RPR-00627;SYN-012;2026-05-26;2026-05-26T20:00:00-04:00;SCN-023;ROUTINE_CHANGE_NO_EVENT;Reparador;8.7;Tranquilo/Alegre;Excelente;;True;Normal;regulado|anticipacion_cambio;False;Buscador Vestibular y Sensibilidad Táctil;1;0;1;1;0;0;0;15.3;1;0.903;0.39;0.903;0
RPR-00628;SYN-012;2026-05-27;2026-05-27T20:00:00-04:00;SCN-023;ROUTINE_CHANGE_NO_EVENT;Interrumpido;7.8;Irritable/Llorando;Estable con Apoyo;Óptimo (Regulado);True;Normal;estable_con_apoyo|dificultad_transicion;False;Buscador Vestibular y Sensibilidad Táctil;2;1;0;2;0;0;0;16.3;3;0.975;0.695;0.975;0
RPR-00629;SYN-012;2026-05-28;2026-05-28T20:00:00-04:00;SCN-023;ROUTINE_CHANGE_NO_EVENT;Interrumpido;9.2;Tranquilo/Alegre;Estable con Apoyo;Óptimo (Regulado);True;Normal;estable_con_apoyo|dificultad_transicion;False;Buscador Vestibular y Sensibilidad Táctil;2;1;0;3;0;0;0;17.3;2;0.975;0.735;0.975;0
RPR-00630;SYN-012;2026-05-29;2026-05-29T20:00:00-04:00;SCN-023;ROUTINE_CHANGE_NO_EVENT;Reparador;8.4;Irritable/Llorando;Estable con Apoyo;Óptimo (Regulado);True;Estreñimiento;regulado|dificultad_transicion;False;Buscador Vestibular y Sensibilidad Táctil;2;2;0;3;1;0;0;18.3;3;0.975;0.91;0.975;0
RPR-00631;SYN-012;2026-05-30;2026-05-30T20:00:00-04:00;;NORMAL;Reparador;8.6;Tranquilo/Alegre;Estable con Apoyo;Óptimo (Regulado);False;Normal;estable_con_apoyo;False;Buscador Vestibular y Sensibilidad Táctil;1;1;0;2;1;0;0;19.3;0;0.975;0.455;0.975;0
RPR-00632;SYN-012;2026-05-31;2026-05-31T20:00:00-04:00;;NORMAL;Interrumpido;7.8;Cansado/Con Sueño;Excelente;Óptimo (Regulado);False;Normal;regulado|cansancio;False;Buscador Vestibular y Sensibilidad Táctil;1;2;0;1;1;0;0;20.3;2;0.975;0.53;0.975;0
RPR-00633;SYN-012;2026-06-01;2026-06-01T20:00:00-04:00;;NORMAL;Dificultad de Conciliación;8.4;Tranquilo/Alegre;Excelente;Óptimo (Regulado);False;Normal;regulado;False;Buscador Vestibular y Sensibilidad Táctil;2;1;0;0;0;0;0;21.3;1;0.975;0.375;0.975;0
RPR-00634;SYN-012;2026-06-02;2026-06-02T20:00:00-04:00;;NORMAL;Reparador;9.3;Tranquilo/Alegre;Excelente;Óptimo (Regulado);False;Normal;regulado;False;Buscador Vestibular y Sensibilidad Táctil;2;1;0;0;0;0;0;22.3;0;0.975;0.335;0.975;0
RPR-00635;SYN-012;2026-06-03;2026-06-03T20:00:00-04:00;;NORMAL;Interrumpido;7.6;Irritable/Llorando;Estable con Apoyo;Óptimo (Regulado);False;Normal;estable_con_apoyo|irritabilidad;False;Buscador Vestibular y Sensibilidad Táctil;2;1;0;0;0;0;0;23.3;2;0.975;0.415;0.975;0
RPR-00636;SYN-012;2026-06-04;2026-06-04T20:00:00-04:00;;NORMAL;Interrumpido;7.6;Tranquilo/Alegre;Excelente;Óptimo (Regulado);False;Normal;regulado;False;Buscador Vestibular y Sensibilidad Táctil;2;1;0;0;0;0;0;24.3;1;0.975;0.375;0.975;0
RPR-00637;SYN-012;2026-06-05;2026-06-05T20:00:00-04:00;;NORMAL;Reparador;8.7;Cansado/Con Sueño;Estable con Apoyo;Óptimo (Regulado);False;Normal;estable_con_apoyo|cansancio;False;Buscador Vestibular y Sensibilidad Táctil;2;2;0;0;0;0;0;25.3;1;0.975;0.45;0.975;0
RPR-00638;SYN-012;2026-06-06;2026-06-06T20:00:00-04:00;;NORMAL;Reparador;8.5;Tranquilo/Alegre;Excelente;Bajo (Letárgico);False;Normal;regulado;False;Buscador Vestibular y Sensibilidad Táctil;1;1;0;0;0;0;0;26.3;1;1.0;0.275;0.98;0
RPR-00639;SYN-012;2026-06-07;2026-06-07T20:00:00-04:00;;NORMAL;Reparador;8.7;Tranquilo/Alegre;Estable con Apoyo;Bajo (Letárgico);False;Normal;estable_con_apoyo;False;Buscador Vestibular y Sensibilidad Táctil;0;1;0;0;0;0;0;27.3;1;1.0;0.175;0.98;0
RPR-00640;SYN-012;2026-06-08;2026-06-08T20:00:00-04:00;;NORMAL;Reparador;8.5;Tranquilo/Alegre;Estable con Apoyo;Óptimo (Regulado);False;Normal;estable_con_apoyo;False;Buscador Vestibular y Sensibilidad Táctil;0;0;0;0;0;0;0;28.3;0;1.0;0.06;0.98;0
RPR-00641;SYN-012;2026-06-09;2026-06-09T20:00:00-04:00;;NORMAL;Reparador;8.2;Tranquilo/Alegre;Desregulación Frecuente;Óptimo (Regulado);False;Normal;estable_con_apoyo;False;Buscador Vestibular y Sensibilidad Táctil;0;0;1;0;0;0;0;29.3;1;1.0;0.21;0.98;0
RPR-00642;SYN-012;2026-06-10;2026-06-10T20:00:00-04:00;;NORMAL;Reparador;9.3;Tranquilo/Alegre;Estable con Apoyo;Óptimo (Regulado);False;Normal;estable_con_apoyo;False;Buscador Vestibular y Sensibilidad Táctil;0;0;1;0;0;0;0;30.3;0;1.0;0.17;0.98;0
RPR-00643;SYN-012;2026-06-11;2026-06-11T20:00:00-04:00;;NORMAL;Reparador;7.6;Tranquilo/Alegre;Desregulación Frecuente;Óptimo (Regulado);False;Normal;estable_con_apoyo;False;Buscador Vestibular y Sensibilidad Táctil;0;0;2;0;0;0;0;31.3;1;1.0;0.32;0.98;0
RPR-00644;SYN-012;2026-06-12;2026-06-12T20:00:00-04:00;;NORMAL;Reparador;8.6;Tranquilo/Alegre;Estable con Apoyo;Óptimo (Regulado);False;Normal;estable_con_apoyo;False;Buscador Vestibular y Sensibilidad Táctil;0;0;1;0;0;0;0;32.3;0;1.0;0.17;0.98;0
RPR-00645;SYN-012;2026-06-13;2026-06-13T20:00:00-04:00;;NORMAL;Reparador;8.5;Irritable/Llorando;Excelente;Óptimo (Regulado);False;Normal;regulado|irritabilidad;False;Buscador Vestibular y Sensibilidad Táctil;0;1;1;0;0;0;0;33.3;1;1.0;0.285;0.98;0
RPR-00646;SYN-012;2026-06-14;2026-06-14T20:00:00-04:00;;NORMAL;Reparador;8.5;Tranquilo/Alegre;Desregulación Frecuente;Óptimo (Regulado);False;Normal;estable_con_apoyo;False;Buscador Vestibular y Sensibilidad Táctil;0;1;1;0;0;0;0;34.3;1;1.0;0.285;0.98;0
RPR-00647;SYN-012;2026-06-15;2026-06-15T20:00:00-04:00;;NORMAL;Interrumpido;9.2;Tranquilo/Alegre;Estable con Apoyo;Óptimo (Regulado);False;Normal;estable_con_apoyo;False;Buscador Vestibular y Sensibilidad Táctil;1;1;1;0;0;0;0;35.3;1;1.0;0.385;0.98;0
RPR-00648;SYN-012;2026-06-16;2026-06-16T20:00:00-04:00;;NORMAL;Reparador;8.1;Tranquilo/Alegre;Excelente;Óptimo (Regulado);True;Normal;regulado|respuesta_a_evento_excepcional;True;Buscador Vestibular y Sensibilidad Táctil;1;0;1;1;0;1;0;36.3;2;1.0;0.53;0.98;0
RPR-00649;SYN-012;2026-06-17;2026-06-17T20:00:00-04:00;;NORMAL;Reparador;8.7;Tranquilo/Alegre;Estable con Apoyo;Óptimo (Regulado);False;Normal;estable_con_apoyo;False;Buscador Vestibular y Sensibilidad Táctil;1;0;0;1;0;1;0;37.3;0;1.0;0.34;0.98;0
RPR-00650;SYN-012;2026-06-18;2026-06-18T20:00:00-04:00;;NORMAL;Reparador;8.6;Tranquilo/Alegre;Excelente;Óptimo (Regulado);False;Normal;regulado;False;Buscador Vestibular y Sensibilidad Táctil;0;0;0;1;0;1;0;38.3;0;1.0;0.24;0.98;0
RPR-00651;SYN-012;2026-06-19;2026-06-19T20:00:00-04:00;;NORMAL;Reparador;8.2;Tranquilo/Alegre;Estable con Apoyo;Óptimo (Regulado);False;Normal;estable_con_apoyo;False;Buscador Vestibular y Sensibilidad Táctil;0;0;0;0;0;0;0;39.3;0;1.0;0.06;0.98;0
RPR-00652;SYN-012;2026-06-20;2026-06-20T20:00:00-04:00;;NORMAL;Reparador;9.0;Irritable/Llorando;Estable con Apoyo;Alto (Sobreexcitado);False;Estreñimiento;estable_con_apoyo|irritabilidad|mayor_actividad;False;Buscador Vestibular y Sensibilidad Táctil;0;1;0;0;1;0;0;40.3;3;1.0;0.315;0.98;0
RPR-00653;SYN-012;2026-06-21;2026-06-21T20:00:00-04:00;;NORMAL;Reparador;8.9;Tranquilo/Alegre;Estable con Apoyo;Bajo (Letárgico);True;Normal;estable_con_apoyo;False;Buscador Vestibular y Sensibilidad Táctil;0;1;0;1;1;0;0;41.3;2;1.0;0.355;0.98;0
RPR-00654;SYN-012;2026-06-22;2026-06-22T20:00:00-04:00;;NORMAL;Reparador;8.7;Tranquilo/Alegre;Desregulación Frecuente;Óptimo (Regulado);False;Normal;estable_con_apoyo;False;Buscador Vestibular y Sensibilidad Táctil;0;1;1;1;1;0;0;42.3;1;1.0;0.425;0.98;0
RPR-00655;SYN-012;2026-06-23;2026-06-23T20:00:00-04:00;;NORMAL;Dificultad de Conciliación;8.4;Tranquilo/Alegre;Excelente;Óptimo (Regulado);False;Normal;regulado;False;Buscador Vestibular y Sensibilidad Táctil;1;0;1;1;0;0;0;43.3;1;1.0;0.39;0.98;0
RPR-00656;SYN-012;2026-06-24;2026-06-24T20:00:00-04:00;;NORMAL;Reparador;7.6;Cansado/Con Sueño;Estable con Apoyo;Óptimo (Regulado);False;Normal;estable_con_apoyo|cansancio;False;Buscador Vestibular y Sensibilidad Táctil;1;1;1;0;0;0;0;44.3;1;1.0;0.385;0.98;0
RPR-00657;SYN-012;2026-06-25;2026-06-25T20:00:00-04:00;;NORMAL;Interrumpido;8.4;Irritable/Llorando;Estable con Apoyo;Óptimo (Regulado);False;Normal;estable_con_apoyo|irritabilidad;False;Buscador Vestibular y Sensibilidad Táctil;2;2;0;0;0;0;0;45.3;2;1.0;0.49;0.98;0
RPR-00658;SYN-012;2026-06-26;2026-06-26T20:00:00-04:00;;NORMAL;Reparador;8.8;Irritable/Llorando;Estable con Apoyo;Óptimo (Regulado);False;Normal;estable_con_apoyo|irritabilidad;False;Buscador Vestibular y Sensibilidad Táctil;1;3;0;0;0;0;0;46.3;1;1.0;0.425;0.98;0
RPR-00659;SYN-012;2026-06-27;2026-06-27T20:00:00-04:00;;NORMAL;Reparador;8.6;Tranquilo/Alegre;Desregulación Frecuente;Óptimo (Regulado);False;Normal;estable_con_apoyo;False;Buscador Vestibular y Sensibilidad Táctil;1;2;1;0;0;0;0;47.3;1;1.0;0.46;0.98;0
RPR-00660;SYN-012;2026-06-28;2026-06-28T20:00:00-04:00;;NORMAL;Reparador;9.0;Cansado/Con Sueño;Excelente;Óptimo (Regulado);False;Normal;regulado|cansancio;False;Buscador Vestibular y Sensibilidad Táctil;0;2;1;0;0;0;0;48.3;1;1.0;0.36;0.98;0
